DATE,PRICE,VOL
2025-08-14,203.51,0.103285
2025-08-15,202.79,0.165987
2025-08-16,202.79,0.000000
2025-08-17,202.79,0.000000
2025-08-18,202.79,0.000000
2025-08-19,199.99,8.588384
2025-08-20,199.99,0.000000
2025-08-21,199.99,0.000000
2025-08-22,201.49,0.024815
2025-08-23,201.49,0.000000
2025-08-24,201.49,0.000000
2025-08-25,207.53,109.059639
2025-08-26,205.86,80.747565
2025-08-27,207.53,139.080044
2025-08-28,211.99,0.023586
2025-08-29,212.47,10.303395
2025-08-30,212.47,0.000000
2025-08-31,212.47,0.000000
2025-09-01,212.47,0.000000
2025-09-02,214.60,61.240676
2025-09-03,229.64,130.963096
2025-09-04,232.35,15.665290
2025-09-05,233.85,7.616370
2025-09-06,233.85,0.000000
2025-09-07,233.85,0.000000
2025-09-08,233.98,94.701536
2025-09-09,239.95,7.615479
2025-09-10,239.31,54.066829
2025-09-11,240.07,412.454726
2025-09-12,240.55,125.108032
2025-09-13,240.55,0.000000
2025-09-14,240.55,0.000000
2025-09-15,252.50,110.673550
2025-09-16,251.43,56.193568
2025-09-17,251.77,48.712825
2025-09-18,251.02,20.975692
2025-09-19,253.35,139.749903
2025-09-20,253.35,0.000000
2025-09-21,253.35,0.000000
2025-09-22,253.27,446.871079
2025-09-23,252.40,19.666128
2025-09-24,247.61,78.270675
2025-09-25,247.04,292.532491
2025-09-26,246.58,238.040538
2025-09-27,246.58,0.000000
2025-09-28,246.58,0.000000
2025-09-29,243.17,967.429431
2025-09-30,243.05,612.117188
2025-10-01,244.61,1012.233884
2025-10-02,246.15,160.057039
2025-10-03,245.16,383.906659
2025-10-04,245.16,0.000000
2025-10-05,245.16,0.000000
2025-10-06,250.79,139.895315
2025-10-07,245.20,44.129004
2025-10-08,243.63,18.573133
2025-10-09,240.07,100.685650
2025-10-10,233.65,45.071111
2025-10-11,233.65,0.000000
2025-10-12,233.65,0.000000
2025-10-13,244.11,1251.315933
2025-10-14,245.55,798.353090
2025-10-15,250.89,462.561866
2025-10-16,250.65,45.048991
2025-10-17,254.53,572.190922
2025-10-18,254.53,0.000000
2025-10-19,254.53,0.000000
2025-10-20,257.70,150.600243
2025-10-21,253.50,2080.864142
2025-10-22,250.59,782.180161
2025-10-23,253.73,59.534154
2025-10-24,260.81,66.590740
2025-10-25,260.81,0.000000
2025-10-26,260.81,0.000000
2025-10-27,271.33,553.496122
2025-10-28,269.13,848.043206
2025-10-29,291.27,645.584327
2025-10-30,284.76,2204.671505
2025-10-31,281.63,604.831779
2025-11-01,281.63,0.000000
2025-11-02,281.63,0.000000
2025-11-03,284.48,426.641180
2025-11-04,274.22,775.585888
2025-11-05,288.08,342.279323
2025-11-06,279.57,60.617547
2025-11-07,286.78,98.717069
2025-11-08,286.78,0.000000
2025-11-09,286.78,0.000000
2025-11-10,289.75,117.099618
2025-11-11,297.42,179.532869
2025-11-12,288.12,99.553349
2025-11-13,285.90,252.875782
2025-11-14,286.03,419.321372
2025-11-15,276.62,0.822670
2025-11-16,276.62,0.000000
2025-11-17,284.54,764.381196
2025-11-18,329.38,1013.695458
2025-11-19,299.59,743.928463
2025-11-20,288.69,763.604242
2025-11-21,301.07,247.889229
2025-11-22,301.39,47.977236
2025-11-23,302.00,0.133379
2025-11-24,326.12,1181.093045
2025-11-25,324.55,275.192161
2025-11-26,319.75,493.077225
2025-11-27,322.73,1866.410158
2025-11-28,318.32,1712.952709
2025-11-29,345.36,0.636602
2025-11-30,322.79,0.023673
2025-12-01,317.63,2760.431445
2025-12-02,315.50,368.220716
2025-12-03,319.98,314.973739
2025-12-04,316.46,271.388135
2025-12-05,320.56,324.240986
2025-12-06,318.83,9.422945
2025-12-07,320.32,0.137373
2025-12-08,314.32,365.804314
2025-12-09,316.88,205.488826
2025-12-10,319.62,203.995452
2025-12-11,312.37,408.965155
2025-12-12,307.36,244.038593
2025-12-13,310.06,0.329834
2025-12-14,310.00,0.009235
2025-12-15,307.70,409.591963
2025-12-16,305.71,1215.015012
2025-12-17,296.09,203.367326
2025-12-18,301.79,144.047305
2025-12-19,307.08,272.281082
2025-12-20,308.70,0.729875
2025-12-21,308.57,0.060558
2025-12-22,309.56,640.058667
2025-12-23,314.57,199.348247
2025-12-24,313.39,76.973423
2025-12-25,315.13,4.132030
2025-12-26,311.31,110.615254
2025-12-27,314.22,8.047245
2025-12-28,310.51,19.511710
2025-12-29,312.65,198.349307
2025-12-30,313.98,74.928979
2025-12-31,312.23,210.226631
2026-01-01,311.80,0.614788
2026-01-02,314.78,91.949634
2026-01-03,313.16,0.207967
2026-01-04,314.61,0.106738
2026-01-05,316.54,100.613020
2026-01-06,313.86,68.840036
2026-01-07,321.96,363.544418
2026-01-08,325.16,1515.692554
2026-01-09,328.95,1278.704796
2026-01-10,333.50,16.805552
2026-01-11,331.46,1.059407
2026-01-12,331.73,383.161260
2026-01-13,336.43,117.115825
2026-01-14,335.01,1174.465537
2026-01-15,332.44,213.696575
2026-01-16,329.65,1813.164513
2026-01-17,327.78,25.462216
2026-01-18,330.17,0.027236
2026-01-19,325.78,25.640658
2026-01-20,318.59,752.966820
2026-01-21,328.75,285.776169
2026-01-22,330.42,701.965897
2026-01-23,325.45,371.029412
2026-01-24,329.24,0.548396
2026-01-25,324.55,1.125958
2026-01-26,333.14,131.209891
2026-01-27,334.35,306.365476
2026-01-28,341.99,497.487526
2026-01-29,337.01,157.497876
2026-01-30,336.92,559.550738
2026-01-31,334.26,75.491023
2026-02-01,336.87,37.449342
2026-02-02,344.53,674.500282
2026-02-03,341.02,806.156238
2026-02-04,327.76,1844.848575
2026-02-05,323.91,1325.250785
2026-02-06,323.89,1406.709221
2026-02-07,322.04,39.319651
2026-02-08,325.59,32.027368
2026-02-09,324.71,97.204317
2026-02-10,318.94,186.773809
2026-02-11,310.22,95.037219
2026-02-12,308.52,204.194652
2026-02-13,306.12,178.004289
2026-02-14,307.14,20.826241
2026-02-15,304.34,14.866524
2026-02-16,307.16,23.634065
2026-02-17,299.67,790.915699
2026-02-18,303.98,56.898665
2026-02-19,303.10,27.518428
2026-02-20,314.05,371.774826
2026-02-21,314.72,45.433564
2026-02-22,315.97,155.558101
2026-02-23,312.04,304.511331
2026-02-24,310.28,61.938402
2026-02-25,312.48,117.037076
2026-02-26,309.63,684.795573
2026-02-27,308.93,69.544512
2026-02-28,310.04,96.700409
2026-03-01,304.30,718.658317
2026-03-02,305.10,674.846536
2026-03-03,302.00,151.864956
2026-03-04,302.36,88.763297
2026-03-05,298.14,37.040252
2026-03-06,297.78,281.627105
2026-03-07,297.56,24.050464
2026-03-08,292.32,263.448049
2026-03-09,304.83,194.600380
2026-03-10,306.72,781.426581
2026-03-11,305.82,81.231288
2026-03-12,304.30,245.713445
2026-03-13,301.16,494.603872
2026-03-14,300.50,33.387576
2026-03-15,303.35,15.365638
2026-03-16,304.69,74.375356
2026-03-17,309.84,32.813879
2026-03-18,307.30,18.637699
2026-03-19,307.53,55.368953
2026-03-20,302.71,932.890887
2026-03-21,301.89,8.668572
2026-03-22,302.97,145.955444
2026-03-23,302.00,178.060688
2026-03-24,292.55,278.213243
2026-03-25,290.20,67.261662
2026-03-26,281.34,157.458239
2026-03-27,273.75,130.103984
2026-03-28,272.88,9.364485
2026-03-29,271.86,10.033593
2026-03-30,272.55,734.129333
2026-03-31,288.96,169.795748
2026-04-01,297.18,316.635174
2026-04-02,296.04,569.045051
2026-04-03,295.82,82.026229
2026-04-04,292.83,8.536403
2026-04-05,292.24,3.848623
2026-04-06,300.06,191.115208
2026-04-07,315.00,235.973307
2026-04-08,316.72,135.124524
2026-04-09,317.90,73.242452
2026-04-10,316.98,97.459291
2026-04-11,318.07,18.614076
2026-04-12,312.38,188.681136
2026-04-13,320.94,348.394764
2026-04-14,332.92,156.447741
2026-04-15,337.32,103.424357
2026-04-16,335.95,282.608858
2026-04-17,340.76,347.273596
2026-04-18,337.61,42.661518
2026-04-19,333.04,75.646576
2026-04-20,337.79,351.209275
2026-04-21,334.64,102.624833
2026-04-22,338.12,1650.022446
2026-04-23,338.53,462.523979
2026-04-24,343.75,1364.286545
2026-04-25,341.37,16.418017
2026-04-26,343.19,9.394243
2026-04-27,351.46,115.079878
2026-04-28,349.71,306.868766
2026-04-29,374.52,1056.583607
2026-04-30,384.65,421.418938
2026-05-01,384.70,857.185353
2026-05-02,385.76,17.757982
2026-05-03,385.74,153.457897
2026-05-04,382.46,454.366039
2026-05-05,395.13,397.062645
2026-05-06,396.95,1064.620408
2026-05-07,395.87,1050.725748
2026-05-08,399.59,1193.534256
2026-05-09,399.56,593.663555
2026-05-10,399.46,32.949282
2026-05-11,388.89,1199.024188
2026-05-12,389.94,287.320439
2026-05-13,402.94,256.323790
2026-05-14,400.52,1156.975342
2026-05-15,394.85,648.188424
2026-05-16,396.04,24.819756
2026-05-17,397.25,552.202370
2026-05-18,398.45,792.672192
2026-05-19,386.73,220.588569
2026-05-20,387.18,250.056274
2026-05-21,388.24,217.827505
2026-05-22,382.18,1756.082150
2026-05-23,384.35,83.171083
2026-05-24,385.62,27.773289
2026-05-25,387.09,558.864094
2026-05-26,388.22,311.685614
2026-05-27,388.82,438.907887
2026-05-28,389.00,266.519297
2026-05-29,379.85,140.189416
2026-05-30,383.06,80.759372
2026-05-31,383.51,69.747568
2026-06-01,370.13,1220.556127
2026-06-02,362.24,2270.459078
2026-06-03,357.63,511.314574
2026-06-04,370.61,413.333297
2026-06-05,365.13,319.657547
2026-06-06,364.04,96.031931
2026-06-07,366.83,57.108550
2026-06-08,362.07,345.195306
2026-06-09,363.08,1080.745187
2026-06-10,354.69,593.003883
2026-06-11,360.08,230.568701
2026-06-12,360.48,359.733092
2026-06-13,361.12,59.914201
2026-06-14,366.53,57.134538
2026-06-15,369.16,352.713053
2026-06-16,371.16,656.565001
2026-06-17,363.92,684.452442
2026-06-18,366.16,117.404278
2026-06-19,366.10,157.198950
2026-06-20,364.44,49.589115
2026-06-21,361.15,2.323976
2026-06-22,347.03,1354.092762
2026-06-23,348.35,217.629853
2026-06-24,342.34,433.142789
2026-06-25,343.14,378.153519
2026-06-26,338.68,551.418249
2026-06-27,340.53,17.046217
2026-06-28,341.12,162.994669
2026-06-29,352.95,101.372081
2026-06-30,356.92,328.520180
2026-07-01,360.08,66.968255
2026-07-02,358.82,99.574736
2026-07-03,359.77,11.039412
2026-07-04,358.91,5.345968
2026-07-05,360.59,14.601521
2026-07-06,366.05,77.493689
2026-07-07,366.89,143.177854
2026-07-08,360.76,55.924147
2026-07-09,357.18,157.542838
2026-07-10,356.62,79.433081
2026-07-11,358.94,14.395961
2026-07-12,356.01,12.428109
2026-07-13,352.07,245.301972
2026-07-14,358.71,154.616365
2026-07-15,371.59,211.594412
2026-07-16,357.81,465.903462
2026-07-17,346.38,370.901606
2026-07-18,345.84,84.758826
2026-07-19,349.01,90.489738
2026-07-20,353.53,1296.586015
2026-07-21,348.33,301.626056
2026-07-22,331.64,141.727666
2026-07-23,318.61,620.746192
2026-07-24,319.25,202.986449
2026-07-25,319.90,57.802177
2026-07-26,323.64,98.741413
2026-07-27,326.41,104.232289
2026-07-28,334.17,1496.325915
2026-07-29,335.23,42.859302
2026-07-30,333.96,200.787845
2026-07-31,353.40,598.842551
2026-08-01,352.05,61.757294
2026-08-02,357.45,13.487005
2026-08-03,370.55,196.284395
2026-08-04,379.21,350.711769
2026-08-05,364.27,557.232415
2026-08-06,358.50,693.434262
2026-08-07,354.19,257.980781
2026-08-08,356.39,326.865666
2026-08-09,356.31,58.767563
2026-08-10,356.87,271.309583
2026-08-11,345.58,595.858810
2026-08-12,343.72,93.349944
2026-08-13,346.25,653.625876
2026-08-14,346.72,29.425759
2026-08-15,347.63,6.018437
2026-08-16,348.39,51.003048
2026-08-17,343.62,175.012670
2026-08-18,343.65,52.094491
2026-08-19,344.57,213.751566
2026-08-20,340.66,642.056631
2026-08-21,345.38,280.660889
2026-08-22,344.58,202.922931
2026-08-23,346.47,68.304643
2026-08-24,347.86,178.751233
2026-08-25,346.99,83.066145
2026-08-26,342.70,41.825333
2026-08-27,340.39,124.986357
2026-08-28,345.39,97.772766
2026-08-29,345.48,3.240696
2026-08-30,344.25,21.407330
2026-08-31,339.44,296.975927
2026-09-01,336.56,292.748412
2026-09-02,337.13,266.451721
2026-09-03,342.33,251.666301
2026-09-04,338.96,284.997409
2026-09-05,339.39,12.671738
2026-09-06,338.33,28.518575
2026-09-07,338.02,27.755512
2026-09-08,338.90,587.499347
2026-09-09,330.69,878.930928
2026-09-10,331.60,943.544643
2026-09-11,338.26,1157.888043
2026-09-12,340.78,103.205799
2026-09-13,337.35,182.990650
2026-09-14,347.11,558.416087
2026-09-15,344.39,73.768605
2026-09-16,344.49,102.851782
2026-09-17,346.11,481.834806
2026-09-18,350.38,122.155236
2026-09-19,350.91,89.332187
2026-09-20,350.74,39.546077
2026-09-21,356.11,1167.793037
2026-09-22,352.47,625.167427
2026-09-23,339.26,1328.809152
2026-09-24,341.82,367.219635
2026-09-25,344.38,365.239922
2026-09-26,343.28,136.431430
2026-09-27,343.55,103.167626
2026-09-28,342.29,285.349797
2026-09-29,341.31,452.831879
2026-09-30,349.14,2757.120319
2026-10-01,339.13,1138.034271
2026-10-02,344.70,109.723253
