DATE,PRICE,VOL
2017-01-02,16.3898,
2017-01-03,15.3,
2017-01-04,17.40998,
2017-01-05,15.00327,
2017-01-06,13.19067,
2017-01-07,12.36,
2017-01-08,12.98707,
2017-01-09,12.76826,
2017-01-10,12.7589,
2017-01-11,11.24044,
2017-01-12,11.31848,
2017-01-13,10.8259,
2017-01-14,10.55179,
2017-01-15,10.16,
2017-01-16,10.14599,
2017-01-17,11.78496,
2017-01-18,11.31213,
2017-01-19,11.59898,
2017-01-20,11.10081,
2017-01-21,11.35902,
2017-01-22,11.40143,
2017-01-23,11.5041,
2017-01-24,10.98781,
2017-01-25,10.912,
2017-01-26,11.2653,
2017-01-27,11.445,
2017-01-28,12.02017,
2017-01-29,11.86186,
2017-01-30,11.89,
2017-01-31,12.0001,
2017-02-01,12.31,
2017-02-02,12.28094,
2017-02-03,11.70112,
2017-02-04,11.6201,
2017-02-05,11.77,
2017-02-06,11.8489,
2017-02-07,11.71,
2017-02-08,11.98103,
2017-02-09,11.78868,
2017-02-10,11.48098,
2017-02-11,11.59725,
2017-02-12,11.61,
2017-02-13,11.68977,
2017-02-14,12.29999,
2017-02-15,12.978,
2017-02-16,12.49621,
2017-02-17,12.69725,
2017-02-18,12.67581,
2017-02-19,12.32,
2017-02-20,11.43377,
2017-02-21,11.64,
2017-02-22,12.22129,
2017-02-23,12.101,
2017-02-24,11.35,
2017-02-25,11.2202,
2017-02-26,11.3891,
2017-02-27,11.33181,
2017-02-28,11.6772,
2017-03-01,11.61,
2017-03-02,12.48,
2017-03-03,13.16215,
2017-03-04,12.90001,
2017-03-05,14.13641,
2017-03-06,14.69566,
2017-03-07,12.8725,
2017-03-08,11.61992,
2017-03-09,12.41465,
2017-03-10,12.6,
2017-03-11,13.8,
2017-03-12,15.8,
2017-03-13,17.00999,
2017-03-14,16.58694,
2017-03-15,17.74251,
2017-03-16,20.51846,
2017-03-17,20.11001,
2017-03-18,18.2498,
2017-03-19,21.18351,
2017-03-20,20.40001,
2017-03-21,19.40812,
2017-03-22,19.4999,
2017-03-23,20.0513,
2017-03-24,19.66507,
2017-03-25,18.39496,
2017-03-26,17.85369,
2017-03-27,17.81,
2017-03-28,17.99,
2017-03-29,19.69999,
2017-03-30,18.55,
2017-03-31,18.81576,
2017-04-01,19.55342,
2017-04-02,18.38,
2017-04-03,18.66787,
2017-04-04,19.0,
2017-04-05,18.60825,
2017-04-06,18.11608,
2017-04-07,18.59053,
2017-04-08,19.51021,
2017-04-09,19.60617,
2017-04-10,20.80617,
2017-04-11,20.27001,
2017-04-12,20.50003,
2017-04-13,20.2,
2017-04-14,19.40742,
2017-04-15,19.39199,
2017-04-16,19.21032,
2017-04-17,19.2,
2017-04-18,19.46,
2017-04-19,19.00541,
2017-04-20,18.71,
2017-04-21,19.09965,
2017-04-22,18.63417,
2017-04-23,18.64146,
2017-04-24,18.15,
2017-04-25,18.09805,
2017-04-26,17.87,
2017-04-27,19.51096,
2017-04-28,20.49,
2017-04-29,20.96166,
2017-04-30,21.49955,
2017-05-01,20.00132,
2017-05-02,20.97737,
2017-05-03,23.2,
2017-05-04,23.41553,
2017-05-05,25.42299,
2017-05-06,26.02799,
2017-05-07,29.3746,
2017-05-08,26.97824,
2017-05-09,25.87828,
2017-05-10,27.84992,
2017-05-11,27.50358,
2017-05-12,26.63021,
2017-05-13,25.9826,
2017-05-14,26.17212,
2017-05-15,25.56304,
2017-05-16,24.3,
2017-05-17,24.50003,
2017-05-18,27.39748,
2017-05-19,28.5,
2017-05-20,31.1946,
2017-05-21,30.57452,
2017-05-22,31.87926,
2017-05-23,48.90012,
2017-05-24,39.00582,
2017-05-25,34.44996,
2017-05-26,34.71077,
2017-05-27,29.72838,
2017-05-28,32.60297,
2017-05-29,36.9,
2017-05-30,34.8,
2017-05-31,37.6153,
2017-06-01,38.9,
2017-06-02,39.83344,
2017-06-03,37.99988,
2017-06-04,38.01001,
2017-06-05,43.04692,
2017-06-06,48.7,
2017-06-07,47.38757,
2017-06-08,50.3,
2017-06-09,50.32294,
2017-06-10,45.59901,
2017-06-11,51.4,
2017-06-12,44.35939,
2017-06-13,45.66911,
2017-06-14,41.687,
2017-06-15,41.497,
2017-06-16,42.49137,
2017-06-17,46.8999,
2017-06-18,43.69906,
2017-06-19,44.99999,
2017-06-20,46.50986,
2017-06-21,43.65454,
2017-06-22,44.727,
2017-06-23,45.85935,
2017-06-24,42.44958,
2017-06-25,40.0,
2017-06-26,38.55524,
2017-06-27,38.359,
2017-06-28,41.34376,
2017-06-29,39.35201,
2017-06-30,38.11999,
2017-07-01,35.71956,
2017-07-02,37.44202,
2017-07-03,39.06125,
2017-07-04,40.3616,
2017-07-05,40.58486,
2017-07-06,44.19979,
2017-07-07,39.10499,
2017-07-08,40.76072,
2017-07-09,39.49571,
2017-07-10,35.20598,
2017-07-11,32.498,
2017-07-12,35.48518,
2017-07-13,33.77658,
2017-07-14,30.94969,
2017-07-15,27.95352,
2017-07-16,25.36605,
2017-07-17,30.45498,
2017-07-18,32.00795,
2017-07-19,30.74079,
2017-07-20,35.0,
2017-07-21,34.5803,
2017-07-22,38.17703,
2017-07-23,36.64227,
2017-07-24,39.164,
2017-07-25,35.36322,
2017-07-26,40.06,
2017-07-27,39.4,
2017-07-28,37.55001,
2017-07-29,37.56234,
2017-07-30,34.4,
2017-07-31,34.57221,
2017-08-01,37.65003,
2017-08-02,36.61537,
2017-08-03,37.16513,
2017-08-04,38.61621,
2017-08-05,41.48965,
2017-08-06,40.4833,
2017-08-07,42.72872,
2017-08-08,44.20002,
2017-08-09,43.63861,
2017-08-10,42.56511,
2017-08-11,43.20001,
2017-08-12,42.13619,
2017-08-13,40.52483,
2017-08-14,42.35059,
2017-08-15,41.43977,
2017-08-16,41.51656,
2017-08-17,40.70465,
2017-08-18,40.0,
2017-08-19,47.36,
2017-08-20,46.97732,
2017-08-21,63.48776,
2017-08-22,77.70217,
2017-08-23,78.68672,
2017-08-24,72.948,
2017-08-25,92.39,
2017-08-26,114.53001,
2017-08-27,108.25379,
2017-08-28,122.91,
2017-08-29,111.05,
2017-08-30,111.9992,
2017-08-31,118.2,
2017-09-01,120.5988,
2017-09-02,106.0117,
2017-09-03,107.7999,
2017-09-04,93.3201,
2017-09-05,104.7001,
2017-09-06,104.98,
2017-09-07,102.19,
2017-09-08,99.73,
2017-09-09,97.75,
2017-09-10,95.0,
2017-09-11,94.44,
2017-09-12,93.76,
2017-09-13,92.49,
2017-09-14,73.82,
2017-09-15,84.9,
2017-09-16,81.64,
2017-09-17,79.5,
2017-09-18,86.55,
2017-09-19,82.21,
2017-09-20,80.3,
2017-09-21,72.42,
2017-09-22,73.71,
2017-09-23,77.2,
2017-09-24,75.54,
2017-09-25,79.85,
2017-09-26,79.18,
2017-09-27,87.05,
2017-09-28,83.35,
2017-09-29,79.83,
2017-09-30,81.0,
2017-10-01,78.54,
2017-10-02,77.79,
2017-10-03,79.05,
2017-10-04,77.13,
2017-10-05,78.19,
2017-10-06,77.27,
2017-10-07,78.04,
2017-10-08,76.04,
2017-10-09,72.1,
2017-10-10,72.79,
2017-10-11,73.83,
2017-10-12,72.98,
2017-10-13,79.0,
2017-10-14,83.5,
2017-10-15,79.67,
2017-10-16,80.34,
2017-10-17,76.96,
2017-10-18,76.19,
2017-10-19,75.3,
2017-10-20,76.33,
2017-10-21,74.48,
2017-10-22,73.41,
2017-10-23,72.67,
2017-10-24,75.8,
2017-10-25,74.6,
2017-10-26,75.98,
2017-10-27,75.06,
2017-10-28,73.96,
2017-10-29,75.62,
2017-10-30,76.4,
2017-10-31,75.87,
2017-11-01,73.26,
2017-11-02,71.6,
2017-11-03,75.5,
2017-11-04,74.49,
2017-11-05,74.7,
2017-11-06,86.4,
2017-11-07,85.89,
2017-11-08,98.0,
2017-11-09,103.71,
2017-11-10,89.28,
2017-11-11,100.64,
2017-11-12,104.92,
2017-11-13,105.11,
2017-11-14,105.3,
2017-11-15,103.41,
2017-11-16,102.0,
2017-11-17,107.3,
2017-11-18,113.38,
2017-11-19,109.06,
2017-11-20,114.98,
2017-11-21,119.6,
2017-11-22,141.2,
2017-11-23,135.61,
2017-11-24,134.95,
2017-11-25,139.82,
2017-11-26,131.32,
2017-11-27,140.23,
2017-11-28,164.0,
2017-11-29,140.47,
2017-11-30,149.24,
2017-12-01,157.46,
2017-12-02,164.62,
2017-12-03,161.95,
2017-12-04,168.41,
2017-12-05,209.7,
2017-12-06,213.4,
2017-12-07,218.0,
2017-12-08,221.25,
2017-12-09,212.25,
2017-12-10,198.85,
2017-12-11,219.11,
2017-12-12,239.0,
2017-12-13,248.19,
2017-12-14,265.0,
2017-12-15,259.95,
2017-12-16,272.3,
2017-12-17,282.02,
2017-12-18,311.52,
2017-12-19,311.95,
2017-12-20,395.76,
2017-12-21,336.95,
2017-12-22,288.84,
2017-12-23,303.03,
2017-12-24,288.93,
2017-12-25,287.78,
2017-12-26,304.97,
2017-12-27,316.0,
2017-12-28,300.66,
2017-12-29,298.37,
2017-12-30,261.08,
2017-12-31,287.65,
2018-01-01,288.4,
2018-01-02,304.0,
2018-01-03,320.21,
2018-01-04,313.23,
2018-01-05,299.09,
2018-01-06,323.1,
2018-01-07,326.0,
2018-01-08,338.95,
2018-01-09,343.57,
2018-01-10,338.31,
2018-01-11,309.0,
2018-01-13,340.02,
2018-01-14,326.11,
2018-01-15,336.91,
2018-01-16,260.0,
2018-01-17,263.71,
2018-01-18,262.72,
2018-01-19,304.63,
2018-01-20,315.05,
2018-01-21,286.76,
2018-01-22,257.49,
2018-01-23,250.9,
2018-01-24,258.3,
2018-01-25,255.3,
2018-01-26,261.5,
2018-01-27,258.67,
2018-01-28,263.9,
2018-01-29,252.08,
2018-01-30,218.92,
2018-01-31,216.56,
2018-02-01,190.1,
2018-02-02,189.32,
2018-02-03,204.2,
2018-02-04,173.14,
2018-02-05,140.54,
2018-02-06,169.35,
2018-02-07,166.07,
2018-02-08,202.17,
2018-02-09,210.4,
2018-02-10,201.78,
2018-02-11,185.7,
2018-02-12,201.33,
2018-02-13,188.26,
2018-02-14,219.8,
2018-02-15,238.67,
2018-02-16,237.5,
2018-02-17,259.86,
2018-02-18,237.56,
2018-02-19,253.8,
2018-02-20,241.41,
2018-02-21,249.01,
2018-02-22,222.58,
2018-02-23,226.99,
2018-02-24,217.21,
2018-02-25,225.1,
2018-02-26,235.7,
2018-02-27,244.63,
2018-02-28,232.73,
2018-03-01,253.04,
2018-03-02,278.66,
2018-03-03,282.5,
2018-03-04,297.7,
2018-03-05,296.94,
2018-03-06,274.95,
2018-03-07,271.52,
2018-03-08,223.43,
2018-03-09,232.0,
2018-03-10,206.0,
2018-03-11,227.91,
2018-03-12,207.99,
2018-03-13,199.5,
2018-03-14,173.13,
2018-03-15,173.1,
2018-03-16,175.33,
2018-03-17,159.51,
2018-03-18,169.06,
2018-03-19,175.92,
2018-03-20,183.37,
2018-03-21,176.55,
2018-03-22,171.45,
2018-03-23,174.44,
2018-03-24,168.07,
2018-03-25,171.0,
2018-03-26,158.0,
2018-03-27,151.5,
2018-03-28,161.3,
2018-03-29,142.44,
2018-03-30,139.15,
2018-03-31,144.6,
2018-04-01,141.49,
2018-04-02,143.26,
2018-04-03,153.72,
2018-04-04,138.17,
2018-04-05,140.19,
2018-04-06,131.51,
2018-04-07,137.69,
2018-04-08,141.68,
2018-04-09,135.04,
2018-04-10,134.0,
2018-04-11,136.5,
2018-04-12,155.72,
2018-04-13,152.47,
2018-04-14,154.61,
2018-04-15,162.3,
2018-04-16,156.79,
2018-04-17,157.99,
2018-04-18,185.55,
2018-04-19,192.26,
2018-04-20,221.64,
2018-04-21,208.58,
2018-04-22,218.94,
2018-04-23,230.96,
2018-04-24,241.31,
2018-04-25,210.43,
2018-04-26,220.73,
2018-04-27,208.14,
2018-04-28,214.55,
2018-04-29,211.0,
2018-04-30,199.25,
2018-05-01,198.84,
2018-05-02,207.3,
2018-05-03,204.18,
2018-05-04,201.1,
2018-05-05,200.75,
2018-05-06,195.51,
2018-05-07,195.17,
2018-05-08,187.98,
2018-05-09,191.28,
2018-05-10,182.0,
2018-05-11,164.17,
2018-05-12,168.21,
2018-05-13,173.38,
2018-05-14,177.96,
2018-05-15,171.9,
2018-05-16,167.67,
2018-05-17,162.17,
2018-05-18,174.43,
2018-05-19,167.5,
2018-05-20,172.44,
2018-05-21,167.98,
2018-05-22,149.02,
2018-05-23,144.29,
2018-05-24,146.38,
2018-05-25,141.13,
2018-05-26,141.76,
2018-05-27,141.56,
2018-05-28,128.35,
2018-05-29,136.35,
2018-05-30,132.66,
2018-05-31,132.83,
2018-06-01,134.8,
2018-06-02,139.29,
2018-06-03,144.79,
2018-06-04,136.41,
2018-06-05,141.88,
2018-06-06,139.19,
2018-06-07,138.7,
2018-06-08,134.77,
2018-06-09,131.37,
2018-06-10,118.16,
2018-06-11,117.17,
2018-06-12,106.4,
2018-06-13,103.08,
2018-06-14,114.72,
2018-06-15,104.71,
2018-06-16,108.79,
2018-06-17,106.29,
2018-06-18,109.22,
2018-06-19,108.67,
2018-06-20,106.08,
2018-06-21,106.16,
2018-06-22,95.11,
2018-06-23,98.71,
2018-06-24,103.86,
2018-06-25,108.13,
2018-06-26,103.28,
2018-06-27,110.96,
2018-06-28,100.68,
2018-06-29,108.38,
2018-06-30,111.27,
2018-07-01,110.93,
2018-07-02,120.54,
2018-07-03,118.38,
2018-07-04,118.0,
2018-07-05,117.88,
2018-07-06,113.21,
2018-07-07,114.28,
2018-07-08,117.45,
2018-07-09,115.0,
2018-07-10,103.15,
2018-07-11,107.0,
2018-07-12,103.48,
2018-07-13,104.91,
2018-07-14,105.33,
2018-07-15,106.0,
2018-07-16,115.47,
2018-07-17,123.15,
2018-07-18,119.46,
2018-07-19,119.65,
2018-07-20,110.49,
2018-07-21,112.75,
2018-07-22,109.01,
2018-07-23,114.56,
2018-07-24,126.79,
2018-07-25,121.29,
2018-07-26,117.39,
2018-07-27,120.28,
2018-07-28,119.15,
2018-07-29,116.67,
2018-07-30,112.37,
2018-07-31,104.5,
2018-08-01,109.63,
2018-08-02,105.25,
2018-08-03,103.93,
2018-08-04,98.19,
2018-08-05,101.21,
2018-08-06,98.06,
2018-08-07,92.89,
2018-08-08,81.21,
2018-08-09,87.41,
2018-08-10,80.18,
2018-08-11,81.52,
2018-08-12,81.83,
2018-08-13,77.15,
2018-08-14,74.39,
2018-08-15,78.95,
2018-08-16,80.35,
2018-08-17,87.05,
2018-08-18,85.99,
2018-08-19,85.88,
2018-08-20,80.84,
2018-08-21,81.96,
2018-08-22,77.5,
2018-08-23,78.07,
2018-08-24,80.47,
2018-08-25,79.59,
2018-08-26,81.39,
2018-08-27,89.95,
2018-08-28,91.94,
2018-08-29,88.35,
2018-08-30,88.23,
2018-08-31,99.77,
2018-09-01,104.25,
2018-09-02,103.48,
2018-09-03,116.49,
2018-09-04,118.93,
2018-09-05,98.53,
2018-09-06,100.8,
2018-09-07,95.56,
2018-09-08,89.66,
2018-09-09,91.05,
2018-09-10,90.72,
2018-09-11,90.33,
2018-09-12,89.47,
2018-09-13,95.52,
2018-09-14,101.11,
2018-09-15,102.43,
2018-09-16,100.62,
2018-09-17,90.96,
2018-09-18,95.88,
2018-09-19,93.83,
2018-09-20,98.5,
2018-09-21,105.61,
2018-09-22,103.99,
2018-09-23,104.6,
2018-09-24,98.01,
2018-09-25,99.01,
2018-09-26,97.88,
2018-09-27,102.02,
2018-09-28,100.7,
2018-09-29,98.27,
2018-09-30,98.96,
2018-10-01,98.82,
2018-10-02,100.14,
2018-10-03,99.25,
2018-10-04,98.78,
2018-10-05,99.34,
2018-10-06,99.08,
2018-10-07,98.18,
2018-10-08,99.0,
2018-10-09,98.41,
2018-10-10,98.22,
2018-10-11,85.74,
2018-10-12,86.78,
2018-10-13,88.15,
2018-10-14,85.88,
2018-10-15,91.16,
2018-10-16,91.31,
2018-10-17,91.0,
2018-10-18,88.34,
2018-10-19,89.41,
2018-10-20,90.0,
2018-10-21,90.56,
2018-10-22,91.7,
2018-10-23,93.89,
2018-10-24,92.79,
2018-10-25,92.47,
2018-10-26,91.43,
2018-10-27,90.8,
2018-10-28,91.74,
2018-10-29,88.52,
2018-10-30,90.17,
2018-10-31,91.92,
2018-11-01,90.74,
2018-11-02,92.53,
2018-11-03,93.19,
2018-11-04,98.05,
2018-11-05,97.46,
2018-11-06,99.0,
2018-11-07,97.01,
2018-11-08,94.82,
2018-11-09,93.58,
2018-11-10,91.71,
2018-11-11,93.26,
2018-11-12,93.06,
2018-11-13,91.74,
2018-11-14,78.98,
2018-11-15,77.26,
2018-11-16,75.2,
2018-11-17,76.32,
2018-11-18,77.42,
2018-11-19,60.42,
2018-11-20,57.06,
2018-11-21,59.72,
2018-11-22,56.3,
2018-11-23,58.08,
2018-11-24,50.24,
2018-11-25,50.3,
2018-11-26,46.24,
2018-11-27,50.25,
2018-11-28,55.35,
2018-11-29,53.59,
2018-11-30,51.14,
2018-12-01,52.17,
2018-12-02,51.57,
2018-12-03,47.93,
2018-12-04,49.68,
2018-12-05,44.91,
2018-12-06,40.3,
2018-12-07,40.66,
2018-12-08,39.06,
2018-12-09,41.05,
2018-12-10,38.44,
2018-12-11,36.96,
2018-12-12,37.95,
2018-12-13,35.48,
2018-12-14,33.91,
2018-12-15,33.91,
2018-12-16,34.18,
2018-12-17,38.14,
2018-12-18,40.59,
2018-12-19,39.88,
2018-12-20,47.62,
2018-12-21,45.15,
2018-12-22,45.43,
2018-12-23,46.21,
2018-12-24,48.84,
2018-12-25,44.18,
2018-12-26,42.88,
2018-12-27,38.37,
2018-12-28,43.23,
2018-12-29,41.13,
2018-12-30,42.16,
2018-12-31,39.93,
2019-01-01,41.92,
2019-01-02,45.76,
2019-01-03,43.32,
2019-01-04,43.98,
2019-01-05,43.43,
2019-01-06,48.02,
2019-01-07,45.92,
2019-01-08,46.17,
2019-01-09,45.22,
2019-01-10,39.12,
2019-01-11,39.52,
2019-01-12,38.9,
2019-01-13,37.18,
2019-01-14,39.72,
2019-01-15,38.93,
2019-01-16,40.26,
2019-01-17,39.76,
2019-01-18,39.33,
2019-01-19,40.27,
2019-01-20,38.27,
2019-01-21,38.75,
2019-01-22,40.16,
2019-01-23,39.27,
2019-01-24,40.28,
2019-01-25,40.9,
2019-01-26,39.7,
2019-01-27,40.3,
2019-01-28,37.82,
2019-01-29,37.54,
2019-01-30,38.07,
2019-01-31,37.67,
2019-02-01,37.63,
2019-02-02,37.33,
2019-02-03,36.99,
2019-02-04,36.94,
2019-02-05,37.5,
2019-02-06,37.42,
2019-02-07,37.7,
2019-02-08,42.1,
2019-02-09,42.16,
2019-02-10,43.52,
2019-02-11,42.07,
2019-02-12,42.75,
2019-02-13,43.09,
2019-02-14,40.98,
2019-02-15,41.3,
2019-02-16,40.85,
2019-02-17,41.99,
2019-02-18,44.87,
2019-02-19,45.42,
2019-02-20,45.18,
2019-02-21,43.4,
2019-02-22,45.21,
2019-02-23,47.57,
2019-02-24,41.61,
2019-02-25,42.7,
2019-02-26,41.96,
2019-02-27,42.79,
2019-02-28,41.84,
2019-03-01,42.3,
2019-03-02,42.68,
2019-03-03,42.89,
2019-03-04,41.45,
2019-03-05,43.37,
2019-03-06,43.71,
2019-03-07,44.28,
2019-03-08,43.15,
2019-03-09,43.81,
2019-03-10,44.1,
2019-03-11,43.45,
2019-03-12,43.99,
2019-03-13,44.42,
2019-03-14,44.7,
2019-03-15,45.64,
2019-03-16,46.85,
2019-03-17,46.06,
2019-03-18,45.48,
2019-03-19,46.25,
2019-03-20,47.36,
2019-03-21,45.81,
2019-03-22,46.69,
2019-03-23,46.37,
2019-03-24,46.49,
2019-03-25,45.0,
2019-03-26,45.73,
2019-03-27,47.33,
2019-03-28,46.79,
2019-03-29,47.55,
2019-03-30,47.55,
2019-03-31,49.85,
2019-04-01,53.71,
2019-04-02,61.77,
2019-04-03,58.41,
2019-04-04,56.72,
2019-04-05,61.88,
2019-04-06,60.58,
2019-04-07,62.3,
2019-04-08,63.36,
2019-04-09,60.62,
2019-04-10,62.94,
2019-04-11,59.5,
2019-04-12,58.65,
2019-04-13,57.83,
2019-04-14,58.93,
2019-04-15,56.94,
2019-04-16,61.13,
2019-04-17,59.72,
2019-04-18,61.54,
2019-04-19,61.24,
2019-04-20,62.0,
2019-04-21,61.07,
2019-04-22,61.11,
2019-04-23,61.51,
2019-04-24,60.88,
2019-04-25,54.58,
2019-04-26,54.75,
2019-04-27,55.51,
2019-04-28,54.16,
2019-04-29,53.95,
2019-04-30,55.52,
2019-05-01,57.84,
2019-05-02,57.04,
2019-05-03,59.0,
2019-05-04,60.56,
2019-05-05,59.0,
2019-05-06,59.75,
2019-05-07,58.26,
2019-05-08,60.37,
2019-05-09,58.4,
2019-05-10,60.96,
2019-05-11,69.99,
2019-05-12,66.98,
2019-05-13,70.99,
2019-05-14,74.4,
2019-05-15,84.13,
2019-05-16,78.04,
2019-05-17,74.29,
2019-05-18,71.6,
2019-05-19,81.13,
2019-05-20,78.38,
2019-05-21,79.82,
2019-05-22,74.61,
2019-05-23,75.9,
2019-05-24,76.43,
2019-05-25,77.81,
2019-05-26,82.86,
2019-05-27,87.8,
2019-05-28,86.01,
2019-05-29,84.93,
2019-05-30,82.52,
2019-05-31,83.81,
2019-06-01,83.2,
2019-06-02,85.51,
2019-06-03,79.06,
2019-06-04,73.58,
2019-06-05,75.96,
2019-06-06,77.11,
2019-06-07,77.93,
2019-06-08,77.55,
2019-06-09,74.26,
2019-06-10,77.0,
2019-06-11,77.03,
2019-06-12,80.03,
2019-06-13,79.7,
2019-06-14,81.12,
2019-06-15,84.51,
2019-06-16,85.67,
2019-06-17,87.52,
2019-06-18,86.43,
2019-06-19,89.4,
2019-06-20,93.14,
2019-06-21,97.35,
2019-06-22,100.68,
2019-06-23,100.11,
2019-06-24,103.36,
2019-06-25,98.55,
2019-06-26,89.4,
2019-06-27,83.3,
2019-06-28,89.18,
2019-06-29,87.55,
2019-06-30,77.23,
2019-07-01,78.6,
2019-07-02,76.57,
2019-07-03,80.09,
2019-07-04,78.21,
2019-07-05,80.31,
2019-07-06,84.19,
2019-07-07,95.5,
2019-07-08,91.21,
2019-07-09,88.98,
2019-07-10,84.66,
2019-07-11,79.45,
2019-07-12,87.12,
2019-07-13,83.29,
2019-07-14,78.36353491,
2019-07-15,80.15,
2019-07-16,66.17,
2019-07-17,68.45,
2019-07-18,75.44,
2019-07-19,73.57,
2019-07-20,76.3,
2019-07-21,74.83,
2019-07-22,74.45,
2019-07-23,72.71,
2019-07-24,72.53,
2019-07-25,72.85,
2019-07-26,72.08,
2019-07-27,70.62,
2019-07-28,72.15,
2019-07-29,70.18,
2019-07-30,70.43,
2019-07-31,73.11,
2019-08-01,74.21,
2019-08-02,75.66,
2019-08-03,79.08,
2019-08-04,79.36,
2019-08-05,83.87,
2019-08-06,80.17,
2019-08-07,87.01,
2019-08-08,85.56,
2019-08-09,83.27,
2019-08-10,81.1,
2019-08-11,82.59,
2019-08-12,81.54,
2019-08-13,76.64,
2019-08-14,70.48,
2019-08-15,74.4,
2019-08-16,74.27,
2019-08-17,74.01,
2019-08-18,79.47,
2019-08-19,81.3,
2019-08-20,77.46,
2019-08-21,72.71,
2019-08-22,74.15,
2019-08-23,73.88,
2019-08-24,72.53,
2019-08-25,72.37,
2019-08-26,71.86,
2019-08-27,70.82,
2019-08-28,65.22,
2019-08-29,60.58,
2019-08-30,61.98,
2019-08-31,61.5,
2019-09-01,65.33,
2019-09-02,66.82,
2019-09-03,68.5,
2019-09-04,67.06,
2019-09-05,68.82,
2019-09-06,68.38,
2019-09-07,70.82,
2019-09-08,69.91,
2019-09-09,68.03,
2019-09-10,65.28,
2019-09-11,67.22,
2019-09-12,67.9,
2019-09-13,69.28,
2019-09-14,68.71,
2019-09-15,67.96,
2019-09-16,68.32,
2019-09-17,67.0,
2019-09-18,73.9,
2019-09-19,68.71,
2019-09-20,66.97,
2019-09-21,65.89,
2019-09-22,66.6,
2019-09-23,62.57,
2019-09-24,53.73,
2019-09-25,54.73,
2019-09-26,52.68,
2019-09-27,52.75,
2019-09-28,53.03,
2019-09-29,51.52,
2019-09-30,52.0,
2019-10-01,50.98,
2019-10-02,51.2,
2019-10-03,51.43,
2019-10-04,52.26,
2019-10-05,51.55,
2019-10-06,49.7,
2019-10-07,51.27,
2019-10-08,50.72,
2019-10-09,52.1,
2019-10-10,50.63,
2019-10-11,49.09,
2019-10-12,48.69,
2019-10-13,48.4,
2019-10-14,47.84,
2019-10-15,47.1,
2019-10-16,49.5,
2019-10-17,50.28,
2019-10-18,49.69,
2019-10-19,48.9,
2019-10-20,50.68,
2019-10-21,51.8,
2019-10-22,50.9,
2019-10-23,47.84,
2019-10-24,48.49,
2019-10-25,52.94,
2019-10-26,51.18,
2019-10-27,53.78,
2019-10-28,53.59,
2019-10-29,53.54,
2019-10-30,52.57,
2019-10-31,53.06,
2019-11-01,54.47,
2019-11-02,55.88,
2019-11-03,56.84,
2019-11-04,56.8,
2019-11-05,56.61,
2019-11-06,57.8,
2019-11-07,57.04,
2019-11-08,55.23,
2019-11-09,56.35,
2019-11-10,58.0,
2019-11-11,55.97,
2019-11-12,56.33,
2019-11-13,59.35,
2019-11-14,58.95,
2019-11-15,55.82,
2019-11-16,55.77,
2019-11-17,55.95,
2019-11-18,52.67,
2019-11-19,52.69,
2019-11-20,52.31,
2019-11-21,48.86,
2019-11-22,46.54,
2019-11-23,47.2,
2019-11-24,43.08,
2019-11-25,45.45,
2019-11-26,46.83,
2019-11-27,50.84,
2019-11-28,49.27,
2019-11-29,50.6,
2019-11-30,49.76,
2019-12-01,48.6,
2019-12-02,48.7,
2019-12-03,48.35,
2019-12-04,47.64,
2019-12-05,48.35,
2019-12-06,48.92,
2019-12-07,49.31,
2019-12-08,48.71,
2019-12-09,49.4,
2019-12-10,47.67,
2019-12-11,47.58,
2019-12-12,47.22,
2019-12-13,47.19,
2019-12-14,46.06,
2019-12-15,45.5,
2019-12-16,43.99,
2019-12-17,40.16,
2019-12-18,42.98,
2019-12-19,42.56,
2019-12-20,42.24,
2019-12-21,40.77,
2019-12-22,42.75,
2019-12-23,42.53,
2019-12-24,41.36,
2019-12-25,41.48,
2019-12-26,40.77,
2019-12-27,40.23,
2019-12-28,40.59,
2019-12-29,41.62,
2019-12-30,41.0,
2019-12-31,39.65,
2020-01-01,40.6,
2020-01-02,40.59,
2020-01-03,45.45,
2020-01-04,45.29,
2020-01-05,47.97,
2020-01-06,52.8,
2020-01-07,52.42,
2020-01-08,53.46,
2020-01-09,52.9,
2020-01-10,52.48,
2020-01-11,52.32,
2020-01-12,53.29,
2020-01-13,52.11,
2020-01-14,56.23,
2020-01-15,61.13,
2020-01-16,58.91,
2020-01-17,62.1,
2020-01-18,60.3,
2020-01-19,58.64,
2020-01-20,58.57,
2020-01-21,59.22,
2020-01-22,58.59,
2020-01-23,56.23,
2020-01-24,55.79,
2020-01-25,56.0,
2020-01-26,57.65,
2020-01-27,59.25,
2020-01-28,61.53,
2020-01-29,63.21,
2020-01-30,67.94,
2020-01-31,64.77,
2020-02-01,65.84,
2020-02-02,67.3,
2020-02-03,69.48,
2020-02-04,67.87,
2020-02-05,70.44,
2020-02-06,71.22,
2020-02-07,72.45,
2020-02-08,73.81,
2020-02-09,80.15,
2020-02-10,77.65,
2020-02-11,82.19,
2020-02-12,87.42,
2020-02-13,85.39,
2020-02-14,88.0,
2020-02-15,82.5,
2020-02-16,81.21,
2020-02-17,76.36,
2020-02-18,80.27,
2020-02-19,72.01,
2020-02-20,70.92,
2020-02-21,74.09,
2020-02-22,73.01,
2020-02-23,78.99,
2020-02-24,73.3,
2020-02-25,70.85,
2020-02-26,64.98,
2020-02-27,63.7,
2020-02-28,62.11,
2020-02-29,60.0,
2020-03-01,58.51,
2020-03-02,61.75,
2020-03-03,58.79,
2020-03-04,59.31,
2020-03-05,60.84,
2020-03-06,61.2,
2020-03-07,58.23,
2020-03-08,49.6,
2020-03-09,48.86,
2020-03-10,48.86,
2020-03-11,48.06,
2020-03-12,28.89,
2020-03-13,33.7,
2020-03-14,32.78,
2020-03-15,33.93,
2020-03-16,30.55,
2020-03-17,33.38,
2020-03-18,34.07,
2020-03-19,38.72,
2020-03-20,37.9,
2020-03-21,38.78,
2020-03-22,35.89,
2020-03-23,41.6,
2020-03-24,43.94,
2020-03-25,43.42,
2020-03-26,45.88,
2020-03-27,43.02,
2020-03-28,42.54,
2020-03-29,39.6,
2020-03-30,42.3,
2020-03-31,43.52,
2020-04-01,44.44,
2020-04-02,46.73,
2020-04-03,49.25,
2020-04-04,50.33,
2020-04-05,49.38,
2020-04-06,54.8,
2020-04-07,51.48,
2020-04-08,53.35,
2020-04-09,53.69,
2020-04-10,48.98,
2020-04-11,49.32,
2020-04-12,49.37,
2020-04-13,48.77,
2020-04-14,49.33,
2020-04-15,48.96,
2020-04-16,52.34,
2020-04-17,51.93,
2020-04-18,53.67,
2020-04-19,52.69,
2020-04-20,50.74,
2020-04-21,51.09,
2020-04-22,52.61,
2020-04-23,54.82,
2020-04-24,56.24,
2020-04-25,56.02,
2020-04-26,56.79,
2020-04-27,57.71,
2020-04-28,57.6,
2020-04-29,61.05,
2020-04-30,57.08,
2020-05-01,57.6,
2020-05-02,58.9,
2020-05-03,57.06,
2020-05-04,55.96,
2020-05-05,55.83,
2020-05-06,53.71,
2020-05-07,59.66,
2020-05-08,58.6,
2020-05-09,58.3,
2020-05-10,54.3,
2020-05-11,55.13,
2020-05-12,56.86,
2020-05-13,60.25,
2020-05-14,60.48,
2020-05-15,57.95,
2020-05-16,60.5,
2020-05-17,60.07,
2020-05-18,61.25,
2020-05-19,61.0,
2020-05-20,58.94,
2020-05-21,56.27,
2020-05-22,57.93,
2020-05-23,58.15,
2020-05-24,55.8,
2020-05-25,56.55,
2020-05-26,56.51,
2020-05-27,58.71,
2020-05-28,60.6,
2020-05-29,59.66,
2020-05-30,61.43,
2020-05-31,58.71,
2020-06-01,60.4,
2020-06-02,59.64,
2020-06-03,59.75,
2020-06-04,60.03,
2020-06-05,59.89,
2020-06-06,60.22,
2020-06-07,58.73,
2020-06-08,60.39,
2020-06-09,60.0,
2020-06-10,61.31,
2020-06-11,56.39,
2020-06-12,58.25,
2020-06-13,58.99,
2020-06-14,58.13,
2020-06-15,57.13,
2020-06-16,58.47,
2020-06-17,58.01,
2020-06-18,57.97,
2020-06-19,57.43,
2020-06-20,57.18,
2020-06-21,57.59,
2020-06-22,58.54,
2020-06-23,59.0,
2020-06-24,57.56,
2020-06-25,57.32,
2020-06-26,57.06,
2020-06-27,55.59,
2020-06-28,56.45,
2020-06-29,56.98,
2020-06-30,56.64,
2020-07-01,57.6,
2020-07-02,58.2,
2020-07-03,55.78,
2020-07-04,56.9,
2020-07-05,56.32,
2020-07-06,57.46,
2020-07-07,57.43,
2020-07-08,58.42,
2020-07-09,59.75,
2020-07-10,59.69,
2020-07-11,60.97,
2020-07-12,61.23,
2020-07-13,61.02,
2020-07-14,59.73,
2020-07-15,61.89,
2020-07-16,59.46,
2020-07-17,59.21,
2020-07-18,59.89,
2020-07-19,60.48,
2020-07-20,60.62,
2020-07-21,60.68,
2020-07-22,61.69,
2020-07-23,63.17,
2020-07-24,61.69,
2020-07-25,63.1,
2020-07-26,67.09,
2020-07-27,66.84,
2020-07-28,69.5,
2020-07-29,67.27,
2020-07-30,68.43,
2020-07-31,71.77,
2020-08-01,76.31,
2020-08-02,72.27,
2020-08-03,75.98,
2020-08-04,73.86,
2020-08-05,76.15,
2020-08-06,80.45999999,
2020-08-07,79.79,
2020-08-08,80.41,
2020-08-09,78.82,
2020-08-10,79.79,
2020-08-11,74.38,
2020-08-12,76.1,
2020-08-13,77.77,
2020-08-14,77.23999999,
2020-08-15,76.06999999,
2020-08-16,76.94,
2020-08-17,78.82,
2020-08-18,78.34999999,
2020-08-19,77.17,
2020-08-20,85.73,
2020-08-21,78.42,
2020-08-22,80.39,
2020-08-23,77.5,
2020-08-24,79.53,
2020-08-25,75.34,
2020-08-26,75.38,
2020-08-27,75.83,
2020-08-28,79.54,
2020-08-29,78.17,
2020-08-30,80.82,
2020-08-31,78.22,
2020-09-01,81.88,
2020-09-02,77.28,
2020-09-03,65.67,
2020-09-04,69.53,
2020-09-05,65.45,
2020-09-06,67.9,
2020-09-07,69.74,
2020-09-08,71.42,
2020-09-09,71.42,
2020-09-10,72.28,
2020-09-11,71.13,
2020-09-12,73.25,
2020-09-13,72.77,
2020-09-14,77.32,
2020-09-15,76.91,
2020-09-16,74.83,
2020-09-17,78.29,
2020-09-18,78.24,
2020-09-19,79.68,
2020-09-20,78.39,
2020-09-21,75.89,
2020-09-22,79.53,
2020-09-23,74.8,
2020-09-24,78.39,
2020-09-25,79.89,
2020-09-26,81.37,
2020-09-27,83.62,
2020-09-28,81.51,
2020-09-29,85.65,
2020-09-30,92.61,
2020-10-01,88.48,
2020-10-02,87.22,
2020-10-03,89.02,
2020-10-04,90.01,
2020-10-05,95.62,
2020-10-06,90.94,
2020-10-07,93.39,
2020-10-08,94.59,
2020-10-09,98.05,
2020-10-10,97.78,
2020-10-11,106.46,
2020-10-12,109.99,
2020-10-13,109.8,
2020-10-14,110.09,
2020-10-15,111.7,
2020-10-16,103.54,
2020-10-17,102.76,
2020-10-18,106.39,
2020-10-19,106.86,
2020-10-20,99.8,
2020-10-21,102.3,
2020-10-22,107.73,
2020-10-23,107.35,
2020-10-24,108.73,
2020-10-25,110.5,
2020-10-26,111.66,
2020-10-27,113.93,
2020-10-28,107.99,
2020-10-29,106.76,
2020-10-30,105.5,
2020-10-31,108.62,
2020-11-01,109.0,
2020-11-02,102.3,
2020-11-03,103.08,
2020-11-04,98.32,
2020-11-05,101.19,
2020-11-06,100.84,
2020-11-07,93.1,
2020-11-08,100.92,
2020-11-09,97.88,
2020-11-10,98.04,
2020-11-11,96.25,
2020-11-12,95.13,
2020-11-13,96.52,
2020-11-14,98.93,
2020-11-15,97.17,
2020-11-16,99.88,
2020-11-17,105.84,
2020-11-18,104.65,
2020-11-19,100.22,
2020-11-20,102.03,
2020-11-21,107.93,
2020-11-22,103.86,
2020-11-23,109.69,
2020-11-24,113.89,
2020-11-25,108.8,
2020-11-26,100.76,
2020-11-27,97.97,
2020-11-28,101.89,
2020-11-29,103.57,
2020-11-30,108.9,
2020-12-01,104.29,
2020-12-02,105.8,
2020-12-03,109.88,
2020-12-04,104.79,
2020-12-05,110.1,
2020-12-06,110.88,
2020-12-07,114.75,
2020-12-08,112.07,
2020-12-09,110.0,
2020-12-10,110.43,
2020-12-11,117.19,
2020-12-12,121.47,
2020-12-13,125.24,
2020-12-14,125.67,
2020-12-15,124.0,
2020-12-16,130.12,
2020-12-17,130.51,
2020-12-18,126.28,
2020-12-19,125.91,
2020-12-20,124.21,
2020-12-21,119.47,
2020-12-22,128.15,
2020-12-23,123.83,
2020-12-24,128.5,
2020-12-25,130.63,
2020-12-26,137.04,
2020-12-27,127.45,
2020-12-28,136.14,
2020-12-29,131.97,
2020-12-30,130.71,
2020-12-31,127.85,
2021-01-01,110.88,
2021-01-02,115.65,
2021-01-03,108.54,
2021-01-04,108.93,
2021-01-05,110.38,
2021-01-06,115.13,
2021-01-07,115.79,
2021-01-08,115.55,
2021-01-09,117.89,
2021-01-10,149.53,
2021-01-11,130.0,
2021-01-12,129.95,
2021-01-13,140.98,
2021-01-14,134.57,
2021-01-15,129.7,
2021-01-16,129.1,
2021-01-17,131.96,
2021-01-18,129.54,
2021-01-19,129.54,
2021-01-20,126.18,
2021-01-21,107.48,
2021-01-22,111.83,
2021-01-23,114.18,
2021-01-24,113.71,
2021-01-25,113.4,
2021-01-26,113.2,
2021-01-27,104.02,
2021-01-28,111.74,
2021-01-29,116.0,
2021-01-30,115.04,
2021-01-31,113.68,
2021-02-01,119.0,
2021-02-02,125.49,
2021-02-03,128.72,
2021-02-04,124.05,
2021-02-05,129.17,
2021-02-06,126.64,
2021-02-07,125.15,
2021-02-08,135.19,
2021-02-09,139.59,
2021-02-10,145.02,
2021-02-11,157.08,
2021-02-12,166.23,
2021-02-13,199.98,
2021-02-14,190.26,
2021-02-15,188.65,
2021-02-16,183.42,
2021-02-17,226.09,
2021-02-18,216.87,
2021-02-19,232.61,
2021-02-20,211.97,
2021-02-21,204.29,
2021-02-22,185.23,
2021-02-23,181.8,
2021-02-24,168.28,
2021-02-25,163.4,
2021-02-26,169.51,
2021-02-27,174.13,
2021-02-28,181.38,
2021-03-01,191.29,
2021-03-02,183.2,
2021-03-03,182.74,
2021-03-04,182.05,
2021-03-05,172.64,
2021-03-06,171.58,
2021-03-07,174.92,
2021-03-08,185.85,
2021-03-09,189.25,
2021-03-10,184.93,
2021-03-11,184.56,
2021-03-12,185.77,
2021-03-13,195.55,
2021-03-14,194.5,
2021-03-15,187.63,
2021-03-16,192.38,
2021-03-17,197.21,
2021-03-18,191.94,
2021-03-19,194.65,
2021-03-20,194.7,
2021-03-21,195.62,
2021-03-22,182.8,
2021-03-23,184.4,
2021-03-24,178.93,
2021-03-25,182.8,
2021-03-26,188.2,
2021-03-27,187.41,
2021-03-28,197.18,
2021-03-29,199.06,
2021-03-30,208.62,
2021-03-31,209.98,
2021-04-01,212.64,
2021-04-02,218.76,
2021-04-03,220.06,
2021-04-04,224.58,
2021-04-05,224.02,
2021-04-06,228.24,
2021-04-07,217.6,
2021-04-08,226.32,
2021-04-09,231.0,
2021-04-10,245.16,
2021-04-11,275.82,
2021-04-12,264.15,
2021-04-13,273.89,
2021-04-14,268.28,
2021-04-15,287.93,
2021-04-16,285.41,
2021-04-17,305.96,
2021-04-18,283.87,
2021-04-19,297.2,
2021-04-20,336.81,
2021-04-21,312.84,
2021-04-22,290.0,
2021-04-23,294.33,
2021-04-24,316.14,
2021-04-25,294.55,
2021-04-26,335.18,
2021-04-27,331.79,
2021-04-28,341.95,
2021-04-29,337.0,
2021-04-30,350.7,
2021-05-01,353.64,
2021-05-02,336.97,
2021-05-03,341.31,
2021-05-04,316.98,
2021-05-05,346.58,
2021-05-06,349.01,
2021-05-07,375.9,
2021-05-08,391.92,
2021-05-09,397.98,
2021-05-10,364.38,
2021-05-11,374.54,
2021-05-12,330.69,
2021-05-13,333.43,
2021-05-14,341.2,
2021-05-15,315.5,
2021-05-16,320.98,
2021-05-17,278.87,
2021-05-18,280.1,
2021-05-19,169.36,
2021-05-20,239.3,
2021-05-21,211.98,
2021-05-22,190.26,
2021-05-23,186.47,
2021-05-24,209.66,
2021-05-25,201.66,
2021-05-26,220.82,
2021-05-27,206.55,
2021-05-28,215.68,
2021-05-29,199.79,
2021-05-30,215.09,
2021-05-31,222.73,
2021-06-01,217.79,
2021-06-02,240.92,
2021-06-03,254.68,
2021-06-04,237.51,
2021-06-05,218.34,
2021-06-06,224.08,
2021-06-07,204.93,
2021-06-08,208.39,
2021-06-09,225.07,
2021-06-10,209.98,
2021-06-11,200.07,
2021-06-12,200.93,
2021-06-13,215.62,
2021-06-14,227.51,
2021-06-15,230.44,
2021-06-16,218.71,
2021-06-17,232.48,
2021-06-18,223.03,
2021-06-19,226.79,
2021-06-20,222.34,
2021-06-21,170.66,
2021-06-22,168.51,
2021-06-23,183.74,
2021-06-24,188.33,
2021-06-25,163.68,
2021-06-26,169.74,
2021-06-27,177.12,
2021-06-28,178.01,
2021-06-29,183.0,
2021-06-30,188.05,
2021-07-01,173.18,
2021-07-02,178.32,
2021-07-03,180.85,
2021-07-04,185.62,
2021-07-05,181.03,
2021-07-06,187.4,
2021-07-07,182.89,
2021-07-08,173.57,
2021-07-09,179.94,
2021-07-10,177.41,
2021-07-11,178.09,
2021-07-12,173.99,
2021-07-13,173.24,
2021-07-14,171.55,
2021-07-15,166.49,
2021-07-16,163.42,
2021-07-17,167.24,
2021-07-18,168.71,
2021-07-19,160.2,
2021-07-20,155.29,
2021-07-21,166.39,
2021-07-22,167.95,
2021-07-23,172.51,
2021-07-24,177.27,
2021-07-25,180.8,
2021-07-26,185.14,
2021-07-27,190.76,
2021-07-28,198.2,
2021-07-29,202.86,
2021-07-30,204.35,
2021-07-31,202.23,
2021-08-01,199.44,
2021-08-02,196.11,
2021-08-03,190.85,
2021-08-04,206.76,
2021-08-05,213.38,
2021-08-06,223.04,
2021-08-07,230.16,
2021-08-08,217.69,
2021-08-09,230.18,
2021-08-10,226.84,
2021-08-11,228.89,
2021-08-12,219.39,
2021-08-13,231.3,
2021-08-14,230.09,
2021-08-15,231.36,
2021-08-16,226.84,
2021-08-17,218.34,
2021-08-18,215.91,
2021-08-19,225.72,
2021-08-20,241.13,
2021-08-21,246.38,
2021-08-22,262.11,
2021-08-23,270.81,
2021-08-24,261.94,
2021-08-25,266.15,
2021-08-26,247.95,
2021-08-27,266.53,
2021-08-28,254.59,
2021-08-29,247.5,
2021-08-30,238.29,
2021-08-31,242.16,
2021-09-01,255.72,
2021-09-02,255.37,
2021-09-03,255.46,
2021-09-04,256.83,
2021-09-05,265.11,
2021-09-06,266.69,
2021-09-07,221.41,
2021-09-08,217.22,
2021-09-09,221.47,
2021-09-10,210.57,
2021-09-11,211.17,
2021-09-12,217.0,
2021-09-13,222.53,
2021-09-14,227.86,
2021-09-15,227.54,
2021-09-16,225.25,
2021-09-17,224.05,
2021-09-18,232.06,
2021-09-19,221.73,
2021-09-20,198.31,
2021-09-21,185.67,
2021-09-22,209.91,
2021-09-23,212.52,
2021-09-24,199.43,
2021-09-25,202.61,
2021-09-26,199.92,
2021-09-27,200.98,
2021-09-28,196.57,
2021-09-29,201.27,
2021-09-30,216.56,
2021-10-01,221.83,
2021-10-02,217.68,
2021-10-03,223.14,
2021-10-04,227.24,
2021-10-05,233.67,
2021-10-06,247.5,
2021-10-07,240.34,
2021-10-08,239.53,
2021-10-09,240.2,
2021-10-10,233.67,
2021-10-11,239.33,
2021-10-12,240.08,
2021-10-13,236.5,
2021-10-14,230.01,
2021-10-15,235.91,
2021-10-16,230.3,
2021-10-17,224.53,
2021-10-18,220.74,
2021-10-19,218.66,
2021-10-20,222.82,
2021-10-21,232.69,
2021-10-22,229.45,
2021-10-23,229.68,
2021-10-24,248.58,
2021-10-25,246.8,
2021-10-26,242.42,
2021-10-27,220.89,
2021-10-28,229.21,
2021-10-29,231.76,
2021-10-30,227.86,
2021-10-31,237.73,
2021-11-01,233.61,
2021-11-02,237.64,
2021-11-03,229.37,
2021-11-04,225.94,
2021-11-05,220.97,
2021-11-06,225.03,
2021-11-07,230.59,
2021-11-08,236.88,
2021-11-09,248.98,
2021-11-10,233.29,
2021-11-11,231.0,
2021-11-12,227.96,
2021-11-13,236.3,
2021-11-14,240.37,
2021-11-15,236.7,
2021-11-16,213.09,
2021-11-17,214.0,
2021-11-18,199.68,
2021-11-19,212.21,
2021-11-20,219.29,
2021-11-21,223.1,
2021-11-22,206.29,
2021-11-23,210.93,
2021-11-24,217.6,
2021-11-25,221.4,
2021-11-26,200.24,
2021-11-27,201.34,
2021-11-28,211.77,
2021-11-29,209.1,
2021-11-30,209.91,
2021-12-01,203.76,
2021-12-02,211.08,
2021-12-03,198.69,
2021-12-04,182.2,
2021-12-05,178.12,
2021-12-06,178.57,
2021-12-07,183.56,
2021-12-08,185.18,
2021-12-09,168.65,
2021-12-10,168.13,
2021-12-11,175.4,
2021-12-12,174.88,
2021-12-13,163.43,
2021-12-14,166.0,
2021-12-15,166.42,
2021-12-16,165.0,
2021-12-17,162.14,
2021-12-18,161.87,
2021-12-19,163.56,
2021-12-20,167.71,
2021-12-21,167.51,
2021-12-22,168.57,
2021-12-23,185.52,
2021-12-24,179.3,
2021-12-25,186.86,
2021-12-26,191.85,
2021-12-27,194.75,
2021-12-28,184.94,
2021-12-29,188.76,
2021-12-30,198.71,
2021-12-31,201.27,
2022-01-01,220.24,
2022-01-02,211.02,
2022-01-03,205.32,
2022-01-04,197.44,
2022-01-05,183.82,
2022-01-06,181.84,
2022-01-07,171.34,
2022-01-08,162.29,
2022-01-09,168.31,
2022-01-10,161.51,
2022-01-11,170.32,
2022-01-12,174.03,
2022-01-13,195.0,
2022-01-14,201.19,
2022-01-15,191.31,
2022-01-16,196.64,
2022-01-17,188.49,
2022-01-18,181.27,
2022-01-19,177.87,
2022-01-20,167.14,
2022-01-21,152.69,
2022-01-22,134.0,
2022-01-23,137.79,
2022-01-24,129.86,
2022-01-25,128.43,
2022-01-26,132.25,
2022-01-27,129.04,
2022-01-28,133.9,
2022-01-29,137.86,
2022-01-30,132.9,
2022-01-31,131.5,
2022-02-01,129.92,
2022-02-02,128.34,
2022-02-03,128.4,
2022-02-04,144.17,
2022-02-05,148.18,
2022-02-06,151.43,
2022-02-07,161.76,
2022-02-08,156.79,
2022-02-09,162.86,
2022-02-10,157.45,
2022-02-11,149.03,
2022-02-12,152.74,
2022-02-13,153.53,
2022-02-14,156.13,
2022-02-15,160.58,
2022-02-16,157.78,
2022-02-17,143.82,
2022-02-18,141.49,
2022-02-19,142.39,
2022-02-20,136.06,
2022-02-21,131.07,
2022-02-22,133.71,
2022-02-23,131.78,
2022-02-24,131.4,
2022-02-25,136.09,
2022-02-26,139.55,
2022-02-27,135.0,
2022-02-28,151.99,
2022-03-01,159.85,
2022-03-02,159.61,
2022-03-03,155.49,
2022-03-04,146.17,
2022-03-05,152.0,
2022-03-06,146.0,
2022-03-07,145.46,
2022-03-08,186.73,
2022-03-09,170.63,
2022-03-10,162.58,
2022-03-11,157.18,
2022-03-12,170.3,
2022-03-13,160.92,
2022-03-14,169.27,
2022-03-15,167.1,
2022-03-16,172.23,
2022-03-17,169.57,
2022-03-18,176.79,
2022-03-19,178.53,
2022-03-20,175.91,
2022-03-21,174.26,
2022-03-22,175.69,
2022-03-23,179.48,
2022-03-24,185.46,
2022-03-25,182.16,
2022-03-26,188.72,
2022-03-27,196.56,
2022-03-28,194.87,
2022-03-29,199.7,
2022-03-30,198.27,
2022-03-31,191.83,
2022-04-01,197.73,
2022-04-02,192.3,
2022-04-03,196.79,
2022-04-04,202.25,
2022-04-05,203.93,
2022-04-06,195.69,
2022-04-07,208.98,
2022-04-08,198.16,
2022-04-09,220.87,
2022-04-10,216.42,
2022-04-11,208.04,
2022-04-12,215.2,
2022-04-13,217.7,
2022-04-14,211.98,
2022-04-15,221.53,
2022-04-16,218.96,
2022-04-17,223.73,
2022-04-18,246.64,
2022-04-19,235.73,
2022-04-20,245.81,
2022-04-21,257.33,
2022-04-22,248.5,
2022-04-23,247.76,
2022-04-24,233.89,
2022-04-25,237.48,
2022-04-26,215.34,
2022-04-27,217.47,
2022-04-28,216.58,
2022-04-29,209.47,
2022-04-30,203.73,
2022-05-01,202.12,
2022-05-02,189.32,
2022-05-03,196.99,
2022-05-04,212.13,
2022-05-05,196.51,
2022-05-06,206.64,
2022-05-07,193.87,
2022-05-08,205.97,
2022-05-09,163.95,
2022-05-10,154.75,
2022-05-11,132.95,
2022-05-12,132.17,
2022-05-13,138.62,
2022-05-14,147.69,
2022-05-15,164.95,
2022-05-16,155.12,
2022-05-17,163.89,
2022-05-18,148.13,
2022-05-19,157.48,
2022-05-20,164.65,
2022-05-21,166.11,
2022-05-22,177.14,
2022-05-23,173.63,
2022-05-24,178.91,
2022-05-25,190.41,
2022-05-26,176.05,
2022-05-27,167.91,
2022-05-28,163.91,
2022-05-29,173.32,
2022-05-30,189.57,
2022-05-31,184.34,
2022-06-01,186.73,
2022-06-02,187.62,
2022-06-03,180.57,
2022-06-04,176.53,
2022-06-05,175.35,
2022-06-06,177.6,
2022-06-07,175.16,
2022-06-08,174.17,
2022-06-09,175.07,
2022-06-10,166.08,
2022-06-11,158.32,
2022-06-12,151.52,
2022-06-13,127.26,
2022-06-14,113.35,
2022-06-15,113.0,
2022-06-16,100.47,
2022-06-17,108.95,
2022-06-18,99.39,
2022-06-19,108.96,
2022-06-20,111.5,
2022-06-21,112.93,
2022-06-22,105.02,
2022-06-23,116.58,
2022-06-24,119.74,
2022-06-25,120.76,
2022-06-26,118.47,
2022-06-27,113.91,
2022-06-28,111.66,
2022-06-29,113.0,
2022-06-30,107.75,
2022-07-01,110.15,
2022-07-02,111.24,
2022-07-03,111.48,
2022-07-04,118.41,
2022-07-05,118.97,
2022-07-06,123.13,
2022-07-07,128.36,
2022-07-08,123.04,
2022-07-09,124.96,
2022-07-10,127.21,
2022-07-11,126.22,
2022-07-12,122.76,
2022-07-13,123.95,
2022-07-14,133.19,
2022-07-15,137.74,
2022-07-16,138.02,
2022-07-17,135.62,
2022-07-18,145.22,
2022-07-19,143.36,
2022-07-20,148.83,
2022-07-21,147.55,
2022-07-22,146.08,
2022-07-23,143.52,
2022-07-24,148.75,
2022-07-25,140.6,
2022-07-26,149.27,
2022-07-27,158.62,
2022-07-28,159.52,
2022-07-29,156.75,
2022-07-30,152.56,
2022-07-31,151.81,
2022-08-01,156.67,
2022-08-02,154.35,
2022-08-03,154.42,
2022-08-04,155.34,
2022-08-05,158.58,
2022-08-06,157.92,
2022-08-07,162.07,
2022-08-08,163.75,
2022-08-09,155.53,
2022-08-10,162.68,
2022-08-11,155.02,
2022-08-12,162.77,
2022-08-13,163.85,
2022-08-14,163.12,
2022-08-15,160.76,
2022-08-16,166.54,
2022-08-17,165.38,
2022-08-18,159.55,
2022-08-19,142.0,
2022-08-20,148.64,
2022-08-21,154.04,
2022-08-22,154.43,
2022-08-23,155.34,
2022-08-24,151.27,
2022-08-25,154.5,
2022-08-26,143.06,
2022-08-27,146.32,
2022-08-28,147.38,
2022-08-29,152.62,
2022-08-30,148.44,
2022-08-31,148.4,
2022-09-01,154.88,
2022-09-02,154.34,
2022-09-03,154.98,
2022-09-04,157.27,
2022-09-05,157.89,
2022-09-06,146.39,
2022-09-07,149.0,
2022-09-08,152.13,
2022-09-09,160.34,
2022-09-10,156.7,
2022-09-11,157.9,
2022-09-12,161.92,
2022-09-13,145.69,
2022-09-14,150.11,
2022-09-15,146.1,
2022-09-16,149.07,
2022-09-17,147.45,
2022-09-18,140.31,
2022-09-19,140.1,
2022-09-20,143.2,
2022-09-21,138.01,
2022-09-22,146.3,
2022-09-23,146.0,
2022-09-24,145.92,
2022-09-25,145.8,
2022-09-26,151.55,
2022-09-27,150.7,
2022-09-28,151.68,
2022-09-29,150.76,
2022-09-30,150.2,
2022-10-01,144.08,
2022-10-02,139.77,
2022-10-03,144.2,
2022-10-04,147.13,
2022-10-05,147.89,
2022-10-06,152.45,
2022-10-07,150.59,
2022-10-08,151.43,
2022-10-09,149.77,
2022-10-10,146.39,
2022-10-11,149.04,
2022-10-12,149.27,
2022-10-13,146.1,
2022-10-14,144.8,
2022-10-15,143.82,
2022-10-16,146.79,
2022-10-17,145.89,
2022-10-18,148.19,
2022-10-19,148.22,
2022-10-20,144.24,
2022-10-21,142.73,
2022-10-22,144.94,
2022-10-23,146.69,
2022-10-24,144.94,
2022-10-25,144.96,
2022-10-26,145.55,
2022-10-27,146.1,
2022-10-28,147.38,
2022-10-29,149.49,
2022-10-30,148.06,
2022-10-31,151.1,
2022-11-01,151.33,
2022-11-02,149.81,
2022-11-03,153.25,
2022-11-04,159.2,
2022-11-05,158.03,
2022-11-06,156.23,
2022-11-07,155.13,
2022-11-08,137.74,
2022-11-09,119.53,
2022-11-10,130.72,
2022-11-11,123.38,
2022-11-12,123.8,
2022-11-13,122.95,
2022-11-14,125.88,
2022-11-15,124.51,
2022-11-16,127.19,
2022-11-17,127.99,
2022-11-18,129.01,
2022-11-19,129.97,
2022-11-20,125.32,
2022-11-21,122.91,
2022-11-22,129.98,
2022-11-23,129.47,
2022-11-24,131.27,
2022-11-25,131.01,
2022-11-26,133.43,
2022-11-27,131.24,
2022-11-28,130.44,
2022-11-29,133.06,
2022-11-30,136.47,
2022-12-01,137.48,
2022-12-02,138.12,
2022-12-03,138.12,
2022-12-04,135.0,
2022-12-05,138.35,
2022-12-06,136.89,
2022-12-07,136.94,
2022-12-08,140.0,
2022-12-09,141.18,
2022-12-10,141.93,
2022-12-11,143.31,
2022-12-12,142.84,
2022-12-13,142.65,
2022-12-14,139.27,
2022-12-15,140.12,
2022-12-16,134.2,
2022-12-17,135.47,
2022-12-18,136.8,
2022-12-19,135.74,
2022-12-20,138.39,
2022-12-21,138.78,
2022-12-22,137.17,
2022-12-23,134.74,
2022-12-24,134.85,
2022-12-25,136.69,
2022-12-26,137.84,
2022-12-27,136.44,
2022-12-28,137.94,
2022-12-29,136.59,
2022-12-30,136.5,
2022-12-31,137.1,
2023-01-01,138.88,
2023-01-02,138.53,
2023-01-03,140.51,
2023-01-04,142.23,
2023-01-05,148.27,
2023-01-06,145.4,
2023-01-07,146.3,
2023-01-08,145.7,
2023-01-09,148.05,
2023-01-10,150.43,
2023-01-11,156.81,
2023-01-12,153.43,
2023-01-13,157.39,
2023-01-14,161.68,
2023-01-15,160.52,
2023-01-16,155.0,
2023-01-17,159.7,
2023-01-18,150.78,
2023-01-19,153.12,
2023-01-20,159.53,
2023-01-21,159.2,
2023-01-22,163.28,
2023-01-23,164.88,
2023-01-24,158.15,
2023-01-25,158.9,
2023-01-26,157.14,
2023-01-27,165.6,
2023-01-28,170.82,
2023-01-29,171.59,
2023-01-30,162.39,
2023-01-31,163.6,
2023-02-01,161.45,
2023-02-02,158.59,
2023-02-03,159.13,
2023-02-04,159.49,
2023-02-05,154.52,
2023-02-06,153.73,
2023-02-07,156.57,
2023-02-08,154.73,
2023-02-09,141.99,
2023-02-10,144.77,
2023-02-11,151.5,
2023-02-12,148.76,
2023-02-13,145.37,
2023-02-14,147.68,
2023-02-15,154.62,
2023-02-16,146.08,
2023-02-17,149.43,
2023-02-18,151.14,
2023-02-19,151.67,
2023-02-20,151.25,
2023-02-21,149.91,
2023-02-22,149.12,
2023-02-23,143.35,
2023-02-24,142.84,
2023-02-25,141.39,
2023-02-26,143.32,
2023-02-27,140.94,
2023-02-28,142.28,
2023-03-01,143.11,
2023-03-02,142.52,
2023-03-03,136.24,
2023-03-04,138.15,
2023-03-05,140.54,
2023-03-06,144.03,
2023-03-07,142.41,
2023-03-08,136.0,
2023-03-09,134.63,
2023-03-10,127.28,
2023-03-11,130.5,
2023-03-12,139.0,
2023-03-13,139.84,
2023-03-14,139.08,
2023-03-15,137.98,
2023-03-16,140.66,
2023-03-17,143.54,
2023-03-18,139.72,
2023-03-19,144.06,
2023-03-20,141.22,
2023-03-21,142.07,
2023-03-22,137.11,
2023-03-23,144.64,
2023-03-24,150.87,
2023-03-25,148.91,
2023-03-26,149.91,
2023-03-27,140.52,
2023-03-28,142.09,
2023-03-29,146.95,
2023-03-30,142.35,
2023-03-31,145.6,
2023-04-01,144.79,
2023-04-02,148.44,
2023-04-03,143.47,
2023-04-04,144.94,
2023-04-05,145.08,
2023-04-06,143.49,
2023-04-07,143.99,
2023-04-08,145.49,
2023-04-09,147.01,
2023-04-10,146.4,
2023-04-11,148.41,
2023-04-12,147.61,
2023-04-13,146.57,
2023-04-14,147.49,
2023-04-15,147.96,
2023-04-16,149.07,
2023-04-17,146.2,
2023-04-18,148.26,
2023-04-19,139.89,
2023-04-20,140.32,
2023-04-21,137.62,
2023-04-22,143.55,
2023-04-23,143.23,
2023-04-24,142.63,
2023-04-25,145.47,
2023-04-26,142.03,
2023-04-27,139.48,
2023-04-28,139.27,
2023-04-29,140.55,
2023-04-30,141.13,
2023-05-01,139.22,
2023-05-02,138.68,
2023-05-03,140.13,
2023-05-04,141.06,
2023-05-05,143.58,
2023-05-06,142.21,
2023-05-07,142.45,
2023-05-08,139.73,
2023-05-09,141.32,
2023-05-10,140.1,
2023-05-11,139.99,
2023-05-12,141.71,
2023-05-13,141.17,
2023-05-14,141.88,
2023-05-15,139.85,
2023-05-16,139.45,
2023-05-17,139.73,
2023-05-18,139.99,
2023-05-19,139.26,
2023-05-20,139.06,
2023-05-21,139.0,
2023-05-22,139.71,
2023-05-23,140.71,
2023-05-24,139.58,
2023-05-25,140.82,
2023-05-26,140.48,
2023-05-27,140.99,
2023-05-28,144.64,
2023-05-29,143.63,
2023-05-30,142.6,
2023-05-31,136.89,
2023-06-01,136.18,
2023-06-02,136.24,
2023-06-03,138.69,
2023-06-04,138.56,
2023-06-05,131.84,
2023-06-06,137.37,
2023-06-07,135.43,
2023-06-08,132.22,
2023-06-09,133.46,
2023-06-10,128.53,
2023-06-11,128.42,
2023-06-12,130.21,
2023-06-13,126.8,
2023-06-14,123.68,
2023-06-15,122.84,
2023-06-16,122.82,
2023-06-17,124.65,
2023-06-18,125.34,
2023-06-19,126.46,
2023-06-20,129.91,
2023-06-21,131.94,
2023-06-22,136.83,
2023-06-23,141.74,
2023-06-24,143.32,
2023-06-25,149.66,
2023-06-26,149.65,
2023-06-27,153.34,
2023-06-28,150.84,
2023-06-29,150.87,
2023-06-30,154.24,
2023-07-01,153.13,
2023-07-02,154.35,
2023-07-03,154.52,
2023-07-04,152.94,
2023-07-05,153.86,
2023-07-06,152.12,
2023-07-07,151.15,
2023-07-08,152.35,
2023-07-09,151.29,
2023-07-10,148.83,
2023-07-11,150.03,
2023-07-12,146.79,
2023-07-13,147.15,
2023-07-14,143.03,
2023-07-15,146.94,
2023-07-16,147.5,
2023-07-17,149.9,
2023-07-18,148.92,
2023-07-19,148.09,
2023-07-20,148.91,
2023-07-21,145.83,
2023-07-22,145.7,
2023-07-23,147.32,
2023-07-24,145.56,
2023-07-25,147.29,
2023-07-26,147.01,
2023-07-27,147.42,
2023-07-28,148.03,
2023-07-29,148.0,
2023-07-30,145.26,
2023-07-31,146.4,
2023-08-01,145.26,
2023-08-02,145.66,
2023-08-03,146.43,
2023-08-04,144.12,
2023-08-05,144.93,
2023-08-06,145.07,
2023-08-07,143.75,
2023-08-08,144.77,
2023-08-09,143.26,
2023-08-10,141.89,
2023-08-11,143.2,
2023-08-12,144.33,
2023-08-13,144.44,
2023-08-14,144.84,
2023-08-15,142.35,
2023-08-16,141.32,
2023-08-17,130.34,
2023-08-18,131.95,
2023-08-19,133.23,
2023-08-20,135.55,
2023-08-21,137.08,
2023-08-22,134.15,
2023-08-23,131.72,
2023-08-24,128.3,
2023-08-25,129.79,
2023-08-26,132.41,
2023-08-27,134.72,
2023-08-28,134.1,
2023-08-29,135.03,
2023-08-30,129.97,
2023-08-31,131.89,
2023-09-01,130.7,
2023-09-02,130.27,
2023-09-03,130.63,
2023-09-04,130.83,
2023-09-05,128.41,
2023-09-06,132.75,
2023-09-07,134.43,
2023-09-08,134.54,
2023-09-09,133.95,
2023-09-10,133.21,
2023-09-11,130.11,
2023-09-12,131.09,
2023-09-13,133.4,
2023-09-14,137.37,
2023-09-15,137.86,
2023-09-16,135.54,
2023-09-17,136.69,
2023-09-18,136.21,
2023-09-19,138.34,
2023-09-20,138.9,
2023-09-21,136.05,
2023-09-22,136.12,
2023-09-23,133.08,
2023-09-24,134.93,
2023-09-25,136.27,
2023-09-26,137.06,
2023-09-27,139.32,
2023-09-28,138.08,
2023-09-29,138.56,
2023-09-30,138.57,
2023-10-01,140.99,
2023-10-02,139.72,
2023-10-03,140.55,
2023-10-04,143.37,
2023-10-05,141.8,
2023-10-06,143.66,
2023-10-07,146.78,
2023-10-08,147.84,
2023-10-09,145.75,
2023-10-10,143.81,
2023-10-11,144.89,
2023-10-12,144.65,
2023-10-13,146.17,
2023-10-14,145.57,
2023-10-15,144.88,
2023-10-16,144.44,
2023-10-17,142.22,
2023-10-18,142.27,
2023-10-19,144.01,
2023-10-20,146.54,
2023-10-21,149.08,
2023-10-22,150.32,
2023-10-23,150.93,
2023-10-24,148.95,
2023-10-25,151.44,
2023-10-26,151.23,
2023-10-27,152.31,
2023-10-28,153.69,
2023-10-29,165.07,
2023-10-30,162.87,
2023-10-31,163.0,
2023-11-01,162.0,
2023-11-02,161.23,
2023-11-03,159.35,
2023-11-04,157.3,
2023-11-05,158.2,
2023-11-06,154.28,
2023-11-07,155.6,
2023-11-08,156.35,
2023-11-09,159.77,
2023-11-10,159.88,
2023-11-11,158.44,
2023-11-12,160.48,
2023-11-13,152.45,
2023-11-14,150.28,
2023-11-15,148.66,
2023-11-16,148.28,
2023-11-17,149.23,
2023-11-18,147.54,
2023-11-19,150.68,
2023-11-20,149.26,
2023-11-21,145.82,
2023-11-22,150.31,
2023-11-23,152.44,
2023-11-24,156.07,
2023-11-25,157.29,
2023-11-26,154.99,
2023-11-27,151.17,
2023-11-28,152.57,
2023-11-29,151.46,
2023-11-30,156.09,
2023-12-01,157.69,
2023-12-02,158.8,
2023-12-03,158.45,
2023-12-04,157.03,
2023-12-05,158.53,
2023-12-06,158.51,
2023-12-07,160.16,
2023-12-08,161.99,
2023-12-09,162.85,
2023-12-10,163.31,
2023-12-11,159.72,
2023-12-12,158.0,
2023-12-13,155.79,
2023-12-14,153.0,
2023-12-15,154.4,
2023-12-16,155.09,
2023-12-17,154.24,
2023-12-18,159.14,
2023-12-19,155.73,
2023-12-20,159.47,
2023-12-21,157.43,
2023-12-22,160.49,
2023-12-23,162.6,
2023-12-24,156.06,
2023-12-25,158.64,
2023-12-26,157.61,
2023-12-27,158.17,
2023-12-28,158.0,
2023-12-29,151.29,
2023-12-30,150.59,
2023-12-31,149.8,
2024-01-01,153.55,
2024-01-02,153.19,
2024-01-03,141.37,
2024-01-04,150.7,
2024-01-05,142.63,
2024-01-06,139.86,
2024-01-07,133.84,
2024-01-08,135.2,
2024-01-09,132.19,
2024-01-10,136.05,
2024-01-11,139.13,
2024-01-12,138.99,
2024-01-13,142.62,
2024-01-14,140.48,
2024-01-15,143.67,
2024-01-16,144.85,
2024-01-17,144.9,
2024-01-18,140.88,
2024-01-19,145.23,
2024-01-20,143.93,
2024-01-21,144.78,
2024-01-22,138.7,
2024-01-23,138.23,
2024-01-24,140.27,
2024-01-25,145.18,
2024-01-26,146.92,
2024-01-27,148.12,
2024-01-28,148.33,
2024-01-29,154.86,
2024-01-30,147.9,
2024-01-31,151.43,
2024-02-01,152.99,
2024-02-02,156.37,
2024-02-03,153.22,
2024-02-04,154.03,
2024-02-05,153.61,
2024-02-06,97.58,
2024-02-07,121.56,
2024-02-08,119.27,
2024-02-09,112.97,
2024-02-10,110.27,
2024-02-11,111.43,
2024-02-12,117.11,
2024-02-13,119.33,
2024-02-14,119.55,
2024-02-15,116.65,
2024-02-16,113.96,
2024-02-17,112.61,
2024-02-18,113.42,
2024-02-19,105.66,
2024-02-20,114.61,
2024-02-21,113.69,
2024-02-22,114.63,
2024-02-23,114.06,
2024-02-24,114.39,
2024-02-25,118.96,
2024-02-26,121.98,
2024-02-27,125.97,
2024-02-28,124.37,
2024-02-29,127.83,
2024-03-01,133.11,
2024-03-02,134.8,
2024-03-03,139.23,
2024-03-04,138.23,
2024-03-05,130.43,
2024-03-06,132.0,
2024-03-07,131.74,
2024-03-08,134.7,
2024-03-09,131.4,
2024-03-10,133.76,
2024-03-11,132.69,
2024-03-12,133.01,
2024-03-13,136.92,
2024-03-14,135.02,
2024-03-15,130.62,
2024-03-16,127.84,
2024-03-17,128.2,
2024-03-18,129.65,
2024-03-19,123.22,
2024-03-20,127.92,
2024-03-21,127.22,
2024-03-22,125.25,
2024-03-23,128.76,
2024-03-24,131.0,
2024-03-25,131.5,
2024-03-26,124.56,
2024-03-27,127.26,
2024-03-28,125.15,
2024-03-29,122.86,
2024-03-30,119.71,
2024-03-31,118.99,
2024-04-01,114.8,
2024-04-02,113.68,
2024-04-03,118.73,
2024-04-04,121.33,
2024-04-05,116.93,
2024-04-06,121.78,
2024-04-07,121.47,
2024-04-08,125.81,
2024-04-09,122.95,
2024-04-10,124.22,
2024-04-11,124.35,
2024-04-12,115.87,
2024-04-13,110.55,
2024-04-14,114.3,
2024-04-15,116.2,
2024-04-16,114.76,
2024-04-17,109.79,
2024-04-18,109.42,
2024-04-19,109.95,
2024-04-20,115.03,
2024-04-21,111.41,
2024-04-22,113.72,
2024-04-23,113.44,
2024-04-24,111.2,
2024-04-25,111.88,
2024-04-26,112.59,
2024-04-27,114.99,
2024-04-28,118.24,
2024-04-29,120.15,
2024-04-30,111.99,
2024-05-01,115.24,
2024-05-02,115.07,
2024-05-03,116.24,
2024-05-04,114.61,
2024-05-05,124.92,
2024-05-06,121.29,
2024-05-07,118.61,
2024-05-08,122.67,
2024-05-09,122.84,
2024-05-10,123.38,
2024-05-11,122.37,
2024-05-12,123.65,
2024-05-13,125.56,
2024-05-14,122.05,
2024-05-15,123.72,
2024-05-16,123.31,
2024-05-17,124.21,
2024-05-18,125.36,
2024-05-19,123.79,
2024-05-20,124.16,
2024-05-21,124.61,
2024-05-22,127.84,
2024-05-23,128.26,
2024-05-24,130.13,
2024-05-25,130.35,
2024-05-26,131.79,
2024-05-27,130.1,
2024-05-28,129.9,
2024-05-29,129.51,
2024-05-30,134.91,
2024-05-31,136.7,
2024-06-01,137.32,
2024-06-02,140.75,
2024-06-03,142.26,
2024-06-04,146.82,
2024-06-05,150.25,
2024-06-06,151.59,
2024-06-07,142.54,
2024-06-08,157.04,
2024-06-09,161.88,
2024-06-10,165.72,
2024-06-11,163.06,
2024-06-12,167.33,
2024-06-13,160.08,
2024-06-14,159.37,
2024-06-15,165.72,
2024-06-16,165.6,
2024-06-17,161.97,
2024-06-18,158.0,
2024-06-19,156.74,
2024-06-20,158.51,
2024-06-21,149.79,
2024-06-22,156.11,
2024-06-23,153.05,
2024-06-24,148.37,
2024-06-25,151.43,
2024-06-26,154.09,
2024-06-27,154.83,
2024-06-28,156.8,
2024-06-29,154.22,
2024-06-30,156.58,
2024-07-01,156.53,
2024-07-02,157.02,
2024-07-03,153.79,
2024-07-04,144.1,
2024-07-05,143.54,
2024-07-06,146.31,
2024-07-07,137.35,
2024-07-08,142.66,
2024-07-09,143.61,
2024-07-10,143.61,
2024-07-11,145.91,
2024-07-12,146.21,
2024-07-13,144.24,
2024-07-14,146.83,
2024-07-15,145.61,
2024-07-16,148.59,
2024-07-17,146.75,
2024-07-18,147.92,
2024-07-19,148.32,
2024-07-20,149.99,
2024-07-21,150.92,
2024-07-22,148.08,
2024-07-23,148.25,
2024-07-24,147.82,
2024-07-25,150.52,
2024-07-26,148.81,
2024-07-27,149.82,
2024-07-28,151.32,
2024-07-29,148.85,
2024-07-30,145.37,
2024-07-31,145.7,
2024-08-01,145.36,
2024-08-02,144.87,
2024-08-03,137.39,
2024-08-04,138.1,
2024-08-05,133.17,
2024-08-06,135.38,
2024-08-07,133.89,
2024-08-08,144.96,
2024-08-09,140.13,
2024-08-10,138.32,
2024-08-11,136.91,
2024-08-12,137.81,
2024-08-13,134.38,
2024-08-14,137.56,
2024-08-15,136.4,
2024-08-16,135.07,
2024-08-17,136.41,
2024-08-18,137.49,
2024-08-19,140.0,
2024-08-20,143.13,
2024-08-21,144.62,
2024-08-22,151.84,
2024-08-23,155.19,
2024-08-24,151.39,
2024-08-25,148.59,
2024-08-26,148.97,
2024-08-27,139.26,
2024-08-28,141.93,
2024-08-29,145.6,
2024-08-30,152.26,
2024-08-31,153.06,
2024-09-01,153.81,
2024-09-02,154.09,
2024-09-03,156.71,
2024-09-04,153.96,
2024-09-05,155.28,
2024-09-06,149.05,
2024-09-07,151.0,
2024-09-08,154.71,
2024-09-09,154.02,
2024-09-10,152.52,
2024-09-11,157.54,
2024-09-12,155.59,
2024-09-13,153.66,
2024-09-14,153.1,
2024-09-15,153.71,
2024-09-16,153.37,
2024-09-17,155.36,
2024-09-18,154.33,
2024-09-19,156.97,
2024-09-20,157.14,
2024-09-21,159.05,
2024-09-22,158.55,
2024-09-23,154.65,
2024-09-24,151.49,
2024-09-25,148.41,
2024-09-26,147.23,
2024-09-27,147.04,
2024-09-28,142.07,
2024-09-29,136.72,
2024-09-30,138.82,
2024-10-01,130.71,
2024-10-02,123.83,
2024-10-03,130.56,
2024-10-04,135.73,
2024-10-05,139.35,
2024-10-06,134.7,
2024-10-07,131.77,
2024-10-08,136.61,
2024-10-09,134.75,
2024-10-10,140.35,
2024-10-11,139.0,
2024-10-12,137.18,
2024-10-13,135.8,
2024-10-14,143.6,
2024-10-15,140.51,
2024-10-16,143.7,
2024-10-17,146.08,
2024-10-18,147.35,
2024-10-19,147.83,
2024-10-20,150.48,
2024-10-21,143.42,
2024-10-22,145.34,
2024-10-23,145.44,
2024-10-24,145.22,
2024-10-25,145.82,
2024-10-26,148.6,
2024-10-27,151.0,
2024-10-28,150.72,
2024-10-29,149.96,
2024-10-30,149.07,
2024-10-31,143.49,
2024-11-01,144.25,
2024-11-02,140.97,
2024-11-03,143.84,
2024-11-04,144.48,
2024-11-05,144.81,
2024-11-06,150.42,
2024-11-07,150.92,
2024-11-08,155.05,
2024-11-09,153.01,
2024-11-10,152.04,
2024-11-11,145.88,
2024-11-12,140.9,
2024-11-13,141.57,
2024-11-14,139.59,
2024-11-15,134.32,
2024-11-16,141.36,
2024-11-17,146.83,
2024-11-18,147.03,
2024-11-19,152.63,
2024-11-20,152.19,
2024-11-21,152.81,
2024-11-22,155.57,
2024-11-23,153.75,
2024-11-24,154.86,
2024-11-25,149.66,
2024-11-26,152.79,
2024-11-27,147.2,
2024-11-28,151.83,
2024-11-29,150.89,
2024-11-30,153.5,
2024-12-01,153.76,
2024-12-02,165.63,
2024-12-03,188.64,
2024-12-04,186.05,
2024-12-05,182.98,
2024-12-06,187.95,
2024-12-07,187.25,
2024-12-08,209.79,
2024-12-09,166.34,
2024-12-10,168.37,
2024-12-11,190.37,
2024-12-12,190.3,
2024-12-13,196.98,
2024-12-14,199.95,
2024-12-15,209.23,
2024-12-16,202.88,
2024-12-17,205.0,
2024-12-18,206.07,
2024-12-19,194.28,
2024-12-20,185.81,
2024-12-21,175.8,
2024-12-22,177.52,
2024-12-23,185.0,
2024-12-24,179.56,
2024-12-25,183.54,
2024-12-26,182.01,
2024-12-27,185.19,
2024-12-28,189.88,
2024-12-29,184.4,
2024-12-30,183.2,
2024-12-31,185.94,
2025-01-01,189.69,
2025-01-02,191.0,
2025-01-03,195.59,
2025-01-04,189.81,
2025-01-05,190.0,
2025-01-06,196.19,
2025-01-07,188.21,
2025-01-08,194.79,
2025-01-09,186.16,
2025-01-10,195.04,
2025-01-11,193.6,
2025-01-12,195.45,
2025-01-13,198.09,
2025-01-14,199.49,
2025-01-15,201.79,
2025-01-16,215.0,
2025-01-17,224.95,
2025-01-18,210.92,
2025-01-19,198.5,
2025-01-20,201.95,
2025-01-21,206.14,
2025-01-22,214.75,
2025-01-23,212.17,
2025-01-24,211.16,
2025-01-25,211.34,
2025-01-26,213.95,
2025-01-27,204.51,
2025-01-28,209.2,
2025-01-29,209.93,
2025-01-30,221.16,
2025-01-31,229.74,
2025-02-01,226.25,
2025-02-02,215.88,
2025-02-03,219.91,
2025-02-04,212.54,
2025-02-05,218.72,
2025-02-06,213.54,
2025-02-07,197.73,
2025-02-08,209.31,
2025-02-09,213.88,
2025-02-10,214.4,
2025-02-11,213.98,
2025-02-12,218.41,
2025-02-13,214.87,
2025-02-14,217.39,
2025-02-15,219.43,
2025-02-16,220.17,
2025-02-17,228.0,
2025-02-18,227.17,
2025-02-19,229.83,
2025-02-20,219.18,
2025-02-21,223.99,
2025-02-22,222.68,
2025-02-23,225.6,
2025-02-24,216.78,
2025-02-25,206.98,
2025-02-26,203.09,
2025-02-27,201.21,
2025-02-28,208.98,
2025-03-01,215.52,
2025-03-02,220.0,
2025-03-03,208.28,
2025-03-04,211.46,
2025-03-05,209.35,
2025-03-06,210.5,
2025-03-07,200.03,
2025-03-08,204.33,
2025-03-09,194.26,
2025-03-10,186.9,
2025-03-11,193.29,
2025-03-12,190.97,
2025-03-13,190.14,
2025-03-14,193.26,
2025-03-15,195.58,
2025-03-16,192.95,
2025-03-17,193.23,
2025-03-18,188.65,
2025-03-19,190.54,
2025-03-20,193.2,
2025-03-21,197.61,
2025-03-22,197.4,
2025-03-23,198.72,
2025-03-24,202.32,
2025-03-25,203.22,
2025-03-26,207.35,
2025-03-27,206.55,
2025-03-28,200.9,
2025-03-29,197.71,
2025-03-30,201.2,
2025-03-31,198.38,
2025-04-01,200.45,66.12802231
2025-04-02,200.03,113.30654282
2025-04-03,194.31,150.9097788
2025-04-04,198.26,89.27838223
2025-04-05,195.43,142.02650914
2025-04-06,180.48,135.76696472
2025-04-07,187.41,529.08212883
2025-04-08,179.25,157.04037555
2025-04-09,185.23,304.19160124
2025-04-10,179.66,372.72237242
2025-04-11,181.34,397.30847466
2025-04-12,183.06,161.32494268
2025-04-13,178.81,136.01160604
2025-04-14,190.67,125.26322803
2025-04-15,190.56,141.7563375
2025-04-16,190.97,252.19923694
2025-04-17,193.47,30.72061896
2025-04-18,189.11,31.59653058
2025-04-19,185.86,49.26930722
2025-04-20,187.34,34.03663768
2025-04-21,187.5,49.24336674
2025-04-22,199.5,1076.9966682
2025-04-23,203.22,81.91094585
2025-04-24,198.85,112.02383301
2025-04-25,200.44,149.31515027
2025-04-26,202.94,438.02440094
2025-04-27,204.61,61.8529021
2025-04-28,226.09,3156.12902605
2025-04-29,241.75,801.92943907
2025-04-30,244.8,387.89630835
2025-05-01,243.69,208.30082885
2025-05-02,250.15,65.78483905
2025-05-03,245.84,78.90636101
2025-05-04,244.67,82.52675486
2025-05-05,243.84,187.90296576
2025-05-06,250.66,169.50601804
2025-05-07,248.92,145.09192077
2025-05-08,264.84,330.33166206
2025-05-09,280.0,400.58777992
2025-05-10,289.13,527.2831161
2025-05-11,296.32,138.79476619
2025-05-12,302.93,108.03578187
2025-05-13,305.07,358.37815589
2025-05-14,306.84,451.98346243
2025-05-15,297.0,99.75403698
2025-05-16,298.68,324.58571557
2025-05-17,301.06,11.98679353
2025-05-18,300.38,79.88806378
2025-05-19,304.57,112.66500744
2025-05-20,312.04,101.84302626
2025-05-21,349.84,1356.80420854
2025-05-22,341.09,1022.01339562
2025-05-23,343.82,184.38522917
2025-05-24,354.78,134.00713776
2025-05-25,367.57,62.21280573
2025-05-26,352.87,303.55751294
2025-05-27,326.77,391.37615521
2025-05-28,308.9,1061.36211952
2025-05-29,298.58,304.65556835
2025-05-30,287.04,301.71381116
2025-05-31,283.9,365.65294574
2025-06-01,306.01,156.73762643
2025-06-02,310.71,298.58790891
2025-06-03,303.76,147.85191215
2025-06-04,275.59,463.68321531
2025-06-05,276.13,314.06181368
2025-06-06,283.93,237.39349927
2025-06-07,288.0,142.13607272
2025-06-08,290.17,51.82140962
2025-06-09,291.91,123.17814498
2025-06-10,295.35,281.83743003
2025-06-11,284.56,239.00839024
2025-06-12,276.0,114.10161353
2025-06-13,271.29,157.18039513
2025-06-14,267.3,42.32517047
2025-06-15,272.62,32.1482994
2025-06-16,280.4,107.2214543
2025-06-17,279.2,158.54644503
2025-06-18,274.32,402.45807935
2025-06-19,268.18,902.63545871
2025-06-20,269.07,138.68293915
2025-06-21,267.68,168.49707512
2025-06-22,259.12,369.45372228
2025-06-23,269.48,447.60512985
2025-06-24,270.04,283.00879417
2025-06-25,266.0,213.61737889
2025-06-26,266.79,170.9958869
2025-06-27,261.31,100.71051332
2025-06-28,264.39,186.13830235
2025-06-29,267.26,512.37985451
2025-06-30,277.2,552.05744893
2025-07-01,262.89,377.22545169
2025-07-02,273.23,304.32421096
2025-07-03,272.12,112.02048854
2025-07-04,266.55,114.2099414
2025-07-05,267.29,85.26686609
2025-07-06,273.0,28.9788834
2025-07-07,273.09,37.68680078
2025-07-08,270.32,447.24975512
2025-07-09,277.62,172.72859646
2025-07-10,278.06,131.73304613
2025-07-11,280.87,333.37653684
2025-07-12,282.15,142.15831614
2025-07-13,285.18,142.9194187
2025-07-14,295.28,507.20603067
2025-07-15,288.02,119.06285446
2025-07-16,283.43,748.81194713
2025-07-17,290.75,135.70850228
2025-07-18,274.0,293.66912597
2025-07-19,277.03,129.6768639
2025-07-20,278.32,127.21351889
2025-07-21,273.24,109.01010765
2025-07-22,274.01,273.6721123
2025-07-23,266.7,553.58241024
2025-07-24,276.88,133.07701408
2025-07-25,274.05,345.05879027
2025-07-26,273.85,83.62248171
2025-07-27,274.99,121.78259653
2025-07-28,272.1,240.7992605
2025-07-29,273.54,93.94150226
2025-07-30,267.19,255.53243328
2025-07-31,266.88,146.51402832
2025-08-01,256.48,251.93511619
2025-08-02,253.78,216.99094896
2025-08-03,262.65,102.86124386
2025-08-04,264.58,269.24977907
2025-08-05,253.46,312.89390171
2025-08-06,245.13,362.88803045
2025-08-07,229.08,2308.31555783
2025-08-08,233.56,1817.34428581
2025-08-09,234.43,187.10385728
2025-08-10,230.37,135.76542847
2025-08-11,233.06,401.03449086
2025-08-12,216.79,2308.78190832
2025-08-13,213.25,503.11145965
2025-08-14,210.36,659.747064
2025-08-15,201.72,690.03977121
2025-08-16,219.53,210.61095548
2025-08-17,249.99,176.53730369
2025-08-18,250.31,289.81557487
2025-08-19,225.1,508.513315
2025-08-20,226.09,1116.96062268
2025-08-21,223.98,649.47736684
2025-08-22,232.36,898.03616573
2025-08-23,230.99,65.95183298
2025-08-24,235.17,818.43297122
2025-08-25,229.96,455.35081438
2025-08-26,241.54,1629.61613596
2025-08-27,235.78,390.04765265
2025-08-28,227.85,217.09176958
2025-08-29,225.17,356.39979024
2025-08-30,221.94,194.34546634
2025-08-31,224.12,158.69604396
2025-09-01,222.18,225.59800846
2025-09-02,232.27,372.61312836
2025-09-03,231.5,321.78945833
2025-09-04,230.03,761.76578611
2025-09-05,230.08,318.48037018
2025-09-06,227.97,349.47079389
2025-09-07,231.88,970.41005266
2025-09-08,226.39,688.26157486
2025-09-09,227.93,112.70869648
2025-09-10,229.13,202.76868293
2025-09-11,230.96,155.78637533
2025-09-12,241.25,270.16977143
2025-09-13,243.2,492.36810779
2025-09-14,261.35,1043.09389427
2025-09-15,259.22,1910.56125552
2025-09-16,268.1,1218.49024221
2025-09-17,254.85,906.87860455
2025-09-18,254.21,914.28608116
2025-09-19,251.51,487.7352565
2025-09-20,254.69,370.21008864
2025-09-21,249.3,253.8803591
2025-09-22,245.37,1166.93352442
2025-09-23,246.63,2080.10235846
2025-09-24,249.65,2134.20079108
2025-09-25,248.34,969.92020049
2025-09-26,246.11,627.9487386
2025-09-27,244.48,348.46043724
2025-09-28,247.73,302.62561956
2025-09-29,249.74,1173.47270623
2025-09-30,251.86,829.88588033
2025-10-01,266.31,1523.03694273
2025-10-02,283.67,2357.56050827
2025-10-03,277.14,1432.24839365
2025-10-04,278.21,526.84834875
2025-10-05,272.75,394.3044485
2025-10-06,264.27,611.60306484
2025-10-07,272.33,880.49008488
2025-10-08,288.49,433.09324523
2025-10-09,295.93,658.76161383
2025-10-10,255.79,1611.14035615
2025-10-11,257.83,308.22775354
2025-10-12,262.99,88.29445528
2025-10-13,269.77,227.44373027
2025-10-14,268.95,353.44781602
2025-10-15,272.76,390.55622139
2025-10-16,257.68,666.34735652
2025-10-17,250.2,665.46934554
2025-10-18,263.5,446.28046375
2025-10-19,270.89,192.16837138
2025-10-20,264.71,504.82066367
2025-10-21,263.63,149.0259704
2025-10-22,268.6,276.22800128
2025-10-23,278.54,377.1812784
2025-10-24,280.79,200.05471218
2025-10-25,287.38,145.61579389
2025-10-26,299.42,460.1360009
2025-10-27,291.64,239.93795828
2025-10-28,289.25,324.65485472
2025-10-29,296.17,290.12444663
2025-10-30,279.46,431.0958475
2025-10-31,289.38,962.12161143
2025-11-01,299.86,560.39977808
2025-11-02,298.9,432.98263939
2025-11-03,295.11,444.0168241
2025-11-04,295.63,598.22311333
2025-11-05,305.64,108.12665132
2025-11-06,311.64,642.04089474
2025-11-07,318.34,68.83727379
2025-11-08,318.22,363.7166619
2025-11-09,360.61,3872.72197197
2025-11-10,359.9,338.79011922
2025-11-11,318.15,613.2267182
2025-11-12,332.96,135.49404414
2025-11-13,331.6,460.07029811
2025-11-14,333.25,99.19141017
2025-11-15,360.79,1013.75661158
2025-11-16,364.16,210.16898674
2025-11-17,351.29,389.02213999
2025-11-18,353.96,100.72645402
2025-11-19,317.18,899.86381226
2025-11-20,319.93,1380.71110353
2025-11-21,290.85,1937.56388952
2025-11-22,315.19,596.19600418
2025-11-23,338.94,1632.90093512
2025-11-24,335.08,84.08147276
2025-11-25,327.98,216.59674186
2025-11-26,345.08,284.43460094
2025-11-27,353.39,193.56824452
2025-11-28,350.62,298.91862035
2025-11-29,357.01,152.56162255
2025-11-30,375.49,134.15726406
2025-12-01,359.47,1158.78303424
2025-12-02,343.47,1558.99094223
2025-12-03,347.34,415.58536798
2025-12-04,345.64,164.83596252
2025-12-05,344.89,42.26849552
2025-12-06,338.86,57.02730565
2025-12-07,314.61,250.0318123
2025-12-08,320.52,300.31988486
2025-12-09,321.85,169.04034483
2025-12-10,344.4,827.75405515
2025-12-11,349.09,582.12569133
2025-12-12,337.49,737.14243142
2025-12-13,352.74,661.37956716
2025-12-14,349.76,282.26094656
2025-12-15,341.26,737.89717499
2025-12-16,365.07,1041.93156843
2025-12-17,359.96,817.45910921
2025-12-18,352.99,793.30399232
2025-12-19,376.8,854.60379328
2025-12-20,376.8,0.0
2025-12-21,402.61,430.13405392
2025-12-22,404.96,297.39182972
2025-12-23,380.58,817.28474848
2025-12-24,370.18,532.64660238
2025-12-25,378.13,1946.16874218
2025-12-26,372.16,1199.28547774
2025-12-27,384.13,309.30835197
2025-12-28,376.54,75.6860811
2025-12-29,372.4,555.00925366
2025-12-30,373.97,196.5548526
2025-12-31,367.89,391.38404917
2026-01-01,359.0,156.32717335
2026-01-02,360.58,268.09159387
2026-01-03,368.52,293.60317958
2026-01-04,357.17,314.41459132
2026-01-05,365.7,162.92910746
2026-01-06,377.47,470.54228536
2026-01-07,374.63,434.04328054
2026-01-08,396.81,766.57429012
2026-01-09,389.19,327.12547794
2026-01-10,391.53,139.89979787
2026-01-11,480.7,1305.80729904
2026-01-12,506.28,5698.34929604
2026-01-13,585.32,8412.00655342
2026-01-14,617.42,2428.63694135
2026-01-15,583.9,4017.34371415
2026-01-16,612.26,1002.11344077
2026-01-17,506.49,1961.89501216
2026-01-18,516.94,1412.95850232
