1651708800,28.2,28.2,20.35,21.01,111.82339543,27
1651795200,25.0,49.98,20.0,20.0,111.92270685,20
1651881600,20.0,20.0,19.62,19.62,3.14996,3
1651968000,19.01,19.05,17.0,17.01,59.76759789,9
1652054400,19.78,19.99,15.24,16.04,122.67902712,39
1652140800,14.84,19.99,13.48,17.52,175.7054785,38
1652227200,17.53,17.53,13.49,13.49,66.65021268,21
1652313600,13.49,13.49,10.66,11.78,33.42973123,9
1652400000,13.46,13.49,12.6,13.49,12.73689152,8
1652486400,12.49,12.49,12.49,12.49,9.20096076,2
1652572800,13.48,13.48,12.34,13.48,56.02646377,8
1652659200,12.54,16.11,12.19,13.12,78.55022012,14
1652745600,14.21,14.21,12.29,14.2,67.0370476,6
1652832000,13.21,13.21,13.21,13.21,1.06845,1
1652918400,14.2,16.1,13.75,14.78,12.1839904,9
1653004800,14.78,14.78,13.75,13.75,2.21884,3
1653091200,12.79,13.75,12.0,13.75,13.70987988,6
1653177600,13.75,13.75,13.75,13.75,0.35826,1
1653264000,12.79,12.79,12.79,12.79,3.36043784,2
1653350400,12.0,12.0,12.0,12.0,2.84159235,1
1653436800,11.47,11.47,11.47,11.47,1E+1,1
1653523200,11.5,11.5,11.34,11.34,22.23913043,7
1653609600,11.25,104.77,7.9,10.07,3029.92705143,127
1653696000,11.99,11.99,10.09,11.4,164.63772587,17
1653782400,10.6,11.4,10.31,11.4,10.5489585,7
1653868800,11.79,14.38,10.89,12.04,70.04582696,14
1653955200,12.0,12.0,12.0,12.0,22.3015165,1
1654041600,12.98,12.98,11.16,11.16,51.89053675,7
1654128000,12.0,12.0,12.0,12.0,18.01066667,4
1654214400,11.16,11.99,9.78,10.9,118.13158461,17
1654300800,10.8,10.8,10.8,10.8,1E+1,1
1654387200,11.74,11.74,10.17,10.17,6.36873449,4
1654473600,11.73,11.73,11.73,11.73,55.58794,7
1654560000,10.91,10.91,10.8,10.8,3.08890926,2
1654646400,10.19,11.71,10.19,10.38,16.82561321,8
1654732800,11.11,11.39,10.35,11.39,34.43813649,4
1654819200,11.67,12.5,10.5,10.5,105.33616789,30
1654905600,10.5,10.51,10.5,10.51,18.98655119,3
1654992000,10.5,10.5,9.0,10.0,118.88533881,9
1655078400,9.3,9.3,7.89,7.89,2.36865383,3
1655164800,9.99,9.99,8.56,8.56,2.77733054,5
1655251200,9.11,9.11,7.89,7.89,5.16820079,4
1655337600,9.1,9.1,7.89,7.89,29.11969944,4
1655510400,7.89,7.9,7.89,7.89,18.44089607,5
1655596800,7.89,8.64,7.85,7.88,34.93874382,13
1655683200,7.5,8.5,7.5,8.48,42.62600317,9
1655769600,8.47,8.64,8.29,8.29,23.86787536,14
1655856000,8.29,8.29,8.29,8.29,2.1269593,1
1655942400,7.77,8.32,7.77,8.32,9.53297262,2
1656115200,8.64,8.64,8.64,8.64,0.00302084,1
1656288000,8.33,8.33,8.33,8.33,1.91385715,1
1656374400,9.11,10.71,9.11,9.59,98.10523274,15
1656460800,8.92,17.51,8.3,12.67,392.84906086,97
1656547200,13.27,48.89,12.74,22.94,1423.06894428,341
1656633600,22.62,35.0,19.19,19.5,828.12817258,168
1656720000,20.23,23.7,16.33,18.79,650.55050958,102
1656806400,18.57,18.82,16.2,18.23,113.77790696,32
1656892800,17.04,23.93,16.33,18.25,850.02981017,129
1656979200,18.24,18.69,17.0,17.84,123.46677396,47
1657065600,17.4,18.24,17.01,17.01,83.77784966,20
1657152000,17.01,17.99,16.7,16.92,76.59465803,33
1657238400,16.7,17.99,15.6,16.03,98.12114241,45
1657324800,16.46,18.1,16.2,16.72,79.89212864,52
1657411200,16.18,17.71,15.0,15.04,102.57633034,32
1657497600,15.08,17.96,15.08,16.14,61.75909298,30
1657584000,17.45,17.45,14.37,15.31,51.6602141,43
1657670400,15.18,15.51,13.82,14.14,61.33363412,37
1657756800,14.62,16.05,13.36,14.71,106.2472244,20
1657843200,14.42,17.45,14.32,14.32,127.62190714,24
1657929600,15.49,15.49,14.54,15.23,14.04802156,11
1658016000,14.5,14.96,14.5,14.65,66.83505447,19
1658102400,14.7,15.49,14.43,14.45,64.37503493,19
1658188800,15.48,15.48,14.18,15.48,23.52152481,26
1658275200,15.21,15.48,14.55,15.48,28.94580075,9
1658361600,14.55,22.97,14.55,20.32,656.13515016,145
1658448000,19.44,22.0,17.1,17.22,511.9995699,85
1658534400,17.1,17.24,15.98,16.22,94.18497187,18
1658620800,16.92,16.92,15.16,15.84,63.65162737,29
1658707200,15.28,19.39,15.17,17.82,293.97585127,107
1658793600,18.0,19.32,16.0,16.0,182.35615007,68
1658880000,16.37,16.83,15.15,16.33,65.09412948,14
1658966400,16.15,17.03,16.15,16.8,69.3129526,34
1659052800,17.06,17.67,16.31,16.65,36.62060877,22
1659139200,16.87,16.87,16.87,16.87,3.02827,1
1659225600,17.05,29.99,17.05,20.86,675.72561294,295
1659312000,20.19,24.99,18.23,18.47,1495.01275331,118
1659398400,18.87,25.0,18.87,21.6,1988.60860919,253
1659484800,21.44,22.18,19.83,21.7,122.44535811,43
1659571200,20.83,25.0,19.68,20.81,221.67878137,46
1659657600,20.6,20.9,20.06,20.78,24.43188603,16
1659744000,21.2,23.49,21.11,21.24,62.50666874,20
1659830400,21.81,22.59,21.36,21.36,17.1940494,11
1659916800,21.75,24.88,21.38,22.07,84.97881433,24
1660003200,20.98,21.95,20.0,20.96,148.98223266,21
1660089600,19.91,20.78,18.4,20.5,431.69926185,48
1660176000,20.77,21.19,20.11,20.29,55.64258514,25
1660262400,20.43,20.44,19.88,19.88,2.37946928,4
1660348800,20.71,20.8,20.69,20.71,3.20168623,4
1660435200,21.08,23.0,21.03,21.03,50.13699142,40
1660521600,20.56,20.57,19.54,20.22,29.05077373,13
1660608000,20.57,20.98,20.57,20.98,0.047,2
1660694400,19.93,20.97,18.57,19.11,109.43422837,28
1660780800,19.79,20.98,19.79,20.12,26.85910998,8
1660867200,19.11,22.4,17.03,17.03,306.16677744,82
1660953600,18.49,19.94,18.29,18.31,32.63372699,10
1661040000,19.02,19.11,18.38,18.38,20.5002495,6
1661126400,18.43,18.43,17.3,17.3,92.58583375,5
1661212800,17.51,19.93,17.01,18.93,12.53270387,11
1661299200,18.89,19.11,17.01,18.97,23.7883689,11
1661385600,17.66,17.66,17.4,17.4,5.5,4
1661472000,17.41,17.41,17.41,17.41,0.59,1
1661558400,17.11,18.85,16.09,18.85,315.9607465,24
1661644800,19.65,19.65,16.04,19.03,5.73046719,3
1661731200,16.01,16.97,16.01,16.06,3.74783916,3
1661817600,16.15,19.93,16.15,18.88,69.74074501,15
1661904000,19.79,19.79,16.99,18.24,10.51924358,9
1661990400,18.82,18.83,16.29,16.49,157.81620102,26
1662076800,17.39,17.52,17.27,17.5,41.99600115,10
1662163200,17.1,17.12,17.1,17.12,1.09607618,2
1662336000,17.37,18.4,17.25,17.25,74.43996631,11
1662422400,17.54,17.63,16.84,17.02,133.93981174,38
1662508800,17.61,18.98,17.13,18.98,89.81046427,24
1662595200,17.46,18.72,17.03,17.03,44.4844189,23
1662681600,17.58,18.43,17.58,17.67,11.91593307,7
1662768000,18.31,18.31,17.32,17.73,36.16962126,12
1662854400,18.53,19.11,18.53,19.11,17.95185186,14
1662940800,18.62,19.85,18.07,18.09,42.78344152,12
1663027200,18.0,18.0,16.91,16.91,143.53574071,37
1663113600,16.96,17.33,16.96,17.18,5.85611808,5
1663200000,17.21,17.21,16.05,16.05,58.13383406,7
1663286400,16.34,17.86,16.0,16.0,35.10059732,20
1663372800,15.98,16.88,15.98,16.32,27.27819666,15
1663459200,16.83,16.83,15.04,15.07,10.28292873,14
1663545600,15.53,15.6,14.82,15.51,18.01229624,16
1663632000,15.51,16.21,15.51,15.87,32.23195876,5
1663718400,15.85,16.65,15.36,16.06,4.59613,6
1663804800,15.62,15.66,15.31,15.59,9.4627729,5
1663891200,15.81,15.94,14.98,15.86,17.5152632,13
1663977600,15.69,16.05,15.51,15.51,17.16954523,9
1664064000,15.67,15.67,15.63,15.63,10.51897272,2
1664150400,16.44,17.09,15.45,15.59,166.15473788,17
1664236800,15.48,16.57,15.32,16.57,37.27183231,9
1664323200,15.9,15.9,15.28,15.41,8.97880485,4
1664409600,15.34,15.34,15.06,15.06,10.08127646,4
1664496000,15.18,15.32,15.0,15.0,144.1479062,8
1664582400,15.42,15.42,14.99,15.02,202.74871737,8
1664668800,14.81,15.51,14.18,14.18,4.86560214,6
1664755200,14.83,14.83,14.68,14.68,2.01146325,2
1664841600,14.95,14.95,14.66,14.66,19.65342632,4
1664928000,16.3,20.83,16.3,17.12,438.84347608,81
1665014400,18.17,18.49,16.32,16.71,96.32102167,26
1665100800,16.96,16.96,15.74,15.84,20.1415354,13
1665187200,15.75,15.75,15.39,15.39,24.88510693,5
1665273600,16.07,17.34,15.56,15.9,36.9317976,14
1665360000,15.81,16.39,15.05,15.05,4.02795774,8
1665446400,14.69,16.55,14.06,14.52,580.61256848,60
1665532800,14.52,17.25,14.52,15.87,207.12344462,49
1665619200,15.42,16.14,14.38,14.77,170.33026564,20
1665705600,15.16,16.4,14.27,14.27,54.5082165,13
1665792000,14.78,14.96,14.78,14.78,17.27139377,5
1665878400,15.48,15.48,14.43,14.43,14.26258973,3
1665964800,15.48,16.39,14.98,14.98,49.47206478,12
1666051200,16.38,16.38,14.89,14.89,4.8809699,4
1666137600,15.59,15.59,14.4,14.41,1.06557,4
1666224000,15.29,15.3,14.41,15.3,24.37218,5
1666310400,15.3,15.3,14.1,14.1,57.05742887,63
1666396800,15.28,15.59,14.42,14.42,38.01176197,7
1666483200,14.36,14.36,14.36,14.36,7.37583,1
1666569600,15.57,15.57,14.43,14.43,43.14274,5
1666656000,15.57,15.57,14.41,14.41,14.49870663,3
1666742400,15.55,15.55,14.85,14.85,4.543385,7
1666828800,14.85,14.85,14.85,14.85,2,1
1666915200,14.99,15.52,14.84,14.87,51.82085367,5
1667001600,15.53,15.59,14.97,14.97,5.41460489,10
1667174400,15.75,15.75,14.85,15.72,15.94393333,5
1667260800,15.74,15.74,14.84,15.74,3.18832,5
1667347200,15.75,18.78,14.84,15.0,93.24346923,31
1667520000,16.0,16.0,15.25,15.25,37.98778513,4
1667606400,15.46,15.47,15.43,15.47,9.20984358,3
1667692800,15.53,15.53,15.53,15.53,0.56850483,1
1667865600,15.0,17.6,12.97,12.97,38.54433775,19
1667952000,12.8,12.8,10.57,10.8,452.53950353,17
1668038400,11.07,16.02,11.07,13.0,94.55675823,10
1668124800,11.5,11.5,11.3,11.3,11.98438995,5
1668297600,11.3,17.62,11.09,11.4,22.60144984,18
1668384000,11.3,13.0,10.62,10.62,7.6381516,15
1668470400,11.22,13.0,10.36,10.37,12.02425066,15
1668816000,10.51,10.51,10.51,10.51,0.25,1
1668902400,12.48,12.5,10.5,10.5,54.07273459,15
1668988800,10.44,11.92,10.11,11.42,96.43541112,10
1669075200,11.21,12.5,9.97,10.7,257.88879221,32
1669161600,12.45,12.47,10.75,12.16,44.09411558,6
1669248000,10.52,10.52,10.52,10.52,0.19278,1
1669334400,10.56,12.16,10.52,10.78,96.41302028,24
1669420800,10.93,11.45,10.93,11.16,59.13235983,12
1669593600,11.98,12.0,11.98,12.0,4.90654666,3
1669680000,12.0,12.0,10.89,12.0,46.89197,5
1669766400,11.09,11.61,11.09,11.61,20.88420827,5
1669939200,10.76,11.86,10.76,11.86,2.34764,2
1670025600,10.89,11.98,10.78,11.98,153.09673395,13
1670198400,11.24,18.0,11.24,16.53,1093.54606793,154
1670284800,16.77,20.15,13.81,13.96,322.91730954,91
1670371200,16.2,17.27,13.17,13.25,431.61295485,68
1670457600,14.71,14.71,14.69,14.69,36.11962081,3
1670544000,15.0,16.18,14.64,14.64,164.34488474,103
1670630400,15.04,15.27,13.9,13.9,67.48444022,17
1670716800,13.39,14.05,13.39,13.39,8.73600021,5
1670803200,13.26,13.72,12.62,12.62,54.54752452,19
1670889600,13.28,13.56,12.6,12.99,70.1087708,16
1670976000,13.1,13.72,12.86,13.09,98.64718901,18
1671062400,13.31,13.6,12.75,12.75,36.57502193,8
1671148800,12.64,12.64,12.0,12.0,14.56964444,5
1671235200,12.0,12.43,10.99,11.95,69.74630801,18
1671321600,12.0,12.13,11.0,11.63,156.23068326,18
1671408000,11.58,11.61,11.03,11.17,47.26245707,13
1671494400,11.41,15.0,11.41,11.6,82.11951751,16
1671580800,11.5,13.91,11.41,12.99,13.37384166,16
1671667200,11.8,13.05,11.55,12.97,94.19613581,20
1671753600,12.93,13.15,11.0,12.1,208.71338043,38
1671840000,12.07,12.33,11.69,12.0,120.65314405,51
1671926400,12.04,13.2,11.99,12.43,36.46908867,34
1672012800,12.5,12.63,12.5,12.56,44.96546248,15
1672099200,12.5,12.69,12.36,12.38,36.19062763,19
1672185600,12.07,12.23,11.71,11.85,14.96801657,13
1672272000,11.65,11.76,11.51,11.59,19.36396103,11
1672358400,11.73,12.69,11.5,11.54,92.30929975,22
1672444800,11.5,12.49,11.48,12.08,42.94402024,18
1672531200,11.77,11.77,11.7,11.7,1.84253,2
1672617600,11.52,11.88,11.52,11.76,47.30867194,11
1672704000,11.76,11.95,11.67,11.7,4.90773089,5
1672790400,12.03,12.03,11.84,11.97,5.0977633,3
1672876800,11.96,12.44,11.96,12.44,19.10685026,3
1672963200,12.61,12.61,11.95,11.95,199.91915343,25
1673049600,12.25,13.2,12.19,12.8,56.39250759,16
1673136000,12.82,14.31,12.82,13.32,104.53532824,31
1673222400,13.0,13.5,12.67,12.97,235.45086832,46
1673308800,13.02,14.03,12.86,14.03,219.25283243,56
1673395200,14.0,18.46,13.26,13.51,333.18784107,68
1673481600,14.09,15.03,13.56,13.98,107.06674522,15
1673568000,14.5,18.41,14.5,15.35,189.4122341,47
1673654400,15.92,21.55,15.17,15.41,1107.12555997,154
1673740800,15.3,16.15,14.7,15.88,126.50738997,38
1673827200,14.96,15.88,14.26,14.82,615.5472441,86
1673913600,14.76,16.51,14.32,15.77,635.39791622,91
1674000000,15.27,15.4,14.24,14.7,219.66630374,38
1674086400,14.65,14.65,13.99,14.65,187.1608583,25
1674172800,14.7,15.33,14.36,15.33,119.43419825,22
1674259200,15.4,17.01,14.95,16.01,393.09762296,52
1674345600,16.01,16.01,14.24,15.37,829.44571604,167
1674432000,15.37,16.09,15.37,15.77,98.57784276,15
1674518400,15.86,16.2,14.01,15.41,183.82969562,45
1674604800,15.37,15.6,14.61,14.76,109.75741437,22
1674691200,15.27,15.38,14.69,15.24,76.44215675,10
1674777600,15.73,16.4,15.33,16.38,137.09797409,19
1674864000,15.6,17.01,14.51,15.38,433.97325812,82
1674950400,15.47,16.17,15.47,15.59,37.96715355,11
1675036800,15.61,15.97,14.76,14.76,109.24172777,25
1675123200,14.89,15.48,14.5,15.48,95.52898115,19
1675209600,15.03,17.55,13.59,15.68,693.0457739,147
1675296000,15.69,17.15,15.69,15.93,698.59439875,114
1675382400,15.93,16.31,14.65,16.28,337.33989155,72
1675468800,16.1,19.81,16.1,18.48,280.58845144,82
1675555200,19.15,22.0,17.66,21.41,824.32650459,151
1675641600,20.05,22.99,19.74,20.75,977.15778694,183
1675728000,20.65,25.39,20.65,23.18,923.17642136,219
1675814400,23.19,25.81,18.58,20.57,870.50404703,192
1675900800,20.2,20.21,17.66,17.66,714.24492682,121
1675987200,17.8,19.4,17.8,18.47,391.75977958,85
1676073600,18.43,19.78,18.15,18.15,479.59568173,158
1676160000,18.59,18.85,17.8,17.97,126.36024759,24
1676246400,17.95,17.95,15.8,17.09,748.58840766,175
1676332800,16.89,20.5,16.1,18.97,1125.72902756,214
1676419200,20.47,20.47,17.75,19.38,363.00289435,107
1676505600,19.21,20.5,18.31,18.71,410.66312698,59
1676592000,18.73,19.85,18.55,19.07,226.52406197,50
1676678400,19.34,20.5,18.91,19.16,111.91840426,32
1676764800,19.17,20.5,19.17,19.62,132.06897311,22
1676851200,19.27,20.5,19.26,20.03,167.53743381,34
1676937600,20.01,20.29,18.81,19.06,57.51059496,16
1677024000,19.55,19.55,18.18,18.78,237.83652904,46
1677110400,19.15,20.49,18.5,18.5,93.01233029,27
1677196800,18.6,18.6,18.19,18.21,87.19554078,13
1677283200,18.18,18.47,18.08,18.1,30.08012621,13
1677369600,18.15,19.08,18.14,19.08,32.61627205,13
1677456000,18.5,19.37,18.24,18.33,198.52865965,42
1677542400,18.8,20.45,17.5,20.29,398.41070405,80
1677628800,19.86,23.38,19.71,20.39,496.71633495,136
1677715200,19.96,20.13,18.63,19.27,50.65129128,14
1677801600,18.76,18.76,17.18,18.34,206.67272164,59
1677888000,18.25,18.77,17.94,17.94,108.98121892,26
1677974400,17.81,17.81,17.0,17.59,202.64323287,53
1678060800,17.52,17.52,16.36,16.88,49.68837715,15
1678147200,17.03,17.73,16.3,16.33,42.84664859,10
1678233600,16.57,16.58,16.0,16.0,120.83393334,28
1678320000,15.78,16.07,15.12,15.57,162.70117259,38
1678406400,14.74,15.49,14.43,15.06,71.92827793,21
1678492800,15.29,15.29,14.03,14.62,24.11595317,8
1678579200,14.57,14.8,14.4,14.71,15.7780244,11
1678665600,15.9,16.32,15.07,16.32,433.24417354,103
1678752000,16.47,17.74,16.08,17.08,322.36328995,71
1678838400,17.42,22.0,17.13,18.12,384.15657977,116
1678924800,17.96,21.49,17.86,17.9,518.6170499,130
1679011200,17.99,19.3,17.47,18.36,273.44775205,54
1679097600,18.67,19.14,17.9,18.44,163.30747466,32
1679184000,18.24,19.11,18.24,19.11,81.94520081,20
1679270400,18.3,18.3,17.25,17.41,75.78180002,30
1679356800,17.25,17.56,17.0,17.56,75.79969944,15
1679443200,17.21,18.14,16.5,16.54,110.45873372,34
1679529600,16.75,17.51,16.43,17.1,40.3712903,11
1679616000,17.2,17.2,16.4,16.6,55.00308144,13
1679702400,16.55,16.82,16.52,16.82,36.01816438,7
1679788800,16.5,17.77,16.47,17.04,99.03869331,30
1679875200,17.38,17.48,16.62,17.03,156.26836393,46
1679961600,16.5,17.46,16.44,16.72,71.37366029,19
1680048000,17.0,19.38,17.0,17.3,169.37489222,47
1680134400,17.51,17.58,16.98,17.0,74.93827226,27
1680220800,16.99,17.51,16.61,17.51,36.1523951,14
1680307200,17.5,17.5,17.2,17.2,7.98766228,5
1680393600,17.26,18.49,16.91,16.91,56.14209835,19
1680480000,16.94,17.58,16.75,17.58,32.31549288,15
1680566400,16.75,17.67,16.75,17.04,28.41342654,14
1680652800,17.27,17.99,17.13,17.99,22.619304,11
1680739200,17.12,17.12,16.56,16.76,84.86592156,38
1680825600,16.62,16.86,15.91,16.86,76.42533501,15
1680912000,16.82,17.6,16.82,17.6,21.2522801,7
1680998400,17.19,18.0,16.63,17.67,43.74552551,14
1681084800,17.57,18.03,17.37,18.03,4.56248321,6
1681171200,17.57,18.7,17.56,18.1,105.49858237,18
1681257600,17.39,18.15,16.19,16.93,114.122993,30
1681344000,16.78,17.26,16.65,16.98,48.44711593,13
1681430400,16.67,17.34,16.42,17.34,76.19283077,17
1681516800,17.35,18.64,17.16,17.5,73.87439537,26
1681603200,17.5,17.7,17.46,17.7,21.59895027,8
1681689600,17.93,17.93,17.45,17.74,43.09923677,12
1681776000,17.53,17.83,17.44,17.56,127.82410283,25
1681862400,17.28,17.38,16.06,16.66,64.19242723,24
1681948800,16.17,16.71,15.0,16.01,194.2707999,31
1682035200,15.86,16.39,15.29,15.29,29.85829265,10
1682121600,15.54,15.84,15.48,15.63,11.96735701,4
1682208000,15.57,15.99,15.5,15.99,40.03662808,11
1682294400,15.67,16.4,15.01,15.22,21.85585503,10
1682380800,15.0,16.35,14.97,15.52,90.78102393,29
1682467200,14.94,15.64,14.79,14.87,101.73779562,24
1682553600,15.31,16.18,14.94,15.2,53.79059619,18
1682640000,15.11,15.12,14.8,15.12,14.32716938,5
1682726400,15.07,15.07,15.07,15.07,7,1
1682812800,14.99,15.18,14.31,14.87,114.80527009,19
1682899200,15.25,15.25,14.08,14.31,29.89122174,10
1682985600,14.28,15.34,14.28,14.98,74.94748479,23
1683072000,14.97,15.13,14.78,14.82,59.05387027,16
1683158400,14.85,15.72,14.67,14.67,34.32744374,11
1683244800,14.84,14.91,14.75,14.91,3.52314572,3
1683331200,14.97,14.97,14.1,14.36,82.777331,27
1683417600,14.16,14.16,13.6,14.15,60.29466076,13
1683504000,13.71,14.28,12.67,12.67,465.11682002,109
1683590400,13.58,13.58,13.58,13.58,0.71607,2
1683676800,12.99,13.42,12.99,13.42,21.63493558,6
1683763200,13.06,14.27,12.18,12.18,66.74542241,29
1683849600,12.13,12.15,12.13,12.15,42.22398637,9
1683936000,14.25,14.25,12.4,12.62,6.59342186,8
1684022400,13.07,13.5,12.36,12.72,92.44029967,23
1684108800,12.5,13.2,12.36,12.68,48.88297313,17
1684195200,13.09,13.39,12.45,12.6,168.04075327,29
1684281600,12.85,12.85,12.61,12.61,2.4075175,3
1684368000,12.89,13.15,12.51,12.69,42.30392149,18
1684454400,12.71,14.06,12.68,13.35,274.72143694,49
1684540800,13.35,13.76,12.47,13.15,49.68234499,18
1684627200,12.94,12.94,12.94,12.94,8.47932547,1
1684713600,13.13,13.99,12.92,13.14,83.91757845,21
1684800000,13.13,13.64,13.13,13.22,64.66125942,8
1684886400,13.89,13.9,12.54,13.9,107.75100139,42
1684972800,12.77,13.09,12.75,13.09,32.71776319,14
1685059200,13.99,18.75,13.87,14.88,825.27247182,251
1685145600,15.79,16.73,14.21,15.23,191.11707292,75
1685232000,14.64,14.64,14.0,14.49,60.15788898,27
1685318400,14.51,14.51,14.03,14.03,107.22589979,22
1685404800,14.04,14.22,13.0,14.22,233.9304109,52
1685491200,13.79,14.05,13.32,13.32,9.61909316,7
1685577600,13.31,14.29,12.91,13.53,86.36234502,30
1685664000,13.47,14.68,13.47,13.74,128.26093378,18
1685750400,14.09,14.09,13.46,13.46,1.36990091,3
1685836800,13.62,13.96,13.62,13.96,3.81348704,3
1685923200,13.29,13.81,12.5,12.65,54.55472649,26
1686009600,12.72,13.55,12.57,13.35,44.88416225,15
1686096000,13.04,13.18,12.39,12.39,48.91041726,20
1686182400,12.36,12.91,12.36,12.36,75.26373699,17
1686268800,12.4,12.86,12.32,12.32,14.66826076,14
1686355200,12.28,12.28,11.01,11.22,300.01593876,46
1686441600,11.84,11.88,11.26,11.26,124.65886891,20
1686528000,11.38,12.1,11.12,12.1,34.67845522,13
1686614400,12.37,12.7,11.28,11.29,120.99045679,26
1686700800,12.15,12.78,10.78,11.39,405.21622246,87
1686787200,10.55,10.93,10.5,10.93,63.44487988,23
1686873600,10.54,11.14,10.51,11.13,72.21234427,14
1686960000,11.14,11.4,11.13,11.39,15.2910651,6
1687046400,11.14,11.14,10.73,11.04,14.47547576,7
1687132800,10.8,10.94,10.62,10.94,17.57958391,3
1687219200,11.0,11.86,11.0,11.41,74.87421475,14
1687305600,11.92,13.7,11.92,13.23,94.72743907,40
1687392000,12.69,13.45,12.39,13.24,36.43249845,21
1687478400,12.35,12.85,12.18,12.83,54.79816841,27
1687564800,12.47,12.62,11.79,12.1,27.9732141,17
1687651200,12.64,12.75,12.11,12.28,28.27700015,9
1687737600,11.86,12.47,11.86,12.36,14.33471,7
1687824000,12.17,12.85,12.06,12.32,75.96624008,17
1687910400,12.14,12.49,11.16,11.16,302.60226732,68
1687996800,11.57,11.99,11.57,11.63,68.23992529,12
1688083200,11.99,12.23,11.49,12.23,43.31904657,11
1688169600,12.33,12.36,11.78,12.36,27.8197969,5
1688256000,12.24,12.25,12.24,12.25,27.6485049,3
1688342400,12.22,12.22,12.08,12.08,19.5,2
1688428800,12.74,13.01,12.74,12.85,62.65413342,15
1688515200,12.94,13.24,12.65,12.65,19.76942103,6
1688601600,12.52,12.66,12.09,12.6,48.10257699,10
1688688000,11.93,12.12,11.77,11.77,37.95558833,4
1688774400,12.09,12.14,11.8,11.8,8.94889421,5
1688860800,11.8,11.8,11.8,11.8,5,1
1688947200,11.9,11.9,11.9,11.9,1.07629,1
1689033600,12.01,12.36,11.78,11.78,31.81392781,4
1689120000,11.8,12.13,11.47,11.47,16.91512631,7
1689206400,11.54,12.13,11.35,12.07,149.49443026,24
1689292800,12.07,13.08,11.66,12.19,609.46227239,146
1689379200,12.02,12.61,11.55,11.84,26.96062075,9
1689465600,11.56,12.03,11.21,11.97,52.30441505,16
1689552000,11.58,12.12,11.54,12.12,110.68106945,12
1689638400,11.64,11.67,11.64,11.67,1.94,2
1689724800,12.15,12.15,11.65,11.69,16.67173207,8
1689811200,11.69,12.45,11.69,11.7,61.00373914,24
1689897600,11.1,12.9,11.09,12.0,79.70207687,13
1689984000,11.86,12.08,11.86,12.08,2.25,2
1690070400,11.89,11.9,11.68,11.9,14.15873288,4
1690156800,11.88,15.0,11.4,11.4,214.99018912,65
1690243200,11.68,12.23,11.68,11.92,136.32153998,22
1690329600,12.12,12.99,11.98,12.26,44.51916296,16
1690416000,12.43,12.81,12.43,12.81,10.95,4
1690502400,13.26,13.33,12.74,12.88,24.63483421,6
1690588800,12.53,12.53,12.13,12.27,23.44247428,6
1690675200,12.54,12.54,12.2,12.47,25.64158145,4
1690761600,13.22,13.22,12.15,12.78,48.19333,11
1690848000,12.02,12.76,11.72,12.3,75.84523473,18
1690934400,12.25,12.25,12.13,12.14,3.67075,3
1691020800,12.11,12.11,12.1,12.11,10.30870495,4
1691107200,12.13,12.25,11.0,11.0,267.8123516,58
1691280000,11.9,11.98,11.76,11.76,23.30624132,6
1691366400,11.99,12.5,11.87,12.0,95.24206137,21
1691452800,12.46,12.46,12.46,12.46,1.60513643,1
1691539200,12.23,12.33,11.83,12.22,73.81898544,11
1691625600,12.14,12.14,12.04,12.05,10.99551766,5
1691712000,11.83,11.87,11.63,11.65,13.85407268,4
1691798400,11.51,11.68,11.51,11.68,18.04543384,5
1691884800,11.69,11.77,11.69,11.77,6.44392827,3
1691971200,11.83,12.47,11.83,12.47,22.43600879,8
1692057600,12.12,12.5,11.5,11.8,48.63257405,12
1692144000,12.06,12.5,11.0,11.0,598.83662824,86
1692230400,11.58,11.62,10.5,10.5,198.0041651,53
1692316800,10.5,10.71,10.23,10.46,76.77891039,18
1692403200,10.83,10.95,10.65,10.95,47.19025794,4
1692489600,11.11,11.11,10.25,10.25,18.37349046,10
1692576000,10.38,10.52,10.01,10.42,104.51398476,24
1692662400,10.52,10.52,10.14,10.33,8.23608985,10
1692748800,10.42,10.95,10.14,10.56,129.28374539,44
1692835200,10.61,11.45,10.54,10.7,27.64634278,41
1692921600,10.61,10.61,10.03,10.55,56.85397263,26
1693008000,10.61,10.61,10.61,10.61,0.26468081,1
1693094400,10.6,10.6,10.33,10.33,6.76195243,7
1693180800,10.3,10.3,10.14,10.28,31.96341441,9
1693267200,10.24,10.44,10.11,10.35,31.2343362,24
1693353600,10.4,10.43,10.18,10.22,33.49321034,23
1693440000,10.32,10.34,10.0,10.15,50.30225839,22
1693526400,10.09,10.12,10.01,10.01,11.70869845,5
1693612800,10.22,22.5,10.12,18.38,3399.67467811,804
1693699200,20.08,22.7,16.1,18.11,2528.53114693,400
1693785600,18.33,20.56,13.38,13.69,1912.58638323,288
1693872000,13.27,13.56,12.75,13.23,660.44302327,72
1693958400,13.2,16.0,13.05,13.8,758.60320529,154
1694044800,13.8,14.03,12.57,13.38,1132.26951882,120
1694131200,13.78,14.4,12.28,12.93,638.66454532,96
1694217600,12.96,14.5,12.0,12.89,814.66872538,101
1694304000,12.64,13.52,11.66,12.34,553.80893387,69
1694390400,12.34,12.58,11.05,11.35,916.99521657,103
1694476800,11.37,13.01,10.95,11.45,1423.11053852,113
1694563200,11.41,11.8,11.06,11.54,518.41283366,53
1694649600,11.45,12.06,11.15,12.06,343.01355335,43
1694736000,11.71,13.04,11.62,12.45,600.50998838,110
1694822400,12.35,16.12,11.5,12.24,1121.42942307,109
1694908800,12.1,12.4,11.02,11.59,875.67060722,103
1694995200,11.77,11.9,11.62,11.62,14.37983096,9
1695081600,11.61,11.9,11.34,11.65,203.9364041,26
1695168000,11.89,12.65,11.39,12.65,542.07993061,65
1695254400,12.18,12.32,11.25,11.89,360.54491848,63
1695340800,12.04,12.86,11.64,12.14,965.49698296,102
1695427200,12.21,12.38,11.5,12.05,1028.12033836,75
1695513600,12.02,12.02,11.42,11.62,184.6749984,25
1695600000,11.54,12.12,11.12,11.88,666.36239296,44
1695686400,11.9,12.45,11.64,12.07,575.6070007,52
1695772800,12.18,12.5,11.91,11.91,206.39190342,30
1695859200,11.87,11.98,11.5,11.77,235.54575842,37
1695945600,11.76,11.77,11.27,11.73,100.85161589,24
1696032000,11.77,12.05,11.73,11.91,60.66984304,26
1696118400,12.05,13.18,12.05,13.05,699.18522742,78
1696204800,12.86,12.89,12.25,12.39,253.89560217,31
1696291200,12.59,12.59,11.73,12.07,388.99245768,43
1696377600,11.91,12.15,11.73,12.15,200.31028322,23
1696464000,12.05,12.11,11.52,11.98,68.30865011,16
1696550400,12.02,12.02,11.51,11.87,55.86554254,13
1696636800,11.77,11.78,11.75,11.78,6.10742064,3
1696723200,11.64,13.76,11.4,12.71,627.48004162,68
1696809600,12.59,12.59,11.2,11.77,364.80204741,70
1696896000,11.64,11.91,11.36,11.42,33.65083694,17
1696982400,11.4,11.4,10.65,10.98,448.61057884,30
1697068800,11.06,11.1,11.05,11.05,44.3,4
1697155200,11.1,11.19,11.1,11.12,389.03122621,19
1697241600,11.43,11.5,11.36,11.36,80.94571445,9
1697328000,11.64,11.64,11.64,11.64,0.87156064,1
1697414400,11.59,12.13,11.55,11.69,123.16248233,26
1697500800,11.83,11.83,11.24,11.24,44.47307021,14
1697587200,11.37,11.64,10.9,11.0,117.61859729,19
1697673600,10.99,11.28,10.88,11.16,79.65679016,18
1697760000,11.27,11.91,11.27,11.44,294.36467653,32
1697846400,11.6,11.77,11.17,11.74,379.82352466,23
1697932800,11.5,12.4,11.5,11.9,475.68501578,41
1698019200,11.91,12.32,11.1,12.32,615.2153473,75
1698105600,12.22,13.24,11.91,12.73,1152.11116365,155
1698192000,12.59,14.0,12.0,13.24,794.49070996,140
1698278400,13.76,13.76,12.59,13.39,302.19319121,55
1698364800,12.87,13.99,12.86,13.87,176.10124437,38
1698451200,13.48,14.12,12.96,13.61,206.47454352,47
1698537600,13.6,13.6,13.39,13.5,30.91422133,9
1698624000,13.4,13.72,12.96,13.58,167.05610438,25
1698710400,13.41,13.51,12.71,13.06,135.34649313,37
1698796800,13.06,13.49,12.36,13.49,110.10128858,29
1698883200,13.57,14.14,12.71,13.05,113.33478209,37
1698969600,12.71,13.06,12.0,13.06,23.64146974,16
1699056000,13.23,13.44,13.23,13.44,83.0557726,12
1699142400,13.58,13.99,13.33,13.34,135.32052363,20
1699228800,13.24,13.72,12.8,13.67,124.08091253,10
1699315200,13.86,14.34,13.0,13.66,498.54081439,50
1699401600,13.55,13.68,13.43,13.6,18.55647662,4
1699488000,13.68,14.39,13.0,13.31,612.42425231,156
1699574400,13.41,14.28,13.15,14.16,190.26427928,73
1699660800,14.16,14.38,13.73,13.84,125.42025085,45
1699747200,13.73,14.4,13.1,14.33,1032.81674145,144
1699833600,14.0,15.19,13.16,13.73,591.6368739,172
1699920000,13.64,13.84,12.99,13.44,246.75219208,89
1700006400,13.33,14.13,13.27,13.77,135.50199406,49
1700092800,13.88,14.14,13.02,13.11,530.58559218,148
1700179200,13.23,13.72,12.5,12.87,360.813153,91
1700265600,12.85,13.25,12.47,12.7,180.93051948,47
1700352000,12.6,15.88,12.6,14.16,1171.89652131,342
1700438400,14.49,15.11,13.91,14.55,200.03669005,97
1700524800,14.45,15.0,13.38,13.38,231.57285091,103
1700611200,13.5,14.7,13.5,14.59,113.11130322,46
1700697600,14.55,14.55,14.02,14.12,59.70290432,26
1700784000,14.23,15.88,13.65,14.99,320.38755722,120
1700870400,15.0,15.87,13.94,15.0,361.48925024,109
1700956800,14.89,15.11,14.34,14.54,82.15290513,49
1701043200,14.47,14.47,13.78,14.02,251.04357566,97
1701129600,13.91,14.55,13.57,14.12,253.31562687,57
1701216000,14.23,14.66,13.81,14.13,95.58334941,36
1701302400,14.02,14.33,13.52,14.24,157.12043948,48
1701388800,14.25,14.82,14.03,14.18,161.57099605,42
1701475200,14.23,14.45,14.16,14.45,111.24577464,33
1701561600,14.44,18.0,13.96,14.54,1324.13169176,257
1701648000,14.55,14.85,14.04,14.42,197.85401669,58
1701734400,14.55,15.94,14.24,15.0,630.90664778,127
1701820800,15.11,15.87,13.63,14.84,502.39157674,93
1701907200,14.75,16.87,14.22,15.11,385.18985717,102
1701993600,15.11,15.31,14.54,15.22,151.59890653,54
1702080000,15.31,16.09,14.97,15.17,353.88539936,94
1702166400,14.92,15.33,13.84,14.84,235.37654142,60
1702252800,14.83,15.49,13.08,13.95,492.91185575,88
1702339200,13.87,14.5,13.84,14.09,93.94613861,36
1702425600,13.96,14.22,13.68,13.99,119.53214535,31
1702512000,14.12,14.12,13.97,14.02,158.0585353,21
1702598400,14.22,15.82,14.22,14.58,558.40231323,158
1702684800,14.71,15.36,14.58,15.36,87.94627275,34
1702771200,15.23,15.99,14.67,15.23,170.26740538,93
1702857600,15.25,15.25,13.9,14.72,486.88084447,121
1702944000,14.78,15.12,14.01,14.37,372.64419158,52
1703030400,14.62,15.47,14.57,15.25,143.30643093,51
1703116800,15.37,16.69,15.1,15.4,164.50751974,40
1703203200,15.25,16.58,14.89,15.75,227.86158898,74
1703289600,15.62,15.62,15.13,15.5,20.23125961,11
1703376000,15.38,17.81,15.12,15.75,417.74327965,114
1703462400,15.68,16.47,15.62,16.23,155.58471944,60
1703548800,16.32,16.69,15.23,15.86,249.31125449,96
1703635200,15.75,16.64,15.46,16.23,187.07547843,79
1703721600,16.35,16.35,15.48,15.61,38.35780254,25
1703808000,15.55,19.0,15.25,16.64,2407.78097716,630
1703894400,17.29,19.77,17.28,18.01,1428.93514283,710
1703980800,18.91,19.8,18.0,18.85,158.22818905,53
1704067200,19.16,20.04,17.88,20.03,1017.50981189,202
1704153600,19.82,20.14,18.59,19.51,546.84916185,114
1704240000,19.36,20.28,16.65,17.66,689.11017603,200
1704326400,17.57,19.08,17.57,18.79,207.51965377,80
1704412800,19.51,19.64,18.02,18.47,223.69892351,76
1704499200,18.47,18.48,16.92,18.08,226.09730414,67
1704585600,18.08,18.48,16.78,16.78,215.48163533,78
1704672000,16.78,17.44,15.5,16.82,257.24240025,74
1704758400,15.94,16.27,11.76,15.43,478.40745543,78
1704844800,15.61,16.19,15.16,16.19,399.44467824,59
1704931200,16.48,17.69,16.48,16.85,598.09876122,88
1705017600,16.91,17.72,15.6,15.6,119.10594561,45
1705104000,16.25,16.43,16.1,16.35,110.94451156,21
1705190400,16.44,16.44,15.57,15.57,43.71050494,16
1705276800,15.64,16.09,14.92,15.75,339.54202276,65
1705363200,16.16,16.5,15.66,16.5,80.10427634,19
1705449600,16.57,16.72,15.98,15.99,105.01094703,20
1705536000,15.89,16.43,15.16,15.83,83.01753055,14
1705622400,15.2,15.72,15.09,15.23,45.23624908,18
1705708800,15.89,19.69,15.89,17.0,763.74365764,202
1705795200,16.89,18.6,16.79,16.79,284.4546128,55
1705881600,16.95,17.14,15.47,16.08,223.65357184,34
1705968000,15.99,16.83,15.0,15.55,178.15174057,27
1706054400,16.24,17.11,15.94,16.53,204.65685817,34
1706140800,16.54,20.64,16.07,18.16,2663.68845595,265
1706227200,18.58,18.58,17.74,18.06,373.08776759,31
1706313600,17.87,17.87,17.71,17.81,48.55247132,7
1706400000,18.12,18.46,17.97,18.35,106.64395439,10
1706486400,18.66,19.99,18.57,19.15,87.23869976,31
1706572800,18.93,20.2,18.91,19.26,261.2510252,39
1706659200,18.79,19.49,18.66,18.92,332.92411569,35
1706745600,18.76,19.36,18.76,19.36,15.66106892,2
1706832000,18.97,22.42,18.97,21.5,797.20075959,105
1706918400,21.99,23.23,21.08,22.06,340.02188632,50
1707004800,22.6,28.39,22.54,25.98,1351.39328121,246
1707091200,25.8,28.32,24.68,26.12,1096.2729714,201
1707177600,26.85,26.89,23.29,23.29,368.7290451,61
1707264000,23.06,24.2,22.49,22.55,641.89481025,103
1707350400,22.39,22.93,21.9,22.9,744.2070081,74
1707436800,23.27,23.36,21.92,22.38,232.68757656,44
1707523200,22.28,23.73,22.28,23.46,67.29008317,25
1707609600,22.89,22.9,22.02,22.05,378.34502878,70
1707696000,22.11,24.06,22.0,23.46,355.74802951,60
1707782400,23.24,23.53,22.48,23.43,1501.84583521,185
1707868800,23.42,24.85,23.23,24.17,329.47693037,48
1707955200,24.18,26.24,23.9,25.27,489.04191254,108
1708041600,25.55,29.11,25.31,26.51,434.93609527,143
1708128000,26.47,31.22,26.0,30.45,1510.82826878,205
1708214400,30.71,34.99,28.58,31.38,905.98888425,209
1708300800,30.68,34.22,30.68,31.85,388.07862688,113
1708387200,31.98,32.51,29.24,31.8,1207.17912221,164
1708473600,31.38,32.61,28.5,32.56,612.14077987,118
1708560000,32.4,35.0,31.24,32.15,484.73007883,99
1708646400,31.9,31.9,29.0,29.0,619.44962262,97
1708732800,28.94,29.53,27.96,28.7,508.74118797,76
1708819200,28.66,33.63,28.54,30.45,403.02141269,123
1708905600,30.1,31.43,28.89,29.69,263.28515791,89
1708992000,29.5,30.06,28.53,28.9,289.78042194,115
1709078400,28.8,30.6,26.37,29.61,584.68116157,215
1709164800,29.29,31.07,28.2,28.97,942.54935,385
1709251200,29.04,32.92,29.04,32.92,1216.18896543,230
1709337600,32.77,33.08,30.75,31.56,239.47415064,65
1709424000,31.51,32.93,28.81,32.55,452.31717805,144
1709510400,32.44,32.44,30.54,32.02,275.90114917,58
1709596800,32.44,34.18,27.0,30.35,578.95108223,155
1709683200,29.07,35.31,29.07,34.99,650.59977154,209
1709769600,35.18,36.0,33.6,36.0,153.83319929,45
1709856000,36.25,37.45,35.03,36.28,600.7975091,112
1709942400,36.12,47.5,35.82,47.34,2025.56650817,494
1710028800,47.71,49.14,42.03,43.66,831.7489845,209
1710115200,42.12,43.95,40.81,41.09,595.71141687,176
1710201600,41.09,42.82,37.1,38.99,451.91222005,130
1710288000,39.73,42.39,38.77,39.15,521.76766793,122
1710374400,39.43,39.76,35.77,39.63,1045.7653271,99
1710460800,37.56,37.58,33.0,35.06,784.67444281,155
1710547200,35.06,36.0,30.94,31.11,1655.46118392,229
1710633600,31.11,37.37,30.67,34.79,782.75395784,131
1710720000,34.42,34.46,31.61,31.73,321.77177928,87
1710806400,31.58,31.58,28.17,28.54,372.86548824,85
1710892800,29.45,33.92,28.03,33.64,442.43196196,83
1710979200,33.51,33.84,31.9,32.3,580.102318,120
1711065600,32.28,33.3,30.09,30.86,601.56246808,144
1711152000,30.82,32.19,30.75,31.53,85.66048247,21
1711238400,31.27,32.58,31.27,32.58,124.24085947,28
1711324800,32.63,35.07,32.63,34.38,304.4056681,42
1711411200,34.59,35.39,33.56,34.78,145.85210986,36
1711497600,34.79,37.43,33.68,34.72,338.52051569,108
1711584000,34.99,35.42,34.16,34.89,116.07749768,38
1711670400,34.48,34.61,33.32,34.0,213.33057692,95
1711756800,34.2,34.57,33.43,33.43,178.31400895,32
1711843200,33.48,33.83,33.23,33.67,157.80282278,28
