1661472000,0.07,0.07,0.06224,0.06224,2965.09107357,11
1661558400,0.0621,0.06682,0.06157,0.06478,49773.07945767,29
1661644800,0.06309,0.0637,0.062,0.062,3149.7823,7
1661731200,0.06074,0.065,0.05902,0.06368,58599.55970845,22
1661817600,0.065,0.065,0.06174,0.06174,1021.41550309,5
1661904000,0.06481,0.06481,0.06304,0.06305,1838.83282316,4
1661990400,0.06279,0.06394,0.06277,0.06394,870.79,7
1662076800,0.06642,0.06642,0.06506,0.06506,64.83,2
1662163200,0.06404,0.06404,0.06404,0.06404,1E+2,1
1662249600,0.06451,0.06451,0.064,0.0645,2046.610541,4
1662336000,0.06328,0.06945,0.06199,0.06199,191776,43
1662422400,0.06608,0.06756,0.06431,0.06431,18768.36481463,13
1662508800,0.06133,0.06442,0.059,0.06442,56427.27299965,23
1662595200,0.06405,0.06479,0.06269,0.06479,2910.88770457,7
1662681600,0.06491,0.06796,0.0638,0.0678,25740.56738753,38
1662768000,0.06761,0.06857,0.06761,0.06823,16028.10361581,22
1662854400,0.06747,0.06747,0.06747,0.06747,146.02,1
1662940800,0.06718,0.06718,0.06718,0.06718,5E+1,1
1663027200,0.06365,0.06433,0.0582,0.06123,23896.57417783,24
1663113600,0.06058,0.06232,0.06045,0.06232,12131.82662881,6
1663200000,0.05977,0.05977,0.05977,0.05977,6167.39010039,6
1663286400,0.05884,0.05884,0.05793,0.05802,5051.86189581,7
1663372800,0.05966,0.06135,0.05966,0.06135,3177.52032047,4
1663459200,0.06095,0.06389,0.05989,0.05989,12781.01251821,8
1663545600,0.05678,0.05678,0.05581,0.05581,387.04768,2
1663632000,0.05602,0.05766,0.05597,0.05597,379.5075862,3
1663718400,0.05485,0.05604,0.05483,0.05604,23257.33721696,7
1663804800,0.05436,0.05436,0.05425,0.05426,520.50193725,5
1663891200,0.05569,0.0632,0.05569,0.05639,23988.42616447,14
1663977600,0.05787,0.05798,0.05671,0.05671,5168.14931635,9
1664064000,0.05633,0.05633,0.05633,0.05633,336.7327,1
1664150400,0.05483,0.05483,0.05483,0.05483,3E+2,1
1664236800,0.05697,0.05697,0.05626,0.05626,5283.79898781,2
1664323200,0.05459,0.05459,0.05402,0.05402,706.57999289,3
1664409600,0.05226,0.05226,0.05226,0.05226,75.41,1
1664496000,0.05416,0.06087,0.0531,0.0531,10533.44875509,9
1664582400,0.05273,0.05459,0.05273,0.05301,11937.0316,10
1664668800,0.05369,0.05518,0.05292,0.05384,20620.34506431,9
1664755200,0.05344,0.05388,0.053,0.05388,2658.30587557,4
1664928000,0.05356,0.05356,0.0528,0.0528,586.11617424,4
1665014400,0.05258,0.05317,0.05197,0.05317,3145.14476597,4
1665100800,0.05306,0.05306,0.05306,0.05306,427.7593,1
1665187200,0.05263,0.05263,0.05263,0.05263,30.46,1
1665273600,0.05259,0.05267,0.05259,0.05267,3596.94,2
1665360000,0.05167,0.05256,0.05167,0.05256,215,2
1665532800,0.04886,0.04886,0.04832,0.04832,2137.72422431,2
1665619200,0.04565,0.04743,0.04497,0.04743,7075.38166111,6
1665705600,0.04963,0.04963,0.04963,0.04963,5E+1,1
1665792000,0.05089,0.055,0.0508,0.055,1341.34045489,14
1665878400,0.05633,0.05883,0.05062,0.05106,19519.67464431,11
1665964800,0.05165,0.05165,0.04973,0.04973,119.81,3
1666051200,0.04936,0.04936,0.0484,0.0484,6172.24008584,4
1666137600,0.04725,0.04819,0.04725,0.04819,7404.96,9
1666224000,0.04696,0.04696,0.04641,0.04641,3534.48538134,3
1666310400,0.04701,0.04701,0.04701,0.04701,6298.7118,2
1666396800,0.04865,0.04933,0.04865,0.04933,300.25,2
1666483200,0.04827,0.04904,0.04827,0.04904,70.09,2
1666569600,0.04864,0.04864,0.04623,0.04654,8717.9293,6
1666656000,0.04695,0.04696,0.04687,0.04687,15441.61852043,4
1666742400,0.04786,0.04819,0.04702,0.04752,19901.27684425,7
1666828800,0.04772,0.04772,0.04723,0.04723,11220.9361907,8
1666915200,0.04622,0.05158,0.04622,0.04813,1315.5465556,5
1667001600,0.04903,0.05014,0.04769,0.0501,1147.1066,9
1667088000,0.05171,0.05172,0.05047,0.05068,5891.4004909,6
1667174400,0.04912,0.04988,0.04897,0.04897,25412.25173,7
1667260800,0.04956,0.05007,0.04921,0.04966,9289.58394,7
1667347200,0.05083,0.05153,0.04975,0.05106,12069.60775563,7
1667433600,0.05283,0.05331,0.05173,0.05191,14535.48919964,12
1667520000,0.05355,0.05812,0.05355,0.05489,28558.8152769,16
1667606400,0.05371,0.05374,0.05371,0.05374,1778.88,2
1667692800,0.05446,0.05478,0.05245,0.05245,4508.54846662,3
1667779200,0.05136,0.05412,0.04994,0.05164,10629.93939069,18
1667865600,0.04811,0.06843,0.03822,0.03822,322825.80943395,129
1667952000,0.04135,0.04357,0.035,0.035,69623.19991212,54
1668038400,0.02781,0.03949,0.02001,0.03278,5831.60456611,13
1668211200,0.03119,0.03699,0.0276,0.02942,12356.39653506,15
1668297600,0.03785,0.29,0.02587,0.0395,26723.5431586,57
1668384000,0.02741,0.039,0.02741,0.03833,11384.17497996,22
1668470400,0.03477,0.0504,0.0314,0.03161,64662.406365,63
1668556800,0.03161,0.03971,0.03066,0.03548,48375.66932593,38
1668643200,0.03533,0.036,0.03036,0.03324,27984.59450144,23
1668729600,0.03104,0.03324,0.03041,0.03049,23172.30237322,15
1668816000,0.03077,0.03575,0.03001,0.032,81022.13037284,29
1668902400,0.03,0.03324,0.02891,0.02974,18408.04108216,19
1668988800,0.03306,0.03613,0.02907,0.03612,29885.30799966,23
1669075200,0.03346,0.03612,0.03053,0.03611,7137.03706037,16
1669161600,0.0328,0.04,0.0328,0.03574,62652.9891303,44
1669248000,0.03979,0.03979,0.03436,0.03547,28699.97175734,22
1669334400,0.03436,0.03851,0.03419,0.03851,21098.0207987,16
1669420800,0.03688,0.049,0.03688,0.04116,42241.14606639,28
1669507200,0.0395,0.03957,0.03575,0.03575,51304.19870538,15
1669593600,0.03564,0.03741,0.034,0.03649,69770.0597731,26
1669680000,0.03604,0.04788,0.03303,0.03881,16279.47144718,22
1669766400,0.03586,0.04049,0.03303,0.03877,34823.77549219,92
1669852800,0.03469,0.03783,0.03469,0.03663,18728.69592943,19
1669939200,0.03601,0.03783,0.03502,0.03768,22427.77958528,15
1670025600,0.03708,0.03708,0.03708,0.03708,50.0188781,1
1670198400,0.03688,0.04,0.03628,0.03686,26024.18929434,11
1670284800,0.0372,0.03772,0.03644,0.03644,6078.11296203,4
1670371200,0.03624,0.03624,0.03624,0.03624,1359.3,1
1670457600,0.03464,0.036,0.03448,0.03448,6329.38308644,5
1670544000,0.03609,0.03609,0.03609,0.03609,156.34,1
1670630400,0.03458,0.03521,0.03458,0.03521,1323.60224026,2
1670716800,0.03539,0.03539,0.03539,0.03539,1812.94,1
1670803200,0.03404,0.03454,0.03305,0.03454,10822.67158585,10
1670889600,0.03333,0.03333,0.03205,0.03245,3873.83270013,6
1670976000,0.03287,0.089,0.03201,0.034,195966.93202976,92
1671062400,0.034,0.034,0.03075,0.031,64354.01508207,34
1671148800,0.02777,0.02777,0.02777,0.02777,1E+2,1
1671235200,0.03025,0.065,0.02665,0.02957,174915.70670314,64
1671321600,0.0285,0.02881,0.0259,0.02862,10723.82954375,6
1671408000,0.02876,0.02876,0.02589,0.02589,30987.41215028,17
1671494400,0.0262,0.02752,0.0262,0.0275,16641.54041647,11
1671580800,0.02691,0.02691,0.02641,0.02641,3150.8776,2
1671667200,0.02527,0.02527,0.02524,0.02526,31687.00263771,7
1671753600,0.02579,0.03103,0.02579,0.02625,82182.24649673,22
1671840000,0.02723,0.02939,0.02723,0.02857,55296.79969747,14
1671926400,0.02846,0.02999,0.02618,0.02978,110755.23674043,38
1672012800,0.0269,0.02743,0.02281,0.02668,99907.61957664,34
1672099200,0.02325,0.02631,0.0232,0.02562,20451.3967667,6
1672185600,0.02563,0.02641,0.02519,0.02519,10277.84564776,7
1672272000,0.02537,0.02537,0.02537,0.02537,554.93895672,2
1672617600,0.02669,0.02686,0.02166,0.02671,31514.43949097,22
1672704000,0.02672,0.02685,0.02501,0.02574,9775.68220156,8
1672790400,0.02678,0.02678,0.02678,0.02678,74,1
1672876800,0.0269,0.031,0.02685,0.02719,36884.13859662,32
1672963200,0.02755,0.02755,0.02695,0.02695,660.55544057,3
1673049600,0.0272,0.0272,0.02667,0.02667,4332.54143991,4
1673136000,0.02694,0.02694,0.02654,0.02678,19425.68909421,11
1673222400,0.02753,0.02816,0.02328,0.02805,43800.67024618,32
1673308800,0.02764,0.0282,0.027,0.0282,41345.64694937,17
1673395200,0.02812,0.02812,0.02812,0.02812,700.73,1
1673481600,0.02936,0.02936,0.02877,0.0291,5266.26872001,6
1673568000,0.02993,0.03298,0.02956,0.03179,28534.38950192,17
1673654400,0.03208,0.035,0.0276,0.03169,106637.93504203,57
1673740800,0.03131,0.0323,0.03043,0.03184,53208.70769253,23
1673827200,0.03227,0.03263,0.03178,0.03263,27923.15380888,26
1673913600,0.03203,0.03226,0.03134,0.03226,5858.9554853,4
1674000000,0.03169,0.03248,0.02823,0.02985,11561.54243699,10
1674086400,0.02932,0.02932,0.02865,0.0292,10635.83242069,7
1674172800,0.02919,0.03248,0.02919,0.03248,36886.50795757,21
1674259200,0.03245,0.03374,0.03148,0.03306,10310.21682566,14
1674345600,0.03234,0.035,0.03234,0.03415,18808.96905094,11
1674432000,0.03539,0.03539,0.03354,0.03424,5191.96647814,7
1674518400,0.03457,0.03689,0.03365,0.03384,27183.44706073,20
1674604800,0.03293,0.03294,0.03255,0.03288,12819.58939538,5
1674691200,0.03386,0.039,0.03331,0.03706,36248.92945802,22
1674777600,0.03856,0.03949,0.03553,0.03609,32774.23085722,20
1674864000,0.03579,0.03827,0.03517,0.03801,15049.99395064,13
1674950400,0.03941,0.03949,0.03613,0.03831,59621.52166322,31
1675036800,0.03822,0.0404,0.03527,0.03527,29299.70455947,38
1675123200,0.03643,0.03643,0.036,0.036,7473.25555556,3
1675209600,0.03579,0.03718,0.03579,0.03671,3865.66476477,3
1675296000,0.0368,0.03748,0.0368,0.0368,7901.67324952,7
1675382400,0.03688,0.03742,0.03688,0.03742,3651.25149701,2
1675468800,0.03773,0.04669,0.03751,0.03848,95752.59057012,57
1675555200,0.03841,0.03887,0.03624,0.03624,50742.39086565,27
1675641600,0.03691,0.03921,0.03675,0.03897,25228.30504436,21
1675728000,0.03844,0.04999,0.03798,0.04162,192284.72914862,118
1675814400,0.0434,0.0504,0.04207,0.04255,296378.0096504699,126
1675900800,0.04298,0.05098,0.03745,0.03745,157374.1506759899,82
1675987200,0.03737,0.04123,0.03694,0.03809,23932.1123894,11
1676073600,0.04,0.04069,0.04,0.04069,2695.19,3
1676160000,0.04043,0.04043,0.04043,0.04043,1E+2,1
1676246400,0.03975,0.0451,0.03859,0.03859,42818.35127436,30
1676332800,0.03747,0.04047,0.03743,0.03894,16995.39006555,7
1676419200,0.0391,0.04111,0.0374,0.04111,32117.08260591,24
1676505600,0.04187,0.1338,0.04,0.08122,669617.3025446902,661
1676592000,0.0812,0.11091,0.0697,0.07748,945127.3654067697,651
1676678400,0.07805,0.07805,0.0697,0.07205,234830.3234187,197
1676764800,0.07151,0.07666,0.07041,0.071,94200.83129859,78
1676851200,0.07422,0.07823,0.05913,0.06533,153337.75875628,136
1676937600,0.06549,0.06972,0.0574,0.0588,147482.3590248,135
1677024000,0.0588,0.0699,0.05452,0.06068,154084.87083569,107
1677110400,0.06284,0.07498,0.05797,0.0661,286663.94505802,198
1677196800,0.06629,0.07,0.05754,0.05754,369387.9011377501,171
1677283200,0.05661,0.06191,0.05661,0.0589,37770.66375349,26
1677369600,0.05904,0.0618,0.05841,0.05927,103061.00708415,87
1677456000,0.0605,0.071,0.0605,0.06787,543180.79333884,220
1677542400,0.0664,0.12745,0.06499,0.08224,999559.38466943,759
1677628800,0.08354,0.1037,0.0748,0.09129,635036.9782624004,401
1677715200,0.09107,0.09609,0.08144,0.08334,232255.05518488,162
1677801600,0.08549,0.0967,0.07522,0.08607,320608.99196288,248
1677888000,0.08608,0.11499,0.08608,0.101,771201.3195286094,603
1677974400,0.101,0.145,0.1004,0.11212,675992.2659062297,732
1678060800,0.11367,0.1334,0.10346,0.11769,508942.3339174899,527
1678147200,0.11829,0.12846,0.11163,0.11936,303350.60346602,372
1678233600,0.12051,0.124,0.09636,0.09694,545091.1885568904,364
1678320000,0.09944,0.10755,0.08232,0.0841,334027.81359883,223
1678406400,0.08448,0.09985,0.07549,0.09708,322531.99089895,134
1678492800,0.09672,0.1334,0.0868,0.09933,1177572.4900750797,633
1678579200,0.09662,0.105,0.09266,0.10381,186768.4783676599,102
1678665600,0.10236,0.12189,0.1005,0.10675,456571.4216378997,204
1678752000,0.11294,0.12923,0.10043,0.1019,304939.2236658502,167
1678838400,0.1025,0.13475,0.09059,0.09106,871385.2460839503,352
1678924800,0.09125,0.0968,0.08788,0.09183,221516.6114043701,144
1679011200,0.09055,0.09447,0.08528,0.0914,484800.5842933499,426
1679097600,0.09389,0.09654,0.08569,0.08646,196337.84700296,89
1679184000,0.08808,0.08849,0.07779,0.08239,376231.9306741199,162
1679270400,0.08089,0.08413,0.07541,0.07666,212580.03918376,125
1679356800,0.0761,0.079,0.07248,0.07827,185117.99315187,80
1679443200,0.07972,0.08883,0.07315,0.07414,354116.8356300499,183
1679529600,0.07528,0.07784,0.07528,0.07689,239493.78929607,71
1679616000,0.079,0.088,0.07733,0.07733,186478.26217292,104
1679702400,0.08224,0.094,0.07738,0.07784,282292.1726050401,95
1679788800,0.07815,0.07945,0.07742,0.07819,66647.21214561,37
1679875200,0.0782,0.07906,0.06981,0.06981,238773.7076039501,103
1679961600,0.06924,0.07151,0.0682,0.07055,184886.7852967001,94
1680048000,0.07072,0.07797,0.07072,0.0745,71811.89024718,53
1680134400,0.0745,0.078,0.07,0.07074,88614.82063841,49
1680220800,0.07091,0.07276,0.06966,0.072,26139.15985078,15
1680307200,0.073,0.07442,0.07224,0.07421,24971.2604629,18
1680393600,0.075,0.075,0.07047,0.07182,45813.11588815,27
1680480000,0.07379,0.075,0.067,0.06836,141180.96350586,57
1680566400,0.06793,0.0724,0.06793,0.06944,47239.50407756,28
1680652800,0.06919,0.07058,0.0654,0.0669,170046.4825894701,107
1680739200,0.06576,0.06837,0.06378,0.06467,335500.3463260799,138
1680825600,0.06524,0.06524,0.0628,0.06347,51499.68474094,30
1680912000,0.064,0.06523,0.062,0.06334,153470.01417642,62
1680998400,0.064,0.06841,0.06345,0.0675,226045.53452736,55
1681084800,0.06766,0.0681,0.06489,0.0681,70835.75508944,39
1681171200,0.0681,0.0681,0.0658,0.066,62694.69509138,30
1681257600,0.06633,0.06633,0.06188,0.06366,71297.67923484,33
1681344000,0.0641,0.06684,0.06389,0.06684,71874.0149565,23
1681430400,0.0675,0.069,0.064,0.069,100032.05802768,42
1681516800,0.06919,0.07146,0.06841,0.06997,108882.41391879,35
1681603200,0.06854,0.07319,0.06854,0.072,56003.25691936,28
1681689600,0.071,0.073,0.0678,0.07199,31366.84350863,40
1681776000,0.07148,0.07329,0.06981,0.07126,27232.02938703,21
1681862400,0.0703,0.0703,0.06,0.0603,110680.54928945,67
1681948800,0.06261,0.06296,0.05757,0.05865,78521.77667032,34
1682035200,0.05804,0.06039,0.042,0.05448,395302.9660448498,118
1682121600,0.05463,0.05617,0.0545,0.0555,12408.84831457,9
1682208000,0.05694,0.05694,0.05323,0.05439,155467.4587266,48
1682294400,0.0545,0.05534,0.0539,0.05487,44835.93767159,13
1682380800,0.0541,0.05665,0.053,0.05658,49097.80065479,18
1682467200,0.05614,0.05695,0.05108,0.05447,124200.95335601,34
1682553600,0.05559,0.05624,0.05333,0.05601,32418.54436154,16
1682640000,0.05672,0.05672,0.05526,0.05607,48454.34850678,12
1682726400,0.05596,0.05634,0.05596,0.05609,9006.99144868,3
1682812800,0.0564,0.05717,0.0555,0.05586,18728.50495649,9
1682899200,0.05486,0.05487,0.05381,0.05381,4362.41076601,4
1682985600,0.05492,0.05632,0.05478,0.05629,23858.02086501,7
1683072000,0.056,0.056,0.0515,0.05515,48489.95791196,24
1683158400,0.05603,0.05603,0.05405,0.05405,82929.65003697,11
1683244800,0.05348,0.05479,0.05348,0.05475,20170.92591539,5
1683331200,0.05536,0.05555,0.04852,0.04852,30470.83458651,25
1683417600,0.04856,0.04888,0.0463,0.0463,26979.13257739,17
1683504000,0.04693,0.04693,0.04002,0.043,186553.72262294,59
1683590400,0.04123,0.04286,0.04123,0.04203,18522.32339599,7
1683676800,0.04175,0.044,0.04,0.0424,92569.69934923,29
1683763200,0.04176,0.04176,0.03846,0.03996,44069.34911179,18
1683849600,0.03934,0.04185,0.03891,0.04185,68820.60674905,20
1683936000,0.04168,0.04195,0.04119,0.04128,5759.18305602,6
1684022400,0.04096,0.04293,0.0407,0.04251,12529.79744479,11
1684108800,0.04431,0.04431,0.0419,0.04416,129772.44711744,17
1684195200,0.04342,0.04448,0.04342,0.04448,468.71734,3
1684281600,0.04419,0.04709,0.0435,0.04682,23875.51804049,18
1684368000,0.04617,0.04674,0.04442,0.04577,154015.27258997,22
1684454400,0.04671,0.04671,0.04481,0.0459,10439.76238089,11
1684540800,0.04606,0.04606,0.04606,0.04606,163.15205,1
1684627200,0.0434,0.04363,0.0434,0.04363,295.4,3
1684713600,0.04365,0.0442,0.04362,0.04362,42362.17333601,5
1684800000,0.04367,0.04373,0.04333,0.04343,29346.90085207,8
1684886400,0.042,0.042,0.03852,0.03931,50168.03535268,29
1684972800,0.03894,0.03982,0.03875,0.03944,21084.55067269,14
1685059200,0.03989,0.0402,0.03916,0.03988,12974.24794856,16
1685145600,0.04014,0.04014,0.03907,0.03914,35364.32507108,7
1685232000,0.03807,0.04048,0.038,0.04048,44119.35392562,25
1685318400,0.03962,0.03962,0.03786,0.03794,59108.83698439,19
1685404800,0.03851,0.03868,0.037,0.03811,37968.74235178,19
1685491200,0.03771,0.04146,0.03658,0.04135,254947.57468119,59
1685577600,0.04161,0.04739,0.04161,0.04429,666334.5843464504,170
1685664000,0.04323,0.04403,0.04091,0.04155,208186.32238217,52
1685750400,0.04191,0.047,0.04191,0.04328,109133.84405609,53
1685836800,0.04099,0.04173,0.04099,0.04136,18935.91258244,8
1685923200,0.04,0.04,0.03329,0.03585,246919.0991618301,73
1686009600,0.0375,0.043,0.03716,0.043,346481.7839387699,92
1686096000,0.04203,0.04595,0.03771,0.0382,94079.06233918,57
1686182400,0.037,0.03897,0.03685,0.03782,4710.68458061,10
1686268800,0.03736,0.03834,0.03686,0.03709,14796.37718764,14
1686355200,0.034,0.034,0.0277,0.02906,246924.6497032001,75
1686441600,0.02988,0.03151,0.02988,0.03064,14142.68141539,6
1686528000,0.03017,0.0314,0.02985,0.0314,32646.98989802,5
1686614400,0.03179,0.0324,0.03056,0.03085,139900.01063093,23
1686700800,0.03048,0.03168,0.029,0.02988,132500.42259166,31
1686787200,0.03055,0.03258,0.0295,0.03156,146431.50623059,32
1686873600,0.03149,0.03423,0.03127,0.03315,232667.61186411,33
1686960000,0.03335,0.0365,0.03335,0.03585,285295.87815658,64
1687046400,0.03559,0.038,0.03318,0.03345,513899.3239579999,97
1687132800,0.03328,0.03609,0.03325,0.03522,101814.58060732,38
1687219200,0.03506,0.03769,0.03375,0.0363,688658.42879069,79
1687305600,0.03673,0.0377,0.03463,0.03765,315737.84301618,70
1687392000,0.038,0.03835,0.03668,0.03695,369346.49317064,46
1687478400,0.03697,0.0399,0.03673,0.03924,517562.04501721,64
1687564800,0.03898,0.03938,0.038,0.03854,180724.47683659,29
1687651200,0.03952,0.04226,0.03952,0.042,173234.72932905,54
1687737600,0.04057,0.04057,0.0386,0.0387,67674.86043853,38
1687824000,0.03832,0.04227,0.03831,0.04053,93318.62630353,33
1687910400,0.03966,0.04001,0.03642,0.037,95107.28949951,43
1687996800,0.03753,0.03809,0.03697,0.03697,76508.30702615,20
1688083200,0.03732,0.03921,0.03674,0.03784,163818.12000508,42
1688169600,0.0389,0.03917,0.03828,0.03854,18083.68804325,7
1688256000,0.03799,0.03814,0.03742,0.03759,54901.12279492,10
1688342400,0.03836,0.03929,0.03815,0.0389,46975.39288171,15
1688428800,0.03941,0.03983,0.03865,0.03903,79429.35001375,28
1688515200,0.03908,0.04024,0.03735,0.03755,92609.01215714,33
1688601600,0.03764,0.03878,0.03665,0.03702,29568.71924049,16
1688688000,0.03567,0.03599,0.03567,0.03599,15127.19118667,4
1688774400,0.0359,0.0359,0.0356,0.0356,144623.93554289,28
1688860800,0.0357,0.0357,0.03495,0.03495,17964.801549,5
1688947200,0.03433,0.03474,0.03419,0.03474,13818.09916085,5
1689033600,0.03479,0.03479,0.03479,0.03479,3E+2,1
1689120000,0.03526,0.03526,0.03383,0.03383,20406.01567966,7
1689206400,0.0336,0.03604,0.03351,0.03604,47152.31475038,24
1689292800,0.03657,0.03706,0.03459,0.03477,15407.78623464,14
1689379200,0.03531,0.03605,0.03523,0.03523,21958.7255292,6
1689465600,0.03453,0.03512,0.03379,0.03379,49236.54012573,13
1689552000,0.0342,0.03599,0.03371,0.03425,155594.02653608,18
1689638400,0.03391,0.03398,0.03319,0.03319,16408.95848288,7
1689724800,0.03379,0.03413,0.03319,0.03319,27456.39047739,8
1689811200,0.03299,0.03339,0.0325,0.0325,19295.70365369,10
1689897600,0.03244,0.03492,0.03225,0.0324,22652.73062334,9
1690070400,0.03166,0.03279,0.03166,0.03246,46640.26156761,11
1690156800,0.03223,0.03223,0.03,0.03067,48066.63738777,18
1690243200,0.03064,0.03064,0.03064,0.03064,4782.98873721,1
1690329600,0.03066,0.03157,0.03066,0.03157,12218.652043,6
1690502400,0.0326,0.03267,0.0326,0.03267,318.10368347,2
1690588800,0.0326,0.0326,0.03239,0.03243,6657.97894812,4
1690675200,0.03252,0.03262,0.03225,0.03225,151390.36,11
1690761600,0.03222,0.03222,0.03136,0.0316,111439.14184134,28
1690848000,0.0315,0.03187,0.03102,0.03175,35308.42980423,12
1690934400,0.03238,0.03256,0.03077,0.03077,67936.90861504,20
1691020800,0.0307,0.03087,0.03042,0.03087,92112.7456772,17
1691107200,0.0306,0.0306,0.0294,0.02989,57217.31709463,11
1691193600,0.02947,0.0298,0.0294,0.02977,8403.3807113,5
1691280000,0.03027,0.03088,0.03027,0.03088,27637.04652575,4
1691366400,0.03153,0.03168,0.03102,0.03109,15385.4878055,4
1691452800,0.03133,0.03462,0.03069,0.03309,909304.9838101397,126
1691539200,0.03321,0.03339,0.03148,0.03219,81637.40424712,37
1691625600,0.03217,0.03265,0.0315,0.03265,44772.96287834,15
1691712000,0.03308,0.035,0.03256,0.03384,127697.50152046,45
1691798400,0.03421,0.03479,0.03421,0.03467,19371.32704346,14
1691884800,0.035,0.036,0.035,0.03592,176537.05661579,24
1691971200,0.03541,0.03652,0.03541,0.0359,89359.75561694,17
1692057600,0.03484,0.03501,0.03212,0.03353,397740.76786193,59
1692144000,0.03326,0.03326,0.03063,0.03063,97640.90434267,48
1692230400,0.03111,0.03142,0.02484,0.0275,195740.4351384501,49
1692316800,0.02751,0.02751,0.02641,0.02681,177740.4513861,54
1692403200,0.02659,0.02763,0.02655,0.02746,26023.18757545,9
1692489600,0.02787,0.03075,0.02726,0.0284,753623.0675768801,154
1692576000,0.0277,0.0277,0.02698,0.02758,175174.03071478,15
1692662400,0.02848,0.039,0.02811,0.02884,460569.86342983,77
1692748800,0.02917,0.033,0.02917,0.03225,635232.4255024297,102
1692835200,0.03259,0.03259,0.03055,0.03138,199880.1014107,24
1692921600,0.03108,0.03108,0.03011,0.03062,87095.04488264,15
1693008000,0.03011,0.03016,0.02981,0.02981,20632.3858323,9
1693094400,0.02876,0.02942,0.02876,0.02942,108476.73678566,11
1693180800,0.02925,0.02925,0.0282,0.029,106353.57906495,12
1693267200,0.02896,0.02992,0.02783,0.02939,111046.78871395,34
1693353600,0.02955,0.02955,0.02783,0.02802,116833.79642224,37
1693440000,0.02782,0.02804,0.0266,0.02719,138642.98547529,61
1693526400,0.0273,0.02905,0.02708,0.02765,116436.66196616,35
1693612800,0.02766,0.02835,0.02714,0.02835,14509.2650077,16
1693699200,0.02801,0.02838,0.02743,0.02762,49409.86517217,19
1693785600,0.02775,0.02868,0.02729,0.02745,159635.81815136,32
1693872000,0.02744,0.029,0.02735,0.029,92953.38400789,23
1693958400,0.02878,0.02924,0.02858,0.02891,11954.07470539,7
1694044800,0.02941,0.03,0.02891,0.02968,58309.68883246,20
1694131200,0.0302,0.031,0.02992,0.03032,818773.0899072901,57
1694217600,0.03059,0.032,0.03038,0.03038,37350.82610522,18
1694304000,0.02982,0.02982,0.02777,0.02871,215543.16382835,42
1694390400,0.0288,0.0288,0.0274,0.02791,64111.22717312,19
1694476800,0.02804,0.03,0.02804,0.02872,115988.70567157,27
1694563200,0.02897,0.03022,0.02864,0.03022,199773.62092852,23
1694649600,0.03056,0.03132,0.03042,0.03112,53843.83303265,21
1694736000,0.03119,0.03354,0.03119,0.03331,71372.55541958,20
1694822400,0.03332,0.035,0.03302,0.03474,100105.15300402,41
1694908800,0.03455,0.03455,0.03206,0.03323,63396.14858994,29
1694995200,0.03386,0.0355,0.03386,0.0348,38015.15626595,29
1695081600,0.03499,0.03709,0.03499,0.03662,45376.96028368,28
1695168000,0.03687,0.03687,0.03507,0.03591,32824.96266455,20
1695254400,0.03374,0.03391,0.03362,0.03372,19282.85251649,6
1695340800,0.03421,0.03433,0.03349,0.03349,110129.54526789,11
1695427200,0.03336,0.03336,0.03254,0.03254,11568.94342568,4
1695513600,0.03252,0.03252,0.0314,0.03163,10577.74589733,6
1695600000,0.0312,0.03162,0.03056,0.03105,24003.97427238,12
1695686400,0.03147,0.03189,0.03054,0.03066,12917.72999052,8
1695772800,0.03217,0.03233,0.03139,0.0315,10753.23100858,6
1695859200,0.03223,0.03403,0.03223,0.03403,48958.16259673,15
1695945600,0.03429,0.03511,0.03385,0.03511,26876.9942744,11
1696032000,0.03499,0.03543,0.03457,0.03543,140897.8887775,10
1696118400,0.03579,0.04,0.03579,0.03961,468791.9101466199,112
1696204800,0.03956,0.0484,0.03806,0.03954,116807.30658829,50
1696291200,0.03992,0.04148,0.03802,0.03839,51529.20299345,36
1696377600,0.03704,0.04175,0.03482,0.03636,258798.6498854201,110
1696464000,0.03662,0.03823,0.0366,0.03673,20926.41264131,21
1696550400,0.03596,0.03769,0.03596,0.0376,35329.30562405,23
1696636800,0.03716,0.03716,0.03562,0.03562,11701.87133248,8
1696723200,0.0359,0.0359,0.03493,0.03569,6886.73037655,8
1696809600,0.03633,0.03715,0.0276,0.03393,78972.24804731,34
1696896000,0.03342,0.03342,0.0323,0.03237,7827.63784613,7
1696982400,0.03203,0.03277,0.03192,0.03277,33336.3470524,18
1697068800,0.03245,0.03245,0.031,0.03169,26705.58056769,15
1697155200,0.03272,0.03272,0.03186,0.0324,20582.48641476,8
1697241600,0.03278,0.03278,0.03212,0.0323,16011.63275124,5
1697328000,0.03287,0.03309,0.03236,0.0328,27547.74084253,14
1697414400,0.03329,0.03478,0.03244,0.03426,20390.11922032,19
1697500800,0.03361,0.03361,0.03112,0.03135,34621.74543158,15
1697587200,0.03158,0.03158,0.0308,0.03137,19470.990764,8
1697673600,0.0305,0.03059,0.03018,0.03059,1841.76128393,4
1697760000,0.03067,0.0316,0.03067,0.03156,38513.91213786,10
1697846400,0.03148,0.03362,0.03148,0.03287,34247.10734024,6
1697932800,0.03306,0.03337,0.03306,0.03337,10569.99546833,4
1698019200,0.03417,0.03492,0.0333,0.03492,61689.91278934,16
1698105600,0.03562,0.0372,0.03532,0.0364,189387.9894318501,34
1698192000,0.03638,0.03763,0.03638,0.03681,14462.89892203,10
1698278400,0.03788,0.03901,0.03583,0.03708,61111.1140157,18
1698364800,0.03632,0.03706,0.03527,0.03647,70679.68667694,23
1698451200,0.03638,0.03792,0.03637,0.0368,17631.04023067,7
1698537600,0.0363,0.03674,0.03622,0.03674,7589.19494877,3
1698624000,0.03637,0.03637,0.03507,0.03606,88045.9961323,23
1698710400,0.03707,0.03779,0.03461,0.03539,26292.19593647,20
1698796800,0.03508,0.03716,0.03508,0.03673,21213.74770549,8
1698883200,0.03734,0.03862,0.03615,0.03632,39710.57396758,18
1698969600,0.03519,0.03635,0.03458,0.03635,18516.48403532,14
1699056000,0.03692,0.0383,0.03692,0.03813,117691.17601736,23
1699142400,0.03804,0.04178,0.0372,0.04002,268295.21396293,181
1699228800,0.03929,0.0423,0.0382,0.03926,374773.2441560099,151
1699315200,0.03902,0.03958,0.0366,0.03754,191950.51592635,44
1699401600,0.0369,0.043,0.03682,0.04109,479898.15753922,110
1699488000,0.04174,0.046,0.03673,0.04304,356554.2025753499,182
1699574400,0.04382,0.05448,0.04127,0.04485,529436.1223426003,446
1699660800,0.04432,0.04899,0.043,0.04691,464831.85483275,122
1699747200,0.04494,0.05373,0.04494,0.04585,328136.99500692,121
1699833600,0.04541,0.04795,0.044,0.044,586960.1920562498,112
1699920000,0.043,0.04407,0.03841,0.04125,222129.49433893,84
1700006400,0.04131,0.05101,0.04131,0.04385,3242080.962038839,1098
1700092800,0.04456,0.04727,0.04314,0.04605,377303.7847196002,106
1700179200,0.04723,0.05014,0.04265,0.0458,112852.49068188,77
1700265600,0.04497,0.04497,0.04151,0.04241,85695.34273782,50
1700352000,0.04232,0.05448,0.04164,0.04583,410259.8283773602,193
1700438400,0.04582,0.04783,0.04281,0.04336,132394.81681995,102
1700524800,0.04259,0.04442,0.03846,0.03846,109632.3271217999,55
1700611200,0.03873,0.044,0.03873,0.044,330949.95262843,71
1700697600,0.04383,0.052,0.04383,0.05088,866427.04131764,182
1700784000,0.05126,0.05333,0.04679,0.05238,217789.6545230199,97
1700870400,0.05165,0.05196,0.05002,0.05113,33536.25731547,23
1700956800,0.05065,0.05827,0.05065,0.05501,162420.9056758999,63
1701043200,0.05554,0.05678,0.05244,0.05473,222101.95857775,53
1701129600,0.05534,0.05658,0.05125,0.05433,323165.91360725,104
1701216000,0.05153,0.05585,0.05088,0.05257,156450.31602097,62
1701302400,0.05223,0.05424,0.04962,0.05319,69101.45162565,28
1701388800,0.05256,0.05623,0.05052,0.0526,91671.85249872,52
1701475200,0.05354,0.05773,0.05251,0.05421,65961.33228233,47
1701561600,0.05517,0.05629,0.05285,0.05341,192856.95207876,72
1701648000,0.05416,0.05629,0.05001,0.05536,137718.85478989,66
1701734400,0.05486,0.06396,0.05212,0.05531,179885.27817982,86
1701820800,0.05402,0.05677,0.051,0.05275,110554.60163199,78
1701907200,0.05167,0.05481,0.051,0.05369,124884.47106636,66
1701993600,0.05348,0.05492,0.053,0.05492,60548.94045736,23
1702080000,0.05532,0.05661,0.05189,0.05483,421430.3543793401,102
1702166400,0.0542,0.05566,0.05253,0.05428,63335.03445638,30
1702252800,0.05345,0.05359,0.0471,0.04903,112584.58461244,59
1702339200,0.04967,0.05055,0.04746,0.04746,111557.89386055,30
1702425600,0.04818,0.04899,0.03937,0.04787,362157.29320539,83
1702512000,0.04802,0.04802,0.04534,0.0476,178509.87871787,33
1702598400,0.04761,0.04765,0.04474,0.04495,77386.73298653,17
1702684800,0.0452,0.04716,0.0452,0.04662,191363.20469094,34
1702771200,0.04691,0.05594,0.04552,0.04552,447720.82174762,89
1702857600,0.04595,0.04639,0.0421,0.04548,102650.93046093,44
1702944000,0.04553,0.04588,0.0435,0.04372,114796.87926664,27
1703030400,0.04385,0.04697,0.04385,0.04627,240443.8528599,60
1703116800,0.04623,0.04774,0.04623,0.04703,188262.2282384,45
1703203200,0.04699,0.04969,0.0461,0.04846,218459.49400577,48
1703289600,0.04789,0.04897,0.04632,0.04897,144479.13596005,30
1703376000,0.04966,0.05427,0.049,0.0528,127651.2479325,53
1703462400,0.05268,0.05331,0.05164,0.05253,305082.50340136,41
1703548800,0.05363,0.06168,0.051,0.05606,262087.96083111,106
1703635200,0.05634,0.05784,0.05252,0.05336,173214.31832021,68
1703721600,0.05321,0.05976,0.05321,0.05551,240886.71921242,66
1703808000,0.05405,0.05479,0.0518,0.0518,271504.88710167,74
1703894400,0.05197,0.05326,0.05058,0.05134,132373.4692737,27
1703980800,0.05094,0.05393,0.05094,0.05253,22372.97823154,22
1704067200,0.05258,0.05536,0.05079,0.05519,54408.16896401,33
1704153600,0.05476,0.05987,0.05452,0.0586,482917.8629900902,88
1704240000,0.05793,0.05803,0.04723,0.05008,155297.10471309,96
1704326400,0.05058,0.05302,0.0491,0.05191,102025.89666294,61
1704412800,0.05024,0.05098,0.047,0.04802,102679.32721866,36
1704499200,0.04852,0.04852,0.04566,0.04702,54760.56305194,19
1704585600,0.04702,0.04702,0.04324,0.04356,363064.37272668,55
1704672000,0.0437,0.04641,0.04066,0.04566,173036.51614591,56
1704758400,0.04542,0.04579,0.04126,0.04267,119759.9069205,66
1704844800,0.04309,0.04802,0.0407,0.04739,117045.44364147,63
1704931200,0.04684,0.05221,0.04569,0.04844,232763.36871067,75
1705017600,0.04845,0.04974,0.04487,0.04641,217298.96041259,51
1705104000,0.0465,0.04728,0.04504,0.04692,114213.09848344,17
1705190400,0.04672,0.04788,0.045,0.045,11645.27341476,20
1705276800,0.04482,0.04677,0.04482,0.04645,49592.55573791,12
1705363200,0.047,0.0471,0.04554,0.047,7830.52227925,16
1705449600,0.04705,0.04705,0.04566,0.04566,26007.20207709,14
1705536000,0.04621,0.04634,0.04251,0.04279,15281.94540508,14
1705622400,0.04339,0.04339,0.04066,0.04265,68933.31470515,23
1705708800,0.04236,0.04369,0.04236,0.04369,2931.04265116,6
1705795200,0.04406,0.04452,0.04382,0.04395,28715.49704937,8
1705881600,0.04309,0.04309,0.04013,0.0415,27597.65304962,26
1705968000,0.04066,0.04076,0.03765,0.03927,145811.13402206,41
1706054400,0.04066,0.04087,0.0402,0.04045,22633.93807111,11
1706140800,0.04085,0.04146,0.04058,0.04146,13927.44300235,10
1706227200,0.04186,0.0435,0.04157,0.04294,17459.14500989,13
1706313600,0.0431,0.04456,0.04308,0.04427,175307.69890884,21
1706400000,0.04442,0.04458,0.04442,0.04458,4385.27,2
1706486400,0.04372,0.04517,0.04324,0.0448,6994.8904553,5
1706572800,0.04489,0.04528,0.04404,0.04501,67881.35956214,11
1706659200,0.0436,0.04404,0.04215,0.04215,17419.5684862,12
1706745600,0.04225,0.043,0.04186,0.04296,8478.73590403,9
1706832000,0.04368,0.045,0.04318,0.04498,8839.34845086,12
1706918400,0.04413,0.04528,0.0441,0.04483,28759.1398337,12
1707004800,0.04442,0.04442,0.04328,0.04328,55753.33025123,15
1707091200,0.04309,0.04395,0.043,0.043,5730.80476349,10
1707177600,0.04358,0.0438,0.04317,0.04368,33988.95475014,7
1707264000,0.04429,0.04679,0.04418,0.0465,73932.86896238,30
1707350400,0.04656,0.04764,0.04588,0.04592,161807.37743284,45
1707436800,0.04654,0.04978,0.04654,0.04827,85785.87125302,44
1707523200,0.04866,0.04923,0.048,0.04842,97813.01761449,189
1707609600,0.04898,0.04898,0.04758,0.04758,47826.83978694,84
1707696000,0.04771,0.04935,0.047,0.04935,91553.52916523,31
1707782400,0.04923,0.05035,0.0482,0.05035,24908.83171969,14
1707868800,0.04962,0.063,0.04962,0.05454,697627.3408603804,326
1707955200,0.0548,0.05486,0.04066,0.05405,552799.3038216397,245
1708041600,0.05387,0.06958,0.05387,0.05836,464764.9120850797,201
1708128000,0.05925,0.05925,0.05618,0.05895,69237.93567494,76
1708214400,0.05895,0.0614,0.05881,0.06035,69498.59072697,47
1708300800,0.06,0.0608,0.05909,0.05915,52188.60436537,45
1708387200,0.05872,0.05872,0.05349,0.05544,164390.73003976,107
1708473600,0.05586,0.05586,0.05224,0.05365,33515.9793243,19
1708560000,0.05446,0.05838,0.05346,0.05644,98364.05395868,72
1708646400,0.05578,0.05781,0.05387,0.05539,113990.93717035,60
1708732800,0.0562,0.06035,0.0562,0.05863,102902.27053275,81
1708819200,0.05971,0.06414,0.05947,0.06181,140946.6252806099,58
1708905600,0.06213,0.06342,0.06042,0.06298,110277.03554924,78
1708992000,0.06241,0.06803,0.06,0.06381,215143.63440738,99
1709078400,0.06523,0.06602,0.05519,0.06234,204509.2562533,103
1709164800,0.06232,0.06605,0.06152,0.06341,109278.53932009,95
1709251200,0.06395,0.06879,0.06294,0.06879,237704.9897738399,136
1709337600,0.06721,0.07162,0.06721,0.07162,253839.2349115699,58
1709424000,0.07073,0.07073,0.06398,0.06984,64379.05586735,63
1709510400,0.0696,0.07499,0.06503,0.07139,155430.52009808,94
1709596800,0.07021,0.075,0.05525,0.06438,321469.8336164901,152
1709683200,0.06524,0.07144,0.06252,0.07144,160446.41553453,79
1709769600,0.07182,0.07495,0.07108,0.07303,125516.43146726,66
1709856000,0.07292,0.08259,0.07201,0.0763,301318.9066633501,116
1709942400,0.07654,0.08284,0.07497,0.07641,64033.90487231,87
1710028800,0.07495,0.07969,0.07435,0.075,87656.44376687,82
1710115200,0.07463,0.07741,0.07206,0.07641,188261.12301803,100
1710201600,0.07679,0.07902,0.07325,0.07902,99818.0301146,77
1710288000,0.07908,0.08408,0.07825,0.08002,63289.49152049,63
1710374400,0.08068,0.08122,0.0734,0.0782,130297.81690218,167
1710460800,0.08007,0.08147,0.06272,0.07514,90198.96254971,108
1710547200,0.07483,0.07649,0.06779,0.06781,102165.1568701,84
1710633600,0.06961,0.10789,0.06802,0.07661,600184.44546166,212
1710720000,0.07515,0.07798,0.06746,0.06861,58597.46069774,56
1710806400,0.06686,0.06686,0.05814,0.05885,191041.19728373,86
1710892800,0.06094,0.08672,0.05734,0.08605,347490.3411529699,202
1710979200,0.08559,0.10238,0.08277,0.09251,1098693.9961602297,511
1711065600,0.09415,0.11055,0.076,0.09758,1193557.4564970704,474
1711152000,0.097,0.11131,0.09574,0.10154,357367.5280203998,206
1711238400,0.10081,0.10784,0.09785,0.09948,165138.85244502,115
1711324800,0.09904,0.13699,0.09608,0.12577,839685.2877960195,467
1711411200,0.12693,0.16318,0.12114,0.14653,1241558.7930996604,715
1711497600,0.14621,0.16923,0.12813,0.15973,790670.7088355204,450
1711584000,0.1624,0.18,0.15098,0.1587,650143.6428677602,300
1711670400,0.15752,0.16087,0.1423,0.14803,280988.6013459002,194
1711756800,0.14982,0.15739,0.13592,0.13592,353268.4448909701,146
1711843200,0.13655,0.16,0.13655,0.14537,309517.6771791501,157
