1656633600,4.721,4.946,4.29,4.946,186.96554654,26
1656720000,4.946,48.0,4.589,5.7,909.8943825,105
1656806400,7.013,7.228,5.449,6.39,435.34629644,36
1656892800,6.35,6.35,5.54,5.566,191.99400358,25
1656979200,6.123,7.228,4.626,5.151,581.47582054,56
1657065600,5.713,6.447,5.153,5.35,284.72390346,22
1657152000,6.447,6.5,5.35,6.4,191.83846029,22
1657238400,5.506,8.999,5.506,6.799,506.68326617,34
1657324800,9.0,9.0,6.28,6.28,426.19419607,34
1657411200,6.5,6.5,6.5,6.5,3E+1,2
1657497600,6.001,6.5,6.001,6.35,29.00209,4
1657584000,5.601,6.749,5.601,5.601,97.70162843,4
1657670400,6.749,6.749,4.999,5.999,171.3730309,14
1657756800,5.137,6.2,5.119,6.2,13904.5693639401,471
1657843200,6.2,7.3,5.536,6.199,2040.16077258,95
1657929600,5.951,6.999,5.801,6.63,89.0242372,14
1658016000,6.995,7.0,6.151,6.474,262.58450916,16
1658102400,6.151,6.609,6.15,6.609,273.64915058,15
1658188800,6.749,7.0,6.749,6.879,244.02237857,11
1658275200,6.385,6.88,5.9,6.0,1260.7250719,41
1658361600,6.0,6.586,5.8,6.384,604.4429251,18
1658448000,5.811,6.369,5.811,5.82,279.9038939,6
1658534400,5.821,5.821,5.821,5.821,46.07342,2
1658620800,5.81,9.865,5.81,7.187,1537.22005951,76
1658707200,5.91,6.65,4.85,6.0,1183.82306523,29
1658793600,5.4,5.4,5.031,5.031,11.65135767,2
1658880000,6.1,6.1,5.595,5.595,31.65914049,2
1658966400,6.096,6.7,6.096,6.398,327.72703755,14
1659052800,6.235,11.636,6.235,11.44,2214.46497791,100
1659139200,10.3,10.999,8.15,10.299,627.8092065,70
1659225600,8.101,8.997,8.0,8.0,73.70094466,8
1659312000,7.31,7.31,7.31,7.31,61.75141182,3
1659398400,7.985,7.985,7.6,7.61,91.04024874,6
1659484800,7.945,8.5,7.945,8.5,112.0863534,8
1659657600,7.515,10.0,7.321,9.55,218.35893704,35
1659744000,9.55,10.1,8.1,9.305,390.04466294,89
1659830400,8.701,9.79,8.7,8.775,171.99357289,17
1659916800,9.617,9.617,9.33,9.5,47.98163491,13
1660003200,8.441,9.396,8.29,9.277,119.77644884,9
1660089600,8.332,9.275,8.317,9.006,57.90578717,7
1660176000,8.316,12.0,8.315,10.0,351.89381542,68
1660262400,12.0,12.0,10.079,12.0,5.55766898,3
1660348800,12.0,15.549,11.401,11.401,257.19220758,27
1660435200,11.402,12.718,10.387,11.831,180.39345932,15
1660521600,11.831,13.699,11.831,13.699,124.62848895,7
1660608000,13.549,13.699,13.549,13.699,55,3
1660694400,13.699,13.7,11.833,13.559,203.40668128,16
1660780800,10.516,12.0,9.459,9.459,248.16398436,38
1660867200,9.6,9.6,9.2,9.2,86.81135356,7
1660953600,9.3,10.0,8.679,8.679,44.59937953,10
1661040000,9.358,9.376,8.67,9.136,60.99970545,8
1661126400,9.0,9.482,7.876,8.341,160.91451696,15
1661212800,8.026,9.183,7.93,8.1,99.86418146,8
1661299200,8.659,9.745,8.659,9.745,125.0320424,17
1661385600,9.569,9.569,9.569,9.569,8.12586,1
1661472000,8.302,9.5,8.0,8.0,1167.60367603,28
1661558400,7.911,7.911,7.35,7.7,1011.27647976,16
1661644800,8.379,21.901,7.034,7.034,2173.12756283,137
1661731200,8.0,8.849,7.152,7.201,244.56226148,30
1661817600,8.399,8.431,7.401,7.402,258.03204317,14
1661904000,8.399,8.499,7.402,7.416,372.9110895,25
1661990400,7.416,7.999,7.2,7.201,638.1317717,23
1662076800,7.562,7.899,7.493,7.493,239.94329435,23
1662163200,7.652,7.84,7.652,7.84,31.53109153,6
1662249600,8.0,8.4,7.669,8.3,606.26261572,27
1662336000,7.996,8.143,7.6,8.0,122.18592814,15
1662422400,7.701,7.854,6.893,6.95,2347.08477709,61
1662508800,6.961,7.476,6.9,7.102,146.32346625,20
1662595200,6.916,7.05,6.3,7.05,901.85218103,44
1662681600,7.05,8.343,6.786,7.9,1139.54426176,63
1662768000,7.893,7.893,7.893,7.893,0.61052565,1
1662854400,7.894,7.973,4.666,7.755,460.90520788,61
1662940800,7.755,8.5,6.993,7.736,539.07865481,60
1663027200,7.762,8.187,7.21,7.216,106.38332804,25
1663113600,7.35,7.351,7.057,7.101,104.64188658,6
1663200000,7.101,7.114,7.101,7.114,111.10808338,4
1663286400,7.053,7.053,7.053,7.053,1.55480308,1
1663372800,7.045,7.191,7.045,7.191,32.99039611,4
1663459200,6.806,6.806,5.9,6.084,338.98747732,26
1663545600,6.143,6.52,6.1,6.366,1024.83269881,36
1663632000,6.375,6.375,5.536,6.215,304.71463302,17
1663718400,6.231,6.799,5.658,6.012,893.11834509,42
1663804800,6.172,6.513,5.863,5.863,259.81648921,17
1663891200,6.5,6.577,5.88,6.541,863.38401577,9
1663977600,6.8,6.8,6.246,6.799,143.70314614,8
1664064000,6.617,6.617,6.617,6.617,1E+1,1
1664150400,6.053,6.664,5.95,6.596,173.98364939,13
1664236800,6.799,6.995,6.62,6.716,187.17387657,18
1664323200,6.842,6.842,6.385,6.636,126.25318566,15
1664409600,6.469,6.679,6.319,6.679,6.09214572,5
1664496000,6.679,7.034,6.17,6.774,385.78148449,21
1664582400,6.37,6.692,6.226,6.364,58.03208,5
1664668800,6.327,6.327,6.204,6.204,96.41058896,4
1664755200,5.863,6.205,5.78,6.205,1014.83378443,17
1664841600,6.344,6.344,6.187,6.268,8.42843962,4
1664928000,6.367,6.381,6.127,6.282,9.21028398,5
1665014400,6.456,6.456,6.405,6.405,1.26149,2
1665100800,6.37,6.376,6.37,6.376,1.30062794,2
1665187200,6.5,6.554,6.5,6.554,8.8,6
1665273600,6.598,6.655,6.298,6.549,10.147323,11
1665360000,6.881,6.881,6.397,6.453,6.371,5
1665446400,6.042,6.315,5.8,5.912,325.77433638,18
1665532800,6.081,6.081,5.83,5.83,21.25374,4
1665619200,6.155,6.155,5.075,5.48,2034.19447627,38
1665705600,5.866,5.866,5.367,5.367,45.61858445,4
1666051200,6.099,6.099,6.049,6.049,7.46538,2
1666224000,5.516,5.516,5.461,5.461,33.57581308,5
1666310400,5.461,5.461,5.366,5.366,2.27319839,2
1666742400,6.037,6.037,5.74,5.811,33.4423408,5
1666828800,5.91,5.999,5.613,5.613,42.64610376,5
1666915200,5.6,5.6,5.446,5.446,4.31456142,2
1667001600,5.96,6.562,5.96,6.0,1056.77071608,17
1667347200,5.875,5.875,5.615,5.615,96.48704902,4
1667433600,6.216,7.486,5.985,6.602,254.06028076,40
1667520000,6.475,6.475,6.26,6.261,57.4845535,9
1667606400,7.389,7.389,6.565,7.359,1E+1,4
1667692800,6.601,7.344,6.26,6.26,87.26506191,6
1667779200,6.19,6.19,6.19,6.19,1.93861066,1
1667865600,5.918,5.918,4.667,5.338,50.53523171,16
1667952000,4.397,4.397,3.319,3.323,348.16240394,26
1668038400,4.974,5.3,4.974,5.3,5.82150943,3
1668124800,3.93,4.359,3.8,3.8,9.83157895,5
1668211200,3.936,3.936,3.936,3.936,4.37732545,1
1668384000,3.964,3.964,3.964,3.964,5.72153,1
1668470400,4.363,4.363,4.363,4.363,7.90345,1
1668643200,3.95,4.072,3.95,4.072,75.35677391,3
1668816000,4.349,4.349,4.349,4.349,0.68949667,1
1668902400,4.37,4.859,4.032,4.032,577.84478406,14
1668988800,3.93,3.93,3.651,3.779,107.89193217,6
1669075200,3.832,4.135,3.832,4.135,28.14843702,3
1669161600,4.342,4.662,4.317,4.376,496.66570702,21
1669248000,4.359,4.461,4.275,4.445,41.96331465,6
1669334400,4.568,4.568,4.322,4.553,32.80742619,5
1669420800,4.524,4.798,4.269,4.386,44.3165546,10
1669507200,4.178,4.419,3.932,3.933,221.9936941,12
1669593600,3.93,4.101,3.818,4.067,297.92465856,12
1669680000,4.188,4.503,4.188,4.328,266.69386019,19
1669766400,4.402,4.551,4.365,4.546,329.49965549,23
1669852800,4.533,4.678,4.383,4.383,4.95102141,3
1670198400,4.545,4.646,4.439,4.516,173.80077393,11
1670284800,4.544,5.7,4.544,4.586,200.17124762,31
1670371200,4.501,4.752,4.42,4.653,293.69983833,29
1670803200,4.558,4.558,4.448,4.448,133.93146303,5
1670889600,4.4,4.4,4.294,4.294,13.36999999,4
1670976000,4.292,4.292,4.292,4.292,67.96726467,2
1671148800,4.339,4.34,3.53,3.53,131.77287251,8
1671235200,3.792,3.792,3.792,3.792,25.98158,1
1671321600,3.607,3.607,3.607,3.607,2.87976064,1
1671408000,3.77,3.77,3.535,3.535,31.6381852,3
1671494400,3.707,3.85,3.707,3.728,8.45292,3
1671580800,3.508,3.508,3.386,3.386,52.44312896,5
1671753600,3.579,3.593,3.543,3.543,94.72346527,4
1672012800,3.57,3.57,3.57,3.57,17.29126006,1
1672099200,3.721,3.808,3.721,3.808,10.81,4
1672185600,3.626,3.627,3.318,3.473,93.2379856,13
1672272000,3.473,3.473,3.469,3.469,41.0625,2
1672358400,3.425,3.425,3.425,3.425,5.75312,1
1672444800,3.425,3.425,3.425,3.425,104.3090448,1
1672531200,3.602,3.602,3.602,3.602,0.54659,1
1672617600,3.527,3.546,3.492,3.492,104.38535447,7
1672704000,3.591,3.668,3.591,3.594,21.4096888,7
1672790400,3.718,3.718,3.663,3.679,36.79375744,5
1672876800,3.728,3.728,3.708,3.708,17.03837273,3
1672963200,3.629,3.673,3.576,3.673,86.44298303,11
1673049600,3.702,3.888,3.692,3.713,48.86713999,10
1673136000,3.794,3.795,3.794,3.795,12.92190837,2
1673222400,3.771,3.93,3.771,3.846,225.71802669,11
1673308800,3.907,3.936,3.862,3.862,180.44156479,7
1673395200,3.797,3.809,3.674,3.809,309.94670004,20
1673481600,3.864,4.036,3.864,3.993,314.18893226,23
1673568000,3.934,4.17,3.934,4.17,338.64449341,30
1673654400,4.17,4.469,4.12,4.233,414.88368285,36
1673740800,4.274,4.354,4.157,4.335,481.79775193,23
1673827200,4.402,4.585,4.399,4.419,257.82976736,20
1673913600,4.31,4.318,4.248,4.248,22.57087166,5
1674000000,4.355,4.355,3.911,3.911,664.73110502,27
1674086400,3.922,3.965,3.896,3.953,36.98853043,11
1674172800,3.975,4.22,3.923,4.207,143.55541142,16
1674259200,4.366,5.2,4.356,4.61,1018.94419613,82
1674345600,4.686,5.056,4.686,4.693,708.94864037,30
1674432000,4.848,5.542,4.728,5.382,1213.01578045,48
1674518400,5.233,6.2,5.037,5.32,1064.08662445,63
1674604800,5.15,5.676,5.042,5.445,453.49447654,28
1674691200,5.519,5.825,5.367,5.666,302.61686244,28
1674777600,5.571,5.99,5.391,5.842,578.80421184,18
1674864000,5.855,5.855,5.671,5.676,48.9132724,5
1674950400,5.718,5.805,5.696,5.718,35.80816681,5
1675036800,5.739,5.739,5.005,5.005,614.11667145,34
1675123200,5.138,5.16,5.097,5.097,20.52827865,5
1675209600,5.179,5.255,4.822,5.255,122.33621671,23
1675296000,5.416,5.62,5.403,5.403,340.32116906,19
1675382400,5.391,5.648,5.391,5.587,132.73895978,14
1675468800,5.541,5.665,5.54,5.607,78.99742821,5
1675555200,5.529,5.529,5.112,5.281,264.47339943,21
1675641600,5.146,5.374,5.146,5.169,261.12955228,15
1675728000,5.172,6.047,5.172,5.861,727.90890779,32
1675814400,5.865,5.873,5.648,5.668,151.33202146,20
1675900800,5.737,5.737,4.994,4.994,385.86313372,15
1675987200,4.868,4.868,4.868,4.868,71.65016858,1
1676073600,5.071,5.207,5.071,5.206,76.31185623,6
1676160000,5.142,5.142,5.142,5.142,1.5,1
1676246400,5.069,5.069,4.875,4.981,103.63430794,9
1676332800,5.151,5.211,5.15,5.211,104.22,4
1676419200,5.303,5.566,5.303,5.566,199.54477184,8
1676505600,5.621,5.838,5.621,5.838,141.29962989,10
1676592000,5.691,5.876,5.691,5.837,143.41768066,10
1676678400,5.787,5.792,5.781,5.792,170.69271318,8
1676764800,5.826,5.955,5.506,5.69,164.80515275,11
1676851200,5.782,6.76,5.782,6.121,875.22513249,33
1676937600,6.136,7.091,6.132,6.57,725.32791237,39
1677024000,6.26,6.53,5.682,6.465,845.74167487,37
1677110400,6.483,6.569,6.373,6.38,1164.05183709,46
1677196800,6.479,6.544,5.799,5.799,409.12254915,14
1677283200,5.924,5.924,5.529,5.723,55.30584244,15
1677369600,5.853,5.954,5.748,5.954,170.75192435,16
1677456000,6.083,6.083,6.083,6.083,1.69725206,1
1677628800,5.882,5.882,5.737,5.738,27.05984916,7
1677715200,5.58,5.621,5.54,5.617,42.3305859,5
1677801600,5.224,5.224,4.861,5.1,267.8769862,14
1677888000,5.099,5.106,4.673,4.863,276.60823734,17
1677974400,4.913,4.983,4.886,4.886,15.88516172,3
1678233600,4.632,4.632,4.632,4.632,4.37891013,1
1678320000,4.31,4.31,4.053,4.053,80.12392165,12
1678406400,4.1,4.1,3.93,4.027,212.71999999,25
1678492800,4.184,4.185,3.783,3.783,5.28900376,3
1678579200,3.921,4.242,3.921,4.242,491.26613947,8
1678665600,4.37,4.531,4.37,4.531,8.54684714,2
1678752000,4.515,4.825,4.515,4.576,150.71473098,12
1678838400,4.717,4.717,4.265,4.315,29.20689214,5
1678924800,4.252,4.342,4.221,4.342,63.27604894,9
1679011200,4.387,4.8,4.387,4.649,298.9058745,11
1679097600,4.922,5.069,4.922,4.934,30.97708055,6
1679184000,4.88,5.103,4.88,4.931,7.82245,5
1679270400,4.855,4.855,4.58,4.616,10.58954476,4
1679356800,4.609,4.609,4.489,4.588,116.19334991,4
1679443200,4.6,4.6,4.421,4.444,247.07713142,7
1679529600,4.732,4.819,4.732,4.819,276.80319334,13
1679616000,4.6,4.659,4.6,4.659,5.42438054,3
1679702400,4.627,4.627,4.456,4.456,45.59112427,3
1679788800,4.499,4.499,4.499,4.499,2.47858034,1
1679875200,4.508,4.508,4.2,4.2,201.96609565,12
1679961600,4.173,4.314,4.173,4.231,110.13567426,4
1680048000,4.462,4.59,4.462,4.59,46.42659924,5
1680134400,4.605,4.605,4.513,4.513,80.40654194,4
1680220800,4.542,4.9,4.542,4.549,664.57728227,11
1680307200,4.6,4.6,4.6,4.6,43.96570675,2
1680393600,4.469,4.469,4.444,4.444,7.7009362,2
1680480000,4.481,4.481,4.481,4.481,1.71605,1
1680566400,4.666,4.666,4.666,4.666,6,1
1680652800,4.628,4.63,4.442,4.63,624.453877,9
1680739200,4.536,4.621,4.523,4.523,23.72375045,7
1680912000,4.577,4.577,4.577,4.577,56.15541126,1
1680998400,4.805,5.319,4.805,5.156,283.86815223,17
1681084800,4.998,5.072,4.959,4.959,116.96549897,4
1681171200,4.821,4.821,4.821,4.821,1.82707,1
1681257600,4.7,4.7,4.549,4.549,7.98389,2
1681344000,4.577,4.668,4.577,4.668,142.97926316,6
1681430400,4.774,5.028,4.734,5.028,227.2903813,12
1681516800,4.969,5.051,4.967,5.051,214.73351791,7
1681603200,5.104,5.23,5.104,5.192,11.36723567,3
1681689600,5.122,5.239,5.063,5.239,36.55237285,8
1681776000,5.285,6.1,5.285,5.29,358.67110754,22
1681862400,5.15,5.15,4.7,4.708,4216.32090472,39
1681948800,4.717,4.744,4.664,4.744,39.94099621,3
1682035200,4.324,4.324,4.089,4.307,15.39968487,4
1682121600,4.279,4.28,4.279,4.28,146.49144589,3
1682208000,4.385,4.451,4.348,4.389,26.28216444,4
1682294400,4.395,4.447,4.395,4.447,130.0570556,4
1682380800,4.422,4.594,4.422,4.553,13.23518682,10
1682467200,4.605,4.8,4.31,4.57,76.38931154,12
1682553600,4.709,4.716,4.627,4.648,10.82316107,5
1682726400,4.8,4.8,4.8,4.8,6.3,1
1682812800,4.797,4.826,4.68,4.68,214.87161036,7
1682899200,4.746,4.797,4.746,4.748,81.89147789,4
1682985600,4.664,4.738,4.664,4.738,44.5323638,2
1683158400,4.853,4.853,4.732,4.732,2.05940819,2
1683331200,4.636,4.655,4.601,4.601,4.65370335,3
1683417600,4.582,4.611,4.58,4.611,1112.49314942,13
1683504000,4.54,5.229,3.836,3.836,1125.9908061,31
1683590400,3.872,4.9,3.732,3.732,820.39698413,31
1683676800,3.73,3.911,3.6,3.911,286.16184903,13
1683936000,3.764,3.793,3.764,3.793,27.59747,2
1684022400,3.766,3.96,3.766,3.84,11.50678643,5
1684108800,3.927,3.941,3.918,3.941,5.4714,4
1684195200,3.975,4.022,3.948,4.022,26.3656,7
1684281600,4.032,4.227,4.029,4.227,27.23506,14
1684368000,4.215,4.215,4.056,4.056,45.53951728,11
1684454400,4.074,4.093,4.049,4.093,3,3
1684540800,4.053,4.053,4.053,4.053,1,1
1684800000,4.103,4.103,4.103,4.103,1,1
1684886400,4.099,4.099,3.954,3.956,43.78386548,4
1684972800,4.146,4.146,4.043,4.095,6,6
1685059200,4.14,4.14,4.14,4.14,1,1
1685232000,4.234,4.3,4.234,4.3,10.93624,7
1685318400,4.182,4.182,4.096,4.114,6.57492,5
1685404800,4.153,4.153,4.102,4.132,4.78963,4
1685491200,4.15,4.15,4.079,4.115,5.64315,4
1685577600,4.045,4.211,4.045,4.105,10.60789643,7
1685664000,4.085,4.241,4.085,4.241,14.22372,10
1685750400,4.231,4.389,4.231,4.278,136.9040895,10
1685836800,4.233,4.273,4.23,4.271,123.63725931,5
1685923200,4.211,4.275,3.685,3.774,88.23496741,20
1686009600,3.863,4.035,3.863,3.998,175.18063019,11
1686096000,3.918,3.967,3.683,3.689,63.62161389,12
1686182400,3.745,3.745,3.745,3.745,1.06809078,1
1686268800,3.73,3.735,3.727,3.735,77.37588838,4
1686355200,3.706,3.706,2.56,3.057,557.85097775,41
1686441600,3.058,3.209,2.985,2.993,99.29651726,9
1686528000,2.972,3.081,2.972,3.081,3,2
1686614400,3.119,3.306,3.101,3.101,32.31685282,3
1686700800,3.135,3.135,2.9,2.9,56.37846473,3
1686787200,2.964,2.964,2.883,2.901,3.31685282,3
1686873600,2.913,2.953,2.86,2.898,478.23849557,15
1686960000,2.892,2.957,2.892,2.957,6.19,2
1687046400,2.919,2.919,2.829,2.829,167.20931825,7
1687132800,2.8,2.8,2.8,2.8,4.58,2
1687219200,2.915,4.25,2.777,2.956,3889.61761406,87
1687305600,2.992,3.158,2.992,3.158,249.26464026,10
1687392000,3.16,3.265,3.143,3.143,228.506148,13
1687478400,3.208,3.321,3.208,3.281,98.0015134,10
1687564800,3.25,3.405,3.169,3.281,182.79978766,14
1687651200,3.384,3.402,3.324,3.347,10.22889,6
1687737600,3.199,3.301,3.127,3.129,89.94073405,11
1687824000,3.133,3.17,3.133,3.153,10.26,8
1687910400,3.086,3.086,2.902,2.902,133.32958546,10
1687996800,3.018,3.029,2.998,2.998,338.35826695,6
1688083200,3.081,3.397,2.931,2.931,2616.24497086,28
1688169600,3.17,3.17,3.145,3.145,7.619,2
1688256000,3.068,3.068,3.068,3.068,4,1
1688342400,3.191,3.272,3.16,3.272,117.83125972,5
1688428800,3.257,3.323,3.257,3.28,8.71,5
1688601600,3.217,3.217,2.992,2.992,145.51626926,12
1688688000,2.965,3.035,2.965,3.016,23.74296413,6
1688774400,3.003,3.003,3.003,3.003,67.73395569,2
1688860800,3.1,3.1,3.087,3.087,137.07325,2
1688947200,2.958,3.069,2.95,3.069,115.05974195,8
1689033600,3.074,3.074,3.035,3.035,7.3,2
1689120000,3.054,3.054,3.054,3.054,9,1
1689206400,2.989,3.202,2.989,3.202,177.01577486,13
1689292800,3.268,3.34,3.025,3.047,204.65828033,14
1689379200,3.285,3.285,3.158,3.158,2.02328,2
1689552000,3.029,3.092,2.967,2.967,10.56523303,4
1689638400,3.019,3.019,2.988,2.988,55.83704936,3
1689724800,2.988,2.988,2.943,2.943,100.94678126,7
1689811200,2.996,2.996,2.983,2.983,99.34811614,3
1689897600,3.005,3.005,3.005,3.005,63.79195472,4
1689984000,2.96,2.96,2.899,2.907,212.82521333,5
1690070400,2.974,2.974,2.974,2.974,6,1
1690156800,2.91,2.933,2.795,2.795,117.94454382,3
1690243200,2.772,2.772,2.772,2.772,1,1
1690329600,2.74,2.794,2.7,2.794,196.75184335,5
1690416000,2.992,3.2,2.85,2.85,685.43309768,31
1690502400,2.866,2.873,2.866,2.869,7.32160396,3
1690588800,2.926,2.986,2.926,2.986,3.05,3
1690675200,3.074,3.074,3.032,3.032,5.65471632,2
1690761600,3.167,3.188,3.12,3.124,104.29032746,8
1690848000,3.286,3.286,3.23,3.23,59.99575155,2
1691020800,3.116,3.177,2.994,3.155,248.29568905,12
1691280000,3.104,3.479,3.104,3.267,438.32333437,20
1691366400,3.34,3.41,3.301,3.301,170.30679796,12
1691452800,3.252,3.317,3.252,3.263,32.98523985,3
1691539200,3.364,3.42,3.297,3.42,76.17984872,11
1691625600,3.53,3.53,3.36,3.361,203.10523684,12
1691712000,3.5,3.5,3.453,3.453,205.49289789,2
1691798400,3.513,3.513,3.513,3.513,2.22525,1
1691884800,3.654,4.117,3.654,3.988,979.71307572,43
1691971200,3.958,4.129,3.747,3.891,298.44849844,31
1692057600,3.77,4.13,3.751,3.877,678.562934,30
1692144000,3.991,4.289,3.64,3.946,6109.67038846,98
1692230400,3.979,3.99,2.982,3.336,1193.0663056,57
1692316800,3.226,4.073,3.208,3.836,571.40364358,38
1692403200,3.803,3.833,3.544,3.758,73.12539044,7
1692489600,3.667,3.765,3.667,3.765,77.07089186,4
1692576000,3.619,4.056,3.618,3.904,205.38713258,16
1692662400,3.891,4.626,3.891,4.5,569.30675524,47
1692748800,4.559,4.904,4.163,4.793,765.44125961,51
1692835200,4.748,5.08,4.695,4.999,122.37441293,24
1692921600,4.967,4.967,4.57,4.737,609.15179638,20
1693008000,4.815,4.82,4.815,4.82,2.51507291,2
1693094400,4.653,4.734,4.458,4.473,333.13621682,25
1693180800,4.606,5.378,4.442,5.225,1602.46340217,76
1693267200,5.25,5.8,5.092,5.458,1521.53858495,58
1693353600,5.559,6.546,5.559,6.089,1486.58134321,114
1693440000,6.097,8.076,6.097,7.002,2447.12339521,252
1693526400,7.191,7.913,6.805,7.495,1595.2177462,111
1693612800,7.432,7.432,6.731,6.857,744.45956735,53
1693699200,7.015,9.152,7.015,8.652,6259.9638442,290
1693785600,8.56,9.562,7.763,8.153,1841.07208695,156
1693872000,8.078,8.341,7.235,8.026,3488.1656301,199
1693958400,8.124,10.069,8.075,10.006,4316.72870762,287
1694044800,9.949,10.838,9.172,10.324,4550.50457378,221
1694131200,10.196,11.663,7.634,8.319,3773.67996353,370
1694217600,8.279,9.11,7.708,7.883,2545.482539,147
1694304000,7.756,8.0,7.196,7.388,1186.05270493,64
1694390400,7.404,7.849,7.092,7.092,1067.40585296,58
1694476800,7.212,7.545,7.212,7.216,642.68541425,25
1694563200,7.269,8.358,7.269,8.235,1198.66257931,75
1694649600,8.384,8.477,8.242,8.45,322.54583373,29
1694736000,8.425,8.742,7.878,7.975,737.26838626,63
1694822400,7.978,8.081,7.665,7.925,927.89466785,44
1694908800,7.665,7.665,6.983,7.128,1922.25563188,90
1694995200,7.06,7.339,7.06,7.098,724.12011963,37
1695081600,7.242,7.5,7.174,7.214,221.30109807,11
1695168000,7.277,7.37,7.178,7.37,303.58102473,23
1695254400,7.42,7.42,7.105,7.285,910.31125101,25
1695340800,7.411,7.438,7.266,7.336,141.32095327,5
1695427200,7.499,7.546,7.361,7.361,37.82980399,4
1695513600,7.201,7.521,7.111,7.111,764.01731918,38
1695600000,6.972,7.288,6.95,7.12,191.09644975,10
1695686400,7.19,7.363,6.944,6.944,1087.0434002,37
1695772800,7.079,7.27,6.739,6.77,301.12734395,22
1695859200,6.542,6.605,6.478,6.585,671.62369915,30
1695945600,6.551,6.661,6.43,6.442,401.08401411,14
1696032000,6.391,6.391,6.323,6.338,23.73564921,4
1696118400,6.375,7.107,6.375,6.977,547.862039,38
1696204800,7.013,7.013,6.582,6.656,1310.12143367,55
1696377600,6.252,6.453,6.117,6.452,883.23315311,27
1696464000,6.391,6.555,6.385,6.423,189.1863495,11
1696550400,6.524,6.778,6.524,6.778,222.41419353,13
1696636800,6.77,6.77,6.43,6.43,293.20236097,13
1696723200,6.413,6.467,6.413,6.467,195.21502292,6
1696809600,6.456,6.754,6.277,6.366,320.92041519,22
1696896000,6.453,6.863,6.447,6.752,326.87623239,18
1696982400,6.771,7.076,6.742,7.068,264.52553053,11
1697068800,6.86,6.86,6.174,6.321,325.32272765,25
1697155200,6.408,6.413,6.398,6.398,68.04663693,3
1697241600,6.705,6.705,5.797,5.989,697.23044126,43
1697328000,6.015,6.273,6.015,6.229,725.63081123,35
1697414400,6.128,6.807,6.128,6.496,1193.51846162,52
1697500800,6.382,6.382,5.705,5.822,1323.16114045,68
1697587200,5.651,5.722,5.552,5.589,38.52841247,8
1697673600,5.634,5.634,5.505,5.505,80.55855596,3
1697760000,5.423,5.911,5.387,5.683,278.53413584,15
1697846400,5.744,5.947,5.701,5.924,827.80759451,32
1697932800,5.919,6.152,5.912,6.152,530.4190306,14
1698019200,6.147,6.203,6.038,6.203,849.86069405,32
1698105600,6.696,8.718,6.695,7.876,2298.77912036,132
1698192000,7.786,8.796,7.726,8.467,3323.64953096,108
1698278400,8.377,8.494,7.374,7.374,1259.47670548,72
1698364800,7.2,8.113,7.2,7.514,547.17383199,31
1698451200,7.728,8.657,7.728,8.236,545.97268416,32
1698537600,8.4,9.89,8.4,9.302,1330.15595953,71
1698624000,9.477,10.49,8.665,8.994,1861.10922933,117
1698710400,8.977,8.977,8.216,8.518,763.21749506,47
1698796800,8.358,8.386,7.89,8.274,1416.20667036,56
1698883200,8.177,9.079,7.968,8.69,1314.31129964,65
1698969600,8.393,8.528,8.066,8.528,243.18912448,21
1699056000,8.591,9.809,8.52,9.568,2493.64718137,107
1699142400,9.596,10.33,8.952,9.134,2360.92851922,106
1699228800,9.135,9.715,9.087,9.657,238.5681891,19
1699315200,9.645,11.8,9.645,9.893,1631.81810814,128
1699401600,9.706,9.706,9.389,9.41,685.85396266,43
1699488000,9.383,9.745,8.366,8.604,1298.19548533,95
1699574400,8.631,9.136,8.408,9.003,1696.34729812,96
1699660800,9.032,9.032,8.494,8.62,1030.30646856,69
1699747200,8.432,8.732,8.34,8.583,405.44145904,23
1699833600,8.51,8.51,8.049,8.1,534.756643,35
1699920000,7.928,8.178,7.697,7.913,727.94992258,53
1700006400,8.005,8.312,7.997,8.203,549.50704319,41
1700092800,8.406,8.418,7.686,7.793,252.78016499,21
1700179200,7.959,8.254,7.836,8.115,820.06912432,50
1700265600,8.119,8.586,7.756,7.996,974.91257769,45
1700352000,7.966,8.597,7.84,8.597,935.39577727,44
1700438400,8.769,8.789,8.265,8.56,419.57041405,29
1700524800,8.699,8.903,7.831,7.989,519.41841085,44
1700611200,8.001,9.89,8.001,9.707,1521.36572176,115
1700697600,9.77,11.391,9.666,11.091,3053.47787388,184
1700784000,11.152,11.549,10.942,11.441,550.97322762,63
1700870400,11.447,12.006,11.071,11.903,684.24102848,44
1700956800,12.11,13.383,12.044,13.224,2532.76556808,181
1701043200,13.287,13.735,11.059,11.351,2532.57558693,247
1701129600,11.0,12.0,10.467,11.739,858.63340961,96
1701216000,11.777,11.777,10.651,10.762,956.42138715,64
1701302400,10.867,10.867,10.444,10.648,554.10157862,31
1701388800,10.606,11.113,10.606,10.827,224.65926212,18
1701475200,10.797,10.797,10.556,10.556,196.61695359,19
1701561600,10.541,10.541,10.003,10.003,281.14090478,26
1701648000,10.305,10.573,9.435,9.667,930.20753906,64
1701734400,9.582,9.824,9.188,9.314,315.90263483,34
1701820800,9.091,9.091,8.446,8.623,322.91718837,40
1701907200,8.714,8.727,8.17,8.517,698.75383844,44
1701993600,8.344,8.72,8.312,8.72,3504.01186091,120
1702080000,8.613,8.896,7.726,7.921,3177.81520747,120
1702166400,7.961,8.066,7.335,7.774,6287.69636055,237
1702252800,7.616,7.616,5.646,6.722,2101.13652318,132
1702339200,6.75,6.75,6.237,6.552,914.14142279,63
1702425600,6.339,7.066,6.21,7.066,1444.36421187,65
1702512000,6.943,7.069,6.731,7.003,1238.74131003,38
1702598400,6.963,6.964,6.734,6.865,234.91184069,17
1702684800,6.834,7.165,6.816,6.828,3100.33767907,75
1702771200,6.851,6.851,6.377,6.377,361.52707541,26
1702857600,6.402,6.743,6.096,6.691,1178.06400712,49
1702944000,6.75,9.174,6.588,6.644,2114.46206454,75
1703030400,6.702,6.903,6.7,6.826,504.26372806,17
1703116800,6.847,6.847,6.683,6.747,51.84771466,6
1703203200,6.978,8.689,6.681,6.939,1097.09832949,42
1703289600,7.084,7.221,6.845,7.102,457.02498014,30
1703376000,7.153,7.369,5.975,7.015,1337.60100554,78
1703462400,7.27,7.446,7.103,7.336,649.92386963,32
1703548800,7.279,7.629,6.38,6.989,1010.10965738,45
1703635200,7.068,7.068,6.666,6.813,369.30603996,29
1703721600,6.896,6.982,6.686,6.878,264.9694418,25
1703808000,6.997,6.997,6.448,6.594,424.09253311,48
1703894400,6.624,6.74,6.5,6.74,2493.08798549,41
1703980800,6.749,7.064,6.526,6.767,590.60860991,68
1704067200,6.638,7.109,6.622,6.954,222.9782328,33
1704153600,6.991,7.1,6.89,6.927,267.41799627,12
1704240000,7.053,7.054,4.611,5.676,3843.26211986,147
1704326400,5.665,5.795,5.57,5.722,1381.39180474,57
1704412800,5.654,5.672,5.373,5.55,620.00198763,38
1704499200,5.321,5.597,5.247,5.597,160.22920754,8
1704585600,5.588,5.588,5.426,5.476,322.67189302,23
1704672000,5.08,5.648,4.838,5.612,603.35200677,57
1704758400,5.579,5.596,5.018,5.209,381.22665321,45
1704844800,5.336,5.972,5.261,5.826,970.1531201,36
1704931200,5.751,5.989,5.751,5.868,318.80568559,26
1705017600,5.912,6.275,5.58,5.672,431.95489762,27
1705104000,5.779,5.891,5.632,5.86,286.61114153,20
1705190400,5.75,5.905,5.72,5.8,450.10520385,48
1705276800,5.813,5.889,5.752,5.866,247.86852795,13
1705363200,5.88,5.992,5.826,5.902,57.04217522,11
1705449600,5.911,6.026,5.799,5.799,130.06036908,8
1705536000,5.811,5.875,5.5,5.612,99.92878416,15
1705622400,5.571,6.251,5.571,6.245,782.15231384,40
1705708800,6.101,6.101,5.991,5.997,116.88554333,11
1705795200,6.032,6.032,5.837,5.868,141.05718406,8
1705881600,5.656,5.709,4.838,5.44,1300.33339448,61
1705968000,5.255,5.262,4.991,5.15,114.05894473,11
1706054400,5.252,5.278,5.203,5.25,220.1232,11
1706140800,5.167,5.167,5.167,5.167,100.62364311,1
1706227200,5.173,5.418,5.173,5.392,136.80927105,9
1706313600,5.408,5.408,5.408,5.408,26.76643408,1
1706400000,5.536,5.536,5.5,5.5,33.27145506,2
1706486400,5.419,5.522,5.362,5.506,142.16711198,9
1706572800,5.519,5.58,5.388,5.572,239.48757939,9
1706659200,5.497,5.634,5.362,5.362,323.82163574,12
1706745600,5.309,5.309,5.309,5.309,1.41006991,1
1706832000,5.284,5.392,5.284,5.391,107.33899318,3
1706918400,5.379,5.379,5.375,5.375,15.5767,2
1707004800,5.277,5.277,5.163,5.178,44.92178,5
1707177600,5.317,5.317,5.317,5.317,4.85229722,1
1707264000,5.346,5.346,5.34,5.34,104.94197109,3
1707350400,5.499,5.499,5.448,5.448,7.55208053,4
1707523200,5.572,5.616,5.5,5.5,88.9397113,6
1707609600,5.557,5.66,5.541,5.542,228.02440475,20
1707696000,5.805,5.805,5.732,5.732,62.29148199,4
1707782400,5.723,5.795,5.723,5.781,131.9262226,7
1707868800,5.803,6.007,5.801,5.956,267.53597737,10
1707955200,6.02,6.215,6.02,6.109,275.24393519,12
1708041600,6.119,6.522,6.095,6.095,624.20298874,33
1708128000,6.086,6.152,5.965,5.99,259.73431642,10
1708214400,6.295,6.327,6.278,6.278,57.22020261,4
1708300800,6.366,6.652,6.348,6.493,550.87070819,15
1708387200,6.438,6.533,5.853,6.273,260.4932339,19
1708473600,6.318,6.318,5.874,6.086,22.5546195,12
1708560000,6.178,6.375,6.178,6.375,14.75196748,3
1708646400,6.268,7.041,6.268,6.452,853.62380817,36
1708732800,6.435,6.703,6.399,6.576,1180.71036419,29
1708819200,6.535,6.535,6.535,6.535,113.63636363,2
1708905600,6.596,6.813,6.53,6.614,641.38174039,28
1708992000,6.547,6.76,6.501,6.623,1166.12803722,38
1709078400,6.737,7.321,5.986,6.613,1224.96885528,124
1709164800,6.59,6.909,6.451,6.451,333.34515142,32
1709251200,6.896,7.115,6.896,7.115,388.44542324,28
1709337600,6.99,7.5,6.99,7.5,1211.21949776,60
1709424000,7.081,7.489,6.868,7.468,401.7175262,39
1709510400,7.5,8.19,7.146,7.477,1668.45915986,214
1709596800,7.418,7.536,5.778,6.44,1081.10569769,124
1709683200,6.486,6.842,6.313,6.743,258.05726654,46
1709769600,6.747,7.451,6.671,7.422,450.19532015,41
1709856000,7.494,7.494,6.93,7.242,307.58719663,22
1709942400,7.483,7.633,7.431,7.431,119.81458243,10
1710028800,7.432,7.54,5.853,7.43,1148.68005794,50
1710115200,7.479,7.823,6.985,7.772,351.24386765,48
1710201600,7.714,8.381,7.43,8.321,347.08212512,28
1710288000,8.5,8.5,7.844,8.109,435.24575779,22
1710374400,8.175,8.334,7.709,8.32,2143.42538833,58
1710460800,8.08,8.08,7.428,7.624,630.45584156,45
1710547200,7.932,8.074,6.0,6.88,2106.5111046,76
1710633600,7.079,7.159,6.681,7.095,699.33112314,22
1710720000,7.006,7.006,6.047,6.089,1046.35435425,60
1710806400,5.996,5.999,5.15,5.25,1993.32652899,90
1710892800,5.445,5.769,5.211,5.728,370.43451223,36
1710979200,5.803,6.268,5.613,5.818,22408.87061881,361
1711065600,5.804,5.95,5.536,5.649,24645.69143762,346
1711152000,5.739,5.846,5.712,5.712,97.52033267,9
1711238400,5.719,6.786,5.688,6.575,2526.01869351,103
1711324800,6.521,6.92,6.224,6.536,852.22735569,73
1711411200,6.62,7.084,6.62,7.084,460.13339974,39
1711497600,7.013,7.287,6.721,6.799,1323.57356808,71
1711584000,6.85,7.087,6.776,6.963,624.12453173,35
1711670400,7.047,7.138,6.965,7.093,314.8537564,20
1711756800,7.142,7.927,6.603,6.603,1576.65668826,88
1711843200,6.645,6.76,6.645,6.734,259.795063,24
