1660176000,0.001,0.002,0.0001801,0.0002,185005700.58929574,559
1660262400,0.0002631,0.0003249,0.00021,0.000284,171504746.0541728,580
1660780800,0.0002431,0.00035,0.0002407,0.0003,9659856.36420544,34
1660867200,0.0002899,0.00037,0.00018,0.000224,174722665.93888918,522
1660953600,0.0002126,0.0002236,0.0001836,0.0001968,67021211.55262849,341
1661040000,0.0001966,0.0002578,0.000185,0.0002434,92437940.53861617,342
1661126400,0.0002556,0.0002573,0.0001001,0.0001973,229211449.74724102,510
1661212800,0.0001973,0.000205,0.0001601,0.0001762,52553395.74631906,230
1661299200,0.00019,0.00019,0.0001355,0.0001835,70062492.6398282,214
1661385600,0.0001835,0.0001835,0.0001421,0.0001559,112207671.87151131,202
1661472000,0.0001564,0.000166,0.0001301,0.0001433,32902455.113779854,152
1661558400,0.0001433,0.0001543,0.0001301,0.0001386,36070492.42382828,68
1661644800,0.0001327,0.0001507,0.000131,0.0001335,9249780.20165331,49
1661731200,0.0001335,0.000211,0.0001335,0.0001867,138327879.96689138,758
1661817600,0.000187,0.0001898,0.0001561,0.0001596,47997769.41822634,228
1661904000,0.0001671,0.0001772,0.0001567,0.0001655,32498751.503703553,145
1661990400,0.0001655,0.0001773,0.000138,0.0001414,60155533.6700841,173
1662076800,0.0001547,0.000173,0.00015,0.0001591,35533910.4306002,137
1662163200,0.000154,0.0001704,0.000154,0.0001629,5643826.17045782,52
1662249600,0.0001661,0.0001712,0.000155,0.0001592,36972416.929462194,99
1662336000,0.0001616,0.0001712,0.0001563,0.0001662,25015283.17269866,87
1662422400,0.0001662,0.0001776,0.0001309,0.000154,227951365.31516033,297
1662508800,0.0001468,0.0001539,0.0001351,0.0001454,36912184.95955099,130
1662595200,0.000151,0.000151,0.0001345,0.0001367,21478361.121589754,103
1662681600,0.0001367,0.0001482,0.0001321,0.000135,37622901.08748648,126
1662768000,0.0001325,0.0001473,0.0001325,0.0001422,34587923.71311721,116
1662854400,0.000142,0.0001446,0.0001352,0.0001415,28100406.14358987,104
1662940800,0.0001415,0.0001458,0.0001366,0.0001409,26230091.871053837,111
1663027200,0.0001379,0.0001438,0.0001353,0.0001417,8086298.179634741,38
1663113600,0.0001423,0.0001499,0.0001375,0.0001406,37198029.9078494,111
1663200000,0.0001373,0.0001771,0.000137,0.0001735,101909191.33798924,249
1663286400,0.0001643,0.0001974,0.00014,0.0001529,265384894.55178183,503
1663372800,0.0001508,0.0001624,0.0001433,0.0001575,30808661.670183726,135
1663459200,0.0001515,0.0001578,0.0001423,0.0001464,17169649.871551737,69
1663545600,0.0001424,0.0001464,0.00013,0.0001402,35385085.71823815,91
1663632000,0.0001399,0.000175,0.0001372,0.0001567,49503232.85414959,140
1663718400,0.000165,0.0002442,0.0001559,0.0001899,187101029.5364825,461
1663804800,0.0001899,0.0002798,0.0001805,0.0002571,339049550.10425955,863
1663891200,0.0002688,0.000299,0.000192,0.000236,152929627.14893138,539
1663977600,0.0002359,0.00029,0.0002252,0.0002492,130200760.1314857,322
1664064000,0.0002395,0.0002689,0.0002251,0.0002467,90399100.16814002,254
1664150400,0.0002397,0.000265,0.000181,0.000227,126325842.3396315,497
1664236800,0.0002192,0.0002649,0.0002178,0.0002523,90798194.02041729,334
1664323200,0.0002632,0.0003184,0.00023,0.0002582,130902009.30691642,482
1664409600,0.0002574,0.000279,0.0002411,0.0002411,67040589.37000954,226
1664496000,0.0002478,0.0002557,0.0002411,0.0002471,33558099.879051626,158
1664582400,0.0002414,0.0002511,0.00024,0.000241,14598041.668191459,78
1664668800,0.000244,0.0002557,0.0002015,0.000241,97031920.90366332,217
1664755200,0.0002424,0.0003,0.0002291,0.0002463,222320775.70448038,470
1664841600,0.0002439,0.0003,0.0001727,0.0002164,533313810.88700205,672
1664928000,0.0002186,0.000235,0.0001801,0.0001912,204228934.86730602,427
1665014400,0.0001851,0.000216,0.0001818,0.0002022,107739196.52742185,285
1665100800,0.000209,0.0002097,0.0001786,0.0001965,52346944.71097309,178
1665187200,0.0001962,0.0001999,0.00015,0.0001745,140917752.68218693,299
1665273600,0.0001829,0.000199,0.0001614,0.000177,94885886.82043903,200
1665360000,0.0001929,0.000223,0.0001776,0.0001963,182915390.63174775,462
1665446400,0.0002067,0.0002067,0.00018,0.0001923,60353433.87017965,189
1665532800,0.0001954,0.0001954,0.0001767,0.0001823,56170750.04077589,153
1665619200,0.0001771,0.0001874,0.0001452,0.0001502,203306642.93083778,244
1665705600,0.0001503,0.00016,0.0001379,0.0001453,238339619.24001855,270
1665792000,0.0001451,0.0001585,0.0001385,0.0001448,125023891.45026253,240
1665878400,0.0001448,0.000195,0.000135,0.0001641,417023196.69354475,764
1665964800,0.0001669,0.0001764,0.0001537,0.0001561,121904638.54156229,366
1666051200,0.0001609,0.0001829,0.0001501,0.0001634,109601006.59105743,310
1666137600,0.000167,0.000167,0.0001505,0.0001602,37653469.297904044,164
1666224000,0.0001543,0.0001632,0.0001435,0.0001534,36114728.865249686,113
1666310400,0.0001534,0.0001534,0.0001255,0.0001423,113814097.77785374,161
1666396800,0.0001424,0.0001632,0.0001271,0.00014,171732751.96169728,203
1666483200,0.0001482,0.0001598,0.00014,0.000146,235452383.06744185,261
1666569600,0.0001542,0.000177,0.0001454,0.0001484,281918467.8316339,382
1666656000,0.0001526,0.0001594,0.0001404,0.0001505,127833913.75605825,268
1666742400,0.0001529,0.000155,0.00014,0.000145,134003750.13488306,251
1666828800,0.0001491,0.0001545,0.00014,0.0001484,58761045.82786004,84
1666915200,0.0001418,0.0001485,0.0001211,0.0001352,232210280.67766377,328
1667001600,0.0001361,0.0001485,0.0001244,0.0001315,172202154.71401796,259
1667088000,0.0001321,0.000136,0.0001263,0.0001328,55068327.86791623,136
1667174400,0.0001323,0.000139,0.0001289,0.000129,39156529.05254379,90
1667260800,0.0001328,0.0001342,0.0001277,0.0001325,20678317.405884817,76
1667347200,0.0001324,0.000135,0.000116,0.0001285,105077417.03791772,142
1667433600,0.0001221,0.0001316,0.0001218,0.0001286,26616314.91197889,103
1667520000,0.000125,0.0001378,0.00012,0.000133,89981722.11017148,179
1667606400,0.0001324,0.0001451,0.000124,0.0001373,56109710.65018472,169
1667692800,0.0001373,0.0001489,0.00013,0.0001329,47788755.38248867,156
1667779200,0.0001397,0.000142,0.0001339,0.0001374,10840940.70996862,43
1667865600,0.0001388,0.00014,0.0001106,0.0001228,123179451.56309736,203
1667952000,0.0001275,0.0001346,9.14e-05,0.0001064,71175954.16163775,219
1668038400,0.000101,0.0001084,9.21e-05,0.0001043,40739971.44491091,109
1668124800,0.0001011,0.0001074,9.91e-05,0.0001054,16711737.003510686,45
1668211200,0.0001053,0.0001054,9.59e-05,0.0001026,14625501.28200868,45
1668297600,0.0001041,0.0001043,9.99e-05,0.0001043,27971914.043646283,52
1668384000,0.0001004,0.0001044,7.89e-05,9.48e-05,63045153.954227366,189
1668470400,9.89e-05,9.97e-05,8.11e-05,8.86e-05,87701758.93024035,149
1668556800,8.63e-05,9.89e-05,8.63e-05,9.3e-05,14739949.195937766,65
1668643200,9.21e-05,9.41e-05,8.42e-05,9e-05,16356878.431337629,62
1668729600,9e-05,9.33e-05,8.57e-05,9.13e-05,21772143.929933377,55
1668816000,9.15e-05,0.0001033,8.87e-05,9.04e-05,82748219.07104895,100
1668902400,8.88e-05,9.33e-05,8.11e-05,8.81e-05,23192971.97148216,37
1668988800,9.24e-05,9.24e-05,8.13e-05,8.71e-05,17307058.527662467,36
1669075200,8.66e-05,8.66e-05,7.61e-05,8.14e-05,90163123.68596399,101
1669161600,8.27e-05,8.48e-05,7.93e-05,7.93e-05,11392327.27441065,38
1669248000,8.24e-05,9.89e-05,8.2e-05,9.26e-05,64193015.59588651,116
1669334400,8.8e-05,9.23e-05,8.01e-05,8.79e-05,28281665.17887565,65
1669420800,9.04e-05,9.17e-05,8.46e-05,8.66e-05,17940534.82734711,41
1669507200,8.81e-05,9.2e-05,8.38e-05,9.1e-05,25802158.976423744,35
1669593600,8.9e-05,9.03e-05,8.22e-05,8.34e-05,39917354.49147763,92
1669680000,8.53e-05,8.65e-05,8.29e-05,8.62e-05,7133858.342689159,31
1669766400,8.52e-05,9.25e-05,8.33e-05,8.68e-05,32382505.557634126,60
1669852800,8.58e-05,8.8e-05,8.21e-05,8.34e-05,33619850.300761856,81
1669939200,8.25e-05,8.46e-05,8.17e-05,8.39e-05,14943079.029643519,29
1670025600,8.36e-05,9.2e-05,8.16e-05,8.7e-05,52793202.79477102,90
1670112000,8.61e-05,8.99e-05,8.21e-05,8.47e-05,12548911.211805642,65
1670198400,8.36e-05,9e-05,8.24e-05,8.4e-05,22365987.05661091,40
1670284800,8.36e-05,8.83e-05,8.33e-05,8.67e-05,14457861.438249908,68
1670371200,8.57e-05,8.75e-05,8.2e-05,8.2e-05,34707770.148631945,79
1670457600,8.55e-05,8.55e-05,8e-05,8.26e-05,23215491.91513941,52
1670544000,8.05e-05,8.36e-05,8.03e-05,8.3e-05,11166969.209793193,43
1670630400,8.05e-05,8.39e-05,7.77e-05,8.22e-05,15351592.840442222,38
1670716800,8.22e-05,8.73e-05,8.03e-05,8.48e-05,20386926.143042788,46
1670803200,8.09e-05,8.32e-05,7.88e-05,8.29e-05,22728230.020270508,40
1670889600,7.91e-05,8.38e-05,7.6e-05,7.85e-05,34436524.52930646,59
1670976000,8.05e-05,8.54e-05,7.62e-05,8.07e-05,20404498.98163699,58
1671062400,8.15e-05,8.19e-05,7.59e-05,7.7e-05,11659941.49730891,41
1671148800,7.7e-05,7.83e-05,7.01e-05,7.15e-05,7611441.893790802,33
1671235200,7.75e-05,7.86e-05,7.02e-05,7.24e-05,54915838.756750315,87
1671321600,7.18e-05,7.83e-05,6.96e-05,7.21e-05,49965741.96087161,51
1671408000,7.17e-05,7.51e-05,6.01e-05,6.51e-05,56821696.97455512,111
1671494400,6.24e-05,8.74e-05,5.77e-05,7.16e-05,109728171.67501472,141
1671580800,6.43e-05,8.5e-05,6.21e-05,6.91e-05,153464572.32859343,177
1671667200,6.91e-05,8.3e-05,6.69e-05,7.81e-05,49707669.222787514,72
1671753600,7.79e-05,8.57e-05,7.45e-05,7.81e-05,52545755.32550552,60
1671840000,7.8e-05,8.6e-05,7.34e-05,8.6e-05,23250223.834280804,46
1671926400,9.09e-05,9.84e-05,7.89e-05,8.78e-05,39653900.999484874,78
1672012800,8.78e-05,8.78e-05,6.66e-05,7.8e-05,99716612.97489192,112
1672099200,7.87e-05,7.9e-05,6.26e-05,6.71e-05,82187851.83234832,83
1672185600,6.77e-05,7.47e-05,6.01e-05,6.21e-05,67953130.57477178,68
1672272000,7.1e-05,7.2e-05,6.27e-05,7.09e-05,23826264.460523967,44
1672358400,6.99e-05,7.08e-05,6.29e-05,6.67e-05,16478297.78351069,43
1672444800,6.37e-05,6.72e-05,6.16e-05,6.16e-05,17936328.726105362,32
1672531200,6.48e-05,7.1e-05,5.87e-05,6.38e-05,41468285.282380454,76
1672617600,6.24e-05,6.92e-05,6.24e-05,6.63e-05,21800727.662621185,45
1672704000,6.62e-05,7.89e-05,6.62e-05,7.4e-05,59796037.06016979,86
1672790400,7.51e-05,7.78e-05,6.58e-05,7.06e-05,8105376.968796059,36
1672876800,7.37e-05,8.81e-05,6.61e-05,8.81e-05,102334971.50420366,139
1672963200,8.95e-05,0.0001033,7.21e-05,8.87e-05,898900441.5430868,921
1673049600,9.1e-05,0.00019,8.93e-05,0.0001494,698256566.6353325,1098
1673136000,0.0001443,0.0001799,0.0001201,0.0001208,474561702.4278328,859
1673222400,0.0001208,0.00015,0.0001042,0.0001106,470565621.6460058,467
1673308800,0.0001104,0.00014,0.0001051,0.0001252,465029162.77807474,595
1673395200,0.000128,0.00018,0.0001269,0.0001664,372870434.8576197,708
1673481600,0.0001664,0.0001707,0.0001454,0.0001596,90805729.26646096,229
1673568000,0.0001585,0.0001597,0.000132,0.0001564,129308958.38266537,236
1673654400,0.0001564,0.0001599,0.0001318,0.0001464,234304161.10104287,414
1673740800,0.0001483,0.0001538,0.0001318,0.000144,121974666.17290436,329
1673827200,0.0001396,0.0001496,0.0001343,0.0001419,85765271.31761558,168
1673913600,0.0001457,0.0001457,0.000125,0.0001356,170493085.68921694,296
1674000000,0.000134,0.000134,0.00011,0.0001108,100965980.05638717,201
1674086400,0.000115,0.0001463,0.000113,0.0001408,99323742.48512281,194
1674172800,0.0001373,0.0001515,0.0001183,0.0001412,109605705.48299186,226
1674259200,0.0001473,0.0001498,0.0001347,0.0001387,45091557.768546134,125
1674345600,0.0001403,0.000158,0.0001331,0.0001404,91461492.4907105,176
1674432000,0.0001404,0.00016,0.0001329,0.0001484,73807161.9942929,184
1674518400,0.0001484,0.000168,0.0001401,0.0001492,98854115.77288495,219
1674604800,0.0001483,0.0001641,0.0001455,0.0001468,41576627.27208075,84
1674691200,0.0001484,0.0001567,0.0001438,0.000147,27406679.419393197,71
1674777600,0.0001526,0.0001526,0.0001376,0.0001451,25844132.116864294,67
1674864000,0.0001449,0.0001545,0.0001306,0.0001418,40211421.762674995,86
1674950400,0.0001382,0.0001441,0.0001325,0.000142,22572108.210090406,63
1675036800,0.0001363,0.0001415,0.0001301,0.0001301,33573495.4786409,80
1675123200,0.0001305,0.0001366,0.0001305,0.000132,16180485.952852251,39
1675209600,0.0001327,0.0001349,0.0001211,0.0001335,53640061.232545376,107
1675296000,0.0001314,0.000144,0.000131,0.0001379,50445896.57391878,126
1675382400,0.0001366,0.0001606,0.00013,0.0001439,95016380.30081943,185
1675468800,0.000144,0.0001559,0.0001439,0.0001519,11084233.764694162,29
1675555200,0.0001504,0.0001536,0.0001377,0.0001386,38864996.182817265,79
1675641600,0.000139,0.0001477,0.0001375,0.0001395,29940013.078857917,52
1675728000,0.00014,0.0001411,0.0001318,0.00014,31555196.332071304,58
1675814400,0.0001362,0.0001412,0.00013,0.000132,47262953.14925228,103
1675900800,0.000139,0.0001408,0.0001252,0.0001254,57616758.880050614,58
1675987200,0.0001297,0.0001297,0.0001222,0.0001222,23794966.569740653,43
1676073600,0.0001256,0.0001257,0.00012,0.000124,23515730.787752822,42
1676160000,0.0001257,0.0001358,0.0001192,0.0001277,84346716.64765157,125
1676246400,0.0001278,0.0001279,0.00011,0.0001175,99334803.78544655,131
1676332800,0.0001146,0.000138,0.0001132,0.0001377,151114705.53914002,247
1676419200,0.0001326,0.0001437,0.0001213,0.0001342,88968047.8580531,191
1676505600,0.0001342,0.0001436,0.000121,0.0001281,73152103.1936557,146
1676592000,0.0001323,0.00014,0.0001256,0.0001333,30992506.316406146,80
1676678400,0.0001339,0.0001379,0.0001281,0.0001314,25373412.801097516,53
1676764800,0.0001322,0.0001437,0.0001322,0.0001387,25472979.42334592,83
1676851200,0.0001375,0.0001434,0.0001272,0.0001302,64588007.32201011,68
1676937600,0.0001373,0.0001459,0.000131,0.000131,64258580.61405888,160
1677024000,0.0001373,0.0001399,0.0001301,0.0001369,20424267.86890306,40
1677110400,0.0001367,0.0001369,0.0001303,0.000135,19930296.925598994,60
1677196800,0.0001305,0.0001349,0.00013,0.0001302,26833222.998903945,41
1677283200,0.00013,0.0001354,0.0001259,0.000126,18357798.426361937,36
1677369600,0.0001329,0.0001329,0.000125,0.0001266,6006191.39961534,16
1677456000,0.0001279,0.0001287,0.0001194,0.0001234,24648799.417369705,53
1677542400,0.0001231,0.0001243,0.0001157,0.0001165,15738618.308061609,29
1677628800,0.0001186,0.0001227,0.0001137,0.0001178,16374298.118275363,33
1677715200,0.0001156,0.0001209,0.000113,0.0001131,6133261.790406581,33
1677801600,0.0001158,0.0001175,0.000112,0.0001132,9432052.346721353,26
1677888000,0.0001136,0.0001136,9.2e-05,0.0001093,49089106.942254595,67
1677974400,0.0001044,0.0001335,9.68e-05,0.0001031,167895626.43740413,213
1678060800,0.000103,0.00011,9.13e-05,0.0001036,52664664.77488015,98
1678147200,0.0001066,0.000111,9.72e-05,0.0001052,18649695.46535847,48
1678233600,0.0001059,0.0001079,9.4e-05,9.74e-05,81922010.70587912,131
1678320000,9.57e-05,0.0001021,8.75e-05,8.97e-05,53041358.68438444,156
1678406400,8.97e-05,9.99e-05,8.97e-05,9.88e-05,10071598.44885691,34
1678492800,9.88e-05,9.88e-05,8.35e-05,9.44e-05,71715086.86174831,60
1678579200,9.54e-05,0.000113,9.06e-05,0.0001016,57722167.70021621,87
1678665600,0.0001023,0.000113,9.38e-05,9.75e-05,42475224.8985398,76
1678752000,9.76e-05,0.0001234,9.76e-05,0.0001066,29600814.86961343,64
1678838400,0.0001066,0.0001108,0.0001007,0.000103,26179407.32212393,74
1678924800,0.0001053,0.0001097,9.77e-05,0.0001016,24508712.722665552,60
1679011200,0.0001076,0.0001525,0.0001044,0.0001308,158558469.32414153,404
1679097600,0.0001308,0.0001544,0.000125,0.0001381,37567755.36535104,149
1679184000,0.0001398,0.0001439,0.0001139,0.0001338,73304637.3875045,225
1679270400,0.0001341,0.0001481,0.0001221,0.000124,27031582.39133295,96
1679356800,0.0001334,0.0001357,0.00012,0.0001221,27119840.450832948,71
1679443200,0.0001201,0.000128,0.0001108,0.0001108,37061090.231355585,59
1679529600,0.0001185,0.0001317,0.000115,0.0001258,37695989.29529515,43
1679616000,0.0001223,0.0001265,0.0001109,0.0001196,39763294.18512534,94
1679702400,0.0001196,0.0001234,0.0001137,0.0001234,4530115.59923048,20
1679788800,0.0001199,0.00012,9.52e-05,9.97e-05,128809243.66693157,225
1679875200,0.0001034,0.0001101,9.12e-05,9.41e-05,133574983.14042388,234
1679961600,9.77e-05,0.0001094,9.4e-05,9.71e-05,70036348.37086235,130
1680048000,9.91e-05,0.0001065,9.91e-05,0.000105,21115360.723366134,44
1680134400,0.0001056,0.0001063,9.42e-05,9.64e-05,21234069.286501564,65
1680220800,9.45e-05,0.0001179,9.45e-05,0.0001075,86853218.0736357,160
1680307200,0.0001093,0.0001165,9.56e-05,0.0001045,88766492.87051344,162
1680393600,0.0001062,0.0001111,9.68e-05,9.77e-05,20125890.860756822,65
1680480000,0.0001003,0.0001026,9.23e-05,9.89e-05,36543115.58198373,78
1680566400,0.0001006,0.0001033,9.34e-05,9.84e-05,36184592.48583788,102
1680652800,0.000103,0.0001041,9.54e-05,9.8e-05,54275718.72145678,256
1680739200,0.0001008,0.0001043,9.91e-05,0.0001037,16940984.06215395,62
1680825600,9.91e-05,0.000102,9e-05,0.0001019,76431124.36031443,82
1680912000,9.95e-05,0.0001047,9.94e-05,0.0001047,12489461.04048753,49
1680998400,0.0001047,0.0001125,9.78e-05,0.0001055,41403227.53211794,135
1681084800,0.0001054,0.0001141,9.8e-05,0.0001138,79083673.17492431,205
1681171200,0.0001138,0.000117,0.0001061,0.00011,40001834.24855798,115
1681257600,0.0001108,0.0001108,0.0001011,0.0001093,39873230.83299704,167
1681344000,0.0001093,0.000118,0.0001041,0.0001103,18287901.079075776,143
1681430400,0.0001148,0.00012,0.00011,0.00012,35354743.08209375,115
1681516800,0.00012,0.0001351,0.0001173,0.000124,98492682.86234961,286
1681603200,0.0001241,0.0001338,0.0001174,0.0001333,24771372.311055556,110
1681689600,0.0001335,0.000138,0.0001266,0.0001304,41787688.72127831,278
1681776000,0.0001337,0.000144,0.0001321,0.0001351,53400865.02416785,247
1681862400,0.0001351,0.00014,0.000116,0.0001203,96576471.49443427,189
1681948800,0.0001211,0.0001269,0.0001085,0.0001126,24769758.615737624,64
1682035200,0.0001127,0.0001161,0.0001085,0.0001086,10595108.55133471,23
1682121600,0.0001085,0.0001125,0.0001074,0.0001074,16483743.539842,32
1682208000,0.0001102,0.0001109,9.95e-05,9.95e-05,18274381.278372303,40
1682294400,0.0001005,0.0001052,9.96e-05,0.0001042,10664422.7266392,56
1682380800,0.0001021,0.000107,9.96e-05,0.0001023,11076033.246040286,53
1682467200,0.0001051,0.0001222,0.0001043,0.0001113,32801065.13011337,102
1682553600,0.0001126,0.0001211,0.0001094,0.0001104,52197272.46721926,111
1682640000,0.00011,0.000116,0.0001086,0.0001136,4372705.34834957,33
1682726400,0.0001136,0.00012,0.000109,0.000114,17803702.62365405,48
1682812800,0.0001139,0.00013,0.0001091,0.0001253,31068149.62794643,92
1682899200,0.0001254,0.0001394,0.0001157,0.0001242,82468541.3299708,261
1682985600,0.0001205,0.00016,0.0001204,0.000149,161153537.63921216,444
1683072000,0.000149,0.00016,0.0001338,0.0001379,91551256.35204114,327
1683158400,0.0001394,0.0001507,0.0001317,0.0001333,25346680.254380744,70
1683244800,0.0001352,0.0001377,0.000124,0.0001263,60961534.19552654,99
1683331200,0.0001282,0.000131,0.0001181,0.0001181,16623402.968963522,49
1683417600,0.0001206,0.0001328,0.0001181,0.0001271,23752491.388832666,46
1683504000,0.0001264,0.0001496,0.0001215,0.0001254,98866731.8249251,256
1683590400,0.0001253,0.0001413,0.0001214,0.0001247,24416782.478667323,77
1683676800,0.0001267,0.0001296,0.0001232,0.0001232,17059824.479430053,37
1683763200,0.0001236,0.0001259,0.0001201,0.0001224,9318627.763097355,29
1683849600,0.0001242,0.0001348,0.00012,0.0001304,20971726.090628665,46
1683936000,0.0001306,0.000155,0.0001306,0.0001437,71912459.78369471,199
1684022400,0.0001472,0.00016,0.0001397,0.0001548,56532785.68210376,153
1684108800,0.0001548,0.000161,0.0001447,0.0001607,53412741.90365908,163
1684195200,0.0001607,0.0002433,0.0001525,0.0001938,479181620.48862183,636
1684281600,0.0001879,0.0002367,0.0001815,0.0002164,154934733.4765539,358
1684368000,0.0002175,0.0002175,0.0001907,0.0002016,85311778.14400002,190
1684454400,0.0002001,0.0002385,0.0001998,0.0002385,62255609.195928976,105
1684540800,0.0002295,0.00032,0.0002293,0.0002904,224346503.66175604,617
1684627200,0.000288,0.0002949,0.0002657,0.000275,51553700.4412618,135
1684713600,0.0002708,0.0002823,0.0002318,0.0002532,117812034.1750549,226
1684800000,0.0002553,0.000328,0.0002487,0.00025,178725599.35884237,354
1684886400,0.0002561,0.0002709,0.0002353,0.0002385,93755657.88365339,165
1684972800,0.0002428,0.0002666,0.0002333,0.0002598,70842908.45586622,107
1685059200,0.0002597,0.0002855,0.0002394,0.0002646,92571843.32594794,237
1685145600,0.0002644,0.0002887,0.0002546,0.0002704,29868715.02363863,154
1685232000,0.0002708,0.0002917,0.0002624,0.0002816,30116687.770115484,123
1685318400,0.0002747,0.000277,0.0002521,0.00027,30658907.505997,157
1685404800,0.0002719,0.000272,0.0002367,0.0002398,72825390.95517564,156
1685491200,0.0002363,0.0002402,0.0002224,0.0002277,55078860.520413965,149
1685577600,0.0002315,0.0002368,0.0002213,0.0002292,12151848.98360454,70
1685664000,0.0002262,0.0002262,0.0001005,0.0002053,301404811.2463957,522
1685750400,0.0002059,0.0002099,0.0001687,0.0001919,68783544.85248049,153
1685836800,0.0001915,0.000196,0.0001261,0.0001624,333775562.8022026,435
1685923200,0.0001631,0.0001631,0.0001386,0.0001424,72677026.99522085,122
1686009600,0.000153,0.0001538,0.0001418,0.0001538,28269201.887964893,68
1686096000,0.000155,0.0001938,0.0001527,0.0001578,75212664.07629126,137
1686182400,0.0001573,0.0001726,0.0001413,0.00015,36562943.81361574,109
1686268800,0.0001471,0.00016,0.0001471,0.000156,6776269.518439351,41
1686355200,0.000154,0.000154,0.00012,0.0001337,67551484.66173172,146
1686441600,0.0001362,0.0001494,0.0001132,0.0001278,69468672.26865847,132
1686528000,0.0001186,0.0001299,0.000113,0.0001277,33883434.14869812,65
1686614400,0.000128,0.0001349,0.00012,0.0001243,17246515.36600695,52
1686700800,0.0001275,0.0001333,0.0001256,0.0001282,10539147.663310828,22
1686787200,0.0001244,0.0001273,0.0001046,0.0001183,62847082.98334025,111
1686873600,0.0001153,0.0001245,0.0001127,0.0001175,10619325.317840122,33
1686960000,0.0001201,0.0001364,0.0001201,0.0001352,31177559.15445595,55
1687046400,0.0001279,0.0001345,0.0001067,0.0001174,16588626.070846723,51
1687132800,0.0001123,0.0001219,0.0001045,0.0001197,19871458.271713078,59
1687219200,0.0001146,0.0001244,0.0001122,0.0001157,14529908.88359148,41
1687305600,0.0001228,0.0001315,0.0001184,0.0001274,34760700.941159666,75
1687392000,0.000121,0.0001302,0.0001201,0.0001302,22358211.2026718,54
1687478400,0.0001302,0.0001313,0.0001052,0.000122,105334713.1799134,164
1687564800,0.000125,0.0001267,0.0001145,0.000115,40547438.297748595,94
1687651200,0.0001186,0.0001281,0.0001181,0.0001254,26674180.26271469,189
1687737600,0.0001281,0.0001305,0.0001216,0.0001225,12546836.48292641,65
1687824000,0.0001264,0.0001339,0.000122,0.0001254,19003971.42732926,164
1687910400,0.0001242,0.0001263,0.0001088,0.0001263,35119053.40666356,177
1687996800,0.0001241,0.0001301,0.0001241,0.0001288,7278749.208170593,93
1688083200,0.000129,0.0001356,0.0001229,0.0001348,43025599.66630461,150
1688169600,0.0001293,0.000139,0.000123,0.0001304,23193283.085289475,101
1688256000,0.0001304,0.0001383,0.0001278,0.0001383,5369046.4280001,35
1688342400,0.0001288,0.0001385,0.0001288,0.0001311,16727927.139828982,37
1688428800,0.0001328,0.0001361,0.0001251,0.0001347,8329055.43989175,32
1688515200,0.0001282,0.0001312,0.0001271,0.0001274,1061982.46229211,11
1688601600,0.0001328,0.0001332,0.0001256,0.0001259,5526999.0589174805,20
1688688000,0.0001262,0.0001292,0.000124,0.0001281,2054919.4091598801,15
1688774400,0.0001257,0.0001296,0.0001256,0.0001296,312351.42,5
1688860800,0.0001246,0.000126,0.0001246,0.0001253,1064234.0736715,8
1688947200,0.0001263,0.0001309,0.0001221,0.0001242,15893840.16436185,28
1689033600,0.0001241,0.0001285,0.00012,0.0001236,15958606.069047779,42
1689120000,0.0001235,0.0001263,0.00012,0.00012,6350214.39856314,20
1689206400,0.0001241,0.0001251,0.0001199,0.0001207,27093464.729811,66
1689292800,0.0001179,0.000126,0.0001114,0.0001153,116247305.15192881,146
1689379200,0.0001153,0.0001213,0.0001118,0.000115,5343414.788203609,31
1689465600,0.000115,0.0001181,0.0001142,0.0001159,2679258.90313107,11
1689552000,0.0001165,0.0001245,0.0001165,0.0001245,13464588.807266997,45
1689638400,0.0001245,0.0001269,0.0001188,0.000125,7765679.3013001075,114
1689724800,0.000125,0.000132,0.0001191,0.0001297,30836065.88390848,434
1689811200,0.0001274,0.0001318,0.0001248,0.0001306,17191732.603272725,93
1689897600,0.0001305,0.0001312,0.0001064,0.0001162,81352157.3369212,151
1689984000,0.0001162,0.0001162,0.000111,0.000112,12560124.700310899,27
1690070400,0.0001159,0.0001161,0.00011,0.000112,26791380.24703965,53
1690156800,0.000112,0.0001133,0.0001,0.0001038,29801686.7756113,68
1690243200,0.0001045,0.0001066,0.0001011,0.0001035,4692016.1697697295,22
1690329600,0.0001018,0.0001061,0.0001015,0.0001031,1675857.43058501,14
1690416000,0.0001049,0.0001063,0.0001012,0.0001038,5437996.8613842,18
1690502400,0.0001064,0.0001066,0.0001029,0.0001029,4735200.097754961,18
1690588800,0.0001029,0.0001061,0.0001029,0.0001061,3543553.03174095,16
1690675200,0.0001066,0.0001069,0.0001013,0.0001064,10477315.925297318,30
1690761600,0.0001027,0.0001049,0.0001011,0.0001011,2426759.80121671,13
1690848000,0.0001011,0.000105,0.0001,0.0001,7599236.330531682,22
1690934400,0.0001044,0.000106,0.0001,0.000106,7066526.307276789,21
1691020800,0.0001046,0.0001046,0.0001012,0.0001038,2134709.39,7
1691107200,0.0001012,0.0001034,0.0001,0.0001034,11696061.076996967,35
1691193600,0.0001007,0.0001014,9.75e-05,0.0001,7380788.730451881,34
1691280000,0.0001,0.0001025,9.77e-05,9.9e-05,5662713.41880693,32
1691366400,9.9e-05,0.0001009,9.66e-05,9.97e-05,9581474.846394502,42
1691452800,9.97e-05,0.0001022,9.83e-05,0.0001022,5367251.89024959,33
1691539200,0.0001023,0.0001035,9.73e-05,9.73e-05,5750774.58,10
1691625600,9.99e-05,0.0001022,9.76e-05,9.89e-05,7685406.621520839,33
1691712000,9.96e-05,0.000102,9.24e-05,0.0001007,19644012.935497016,62
1691798400,9.8e-05,0.0001009,9.36e-05,0.0001005,11763862.929511,29
1691884800,0.0001003,0.0001025,0.0001,0.0001025,1631006.1110860999,17
1691971200,0.0001025,0.000105,9.24e-05,9.34e-05,18622220.09674426,43
1692057600,9.73e-05,9.85e-05,8.67e-05,8.84e-05,46057492.79973994,124
1692144000,8.72e-05,9.59e-05,8.72e-05,9.09e-05,3972570.0468693203,24
1692230400,8.91e-05,9.31e-05,8.62e-05,8.76e-05,11278345.09770366,32
1692316800,8.68e-05,9.48e-05,8.43e-05,9.07e-05,16363428.12947462,54
1692403200,8.86e-05,9.23e-05,8.12e-05,9.11e-05,13987477.500822311,38
1692489600,9.1e-05,9.78e-05,8.88e-05,9.37e-05,21149251.17966375,37
1692576000,9.34e-05,9.37e-05,9.15e-05,9.34e-05,2081599.66218956,10
1692662400,8.94e-05,9.09e-05,8.69e-05,8.83e-05,3890325.9894496403,19
1692748800,8.96e-05,9.39e-05,8.5e-05,9.2e-05,10800393.70226404,33
1692835200,8.97e-05,9.22e-05,8.64e-05,8.94e-05,4316543.76594851,11
1692921600,8.61e-05,8.89e-05,8.1e-05,8.57e-05,11044711.005414534,25
1693008000,8.85e-05,8.85e-05,8.49e-05,8.57e-05,1675917.6078266304,9
1693094400,8.8e-05,8.86e-05,8.5e-05,8.53e-05,5729433.67529569,33
1693180800,8.7e-05,8.89e-05,8.5e-05,8.89e-05,7372271.60624009,32
1693267200,8.89e-05,8.89e-05,8.5e-05,8.79e-05,12616941.180129401,35
1693353600,8.54e-05,8.76e-05,8.5e-05,8.67e-05,3746606.6491694995,18
1693440000,8.24e-05,8.92e-05,8.23e-05,8.45e-05,9946327.14734259,16
1693526400,8.61e-05,9.06e-05,8.2e-05,8.9e-05,16331015.159712633,56
1693612800,8.55e-05,8.75e-05,8.29e-05,8.57e-05,9397581.90733925,30
1693699200,8.54e-05,8.78e-05,8.36e-05,8.57e-05,3514494.26,19
1693785600,8.55e-05,0.0001029,8.55e-05,9.74e-05,34557832.58857354,93
1693872000,9.74e-05,0.0001169,9.54e-05,0.0001169,97610563.64912757,181
1693958400,0.0001178,0.0001262,9.02e-05,9.72e-05,343403986.1221532,255
1694044800,9.71e-05,0.0001027,9.09e-05,9.33e-05,35879812.29896349,92
1694131200,9.36e-05,9.95e-05,9.19e-05,9.5e-05,13341792.635360328,26
1694217600,9.63e-05,9.68e-05,8.6e-05,9.21e-05,25880498.200305842,48
1694304000,8.87e-05,9.4e-05,8.82e-05,9.04e-05,15191407.43112583,40
1694390400,8.92e-05,9.05e-05,8.23e-05,8.72e-05,17977301.11957715,35
1694476800,8.55e-05,8.78e-05,8.48e-05,8.76e-05,3484705.9004279803,12
1694563200,8.58e-05,9.6e-05,8.58e-05,9.6e-05,19666420.94024667,30
1694649600,9.32e-05,9.99e-05,9.24e-05,9.93e-05,19409420.307807866,32
1694736000,9.6e-05,9.6e-05,8.82e-05,9.24e-05,2532696.08005965,21
1694822400,9.34e-05,9.51e-05,9.2e-05,9.51e-05,1538659.0312092397,9
1694908800,9.25e-05,0.0001,8.85e-05,9.27e-05,12038606.94284567,20
1694995200,9.25e-05,9.3e-05,8.55e-05,9.26e-05,15309555.268817201,18
1695081600,9.21e-05,9.21e-05,8.97e-05,9.18e-05,654329.8234539799,9
1695168000,9.14e-05,9.26e-05,8.59e-05,9.06e-05,5709667.102507861,28
1695254400,9.15e-05,9.22e-05,8.95e-05,8.95e-05,455130.26416158,6
1695340800,9.06e-05,9.06e-05,8.78e-05,8.97e-05,3030484.8759397897,13
1695427200,8.97e-05,9.14e-05,8.86e-05,8.86e-05,2605891.16,42
1695513600,8.86e-05,9.1e-05,8.5e-05,8.51e-05,26304291.530684125,390
1695600000,8.51e-05,8.73e-05,7e-05,7.75e-05,62788822.08081009,254
1695686400,7.61e-05,8.03e-05,7e-05,7.22e-05,33188997.73866108,394
1695772800,7.23e-05,8.15e-05,7.15e-05,7.36e-05,28629140.0472118,157
1695859200,7.31e-05,7.82e-05,7e-05,7e-05,29680297.960853986,350
1695945600,7e-05,7.41e-05,6.8e-05,6.88e-05,48723289.43214458,583
1696032000,6.86e-05,7.31e-05,6.38e-05,6.73e-05,44474940.834325075,323
1696118400,6.65e-05,7.72e-05,6.65e-05,7.18e-05,47157022.82492268,169
1696204800,7.57e-05,7.59e-05,6.5e-05,6.79e-05,20839313.47718524,64
1696291200,6.71e-05,7.07e-05,6.35e-05,6.35e-05,93683386.11084677,361
1696377600,6.35e-05,6.75e-05,6.03e-05,6.63e-05,18383392.533615306,97
1696464000,6.42e-05,6.48e-05,5.79e-05,6.22e-05,44001827.70075961,479
1696550400,5.79e-05,6.32e-05,5.42e-05,6e-05,86614387.89485414,152
1696636800,5.9e-05,6.01e-05,5.84e-05,6.01e-05,2257039.15,6
1696723200,5.9e-05,6.12e-05,5.63e-05,5.91e-05,11820732.13152451,17
1696809600,6.12e-05,6.12e-05,5.4e-05,5.41e-05,23988602.108559813,136
1696896000,5.41e-05,5.96e-05,5.15e-05,5.24e-05,32137598.34780608,106
1696982400,5.24e-05,5.51e-05,5.16e-05,5.16e-05,35331888.31691397,620
1697068800,5.16e-05,5.31e-05,5.16e-05,5.2e-05,57372411.72420512,920
1697155200,5.2e-05,5.35e-05,5.16e-05,5.26e-05,12280638.988882672,189
1697241600,5.3e-05,5.47e-05,5.19e-05,5.33e-05,9280891.56585704,23
1697328000,5.39e-05,5.4e-05,5.15e-05,5.26e-05,8342848.169573283,49
1697414400,5.15e-05,5.21e-05,4.8e-05,5.19e-05,56513027.9103572,185
1697500800,4.94e-05,5.15e-05,4.8e-05,4.8e-05,29580095.09642478,42
1697587200,4.8e-05,4.81e-05,4.56e-05,4.64e-05,91879045.48695391,37
1697673600,4.58e-05,4.8e-05,4.57e-05,4.62e-05,36991279.90322874,24
1697760000,4.69e-05,4.79e-05,4.62e-05,4.74e-05,33983154.454140395,32
1697846400,4.76e-05,5.1e-05,4.6e-05,4.8e-05,40641279.44816204,30
1697932800,5.13e-05,5.14e-05,4.72e-05,4.8e-05,7641736.548498019,13
1698019200,5.05e-05,5.08e-05,4.61e-05,4.89e-05,25811143.940210037,34
1698105600,4.93e-05,4.99e-05,4.4e-05,4.99e-05,238782502.17779484,140
1698192000,4.72e-05,4.94e-05,4.42e-05,4.77e-05,127395977.72228055,91
1698278400,4.85e-05,5e-05,4.66e-05,5e-05,112284357.05626264,30
1698364800,5e-05,5e-05,4.49e-05,4.82e-05,129510312.56779842,30
1698451200,4.84e-05,7.27e-05,4.84e-05,6.72e-05,443328708.1097761,258
1698537600,6.71e-05,6.78e-05,5.14e-05,5.9e-05,507991665.55360603,308
1698624000,5.89e-05,6.43e-05,5.38e-05,5.92e-05,170019653.912918,168
1698710400,5.95e-05,6.38e-05,5.75e-05,5.76e-05,77111441.94963585,51
1698796800,5.79e-05,6.39e-05,4.98e-05,5.77e-05,302670283.6295153,214
1698883200,5.74e-05,6.18e-05,5.48e-05,5.83e-05,75691920.30013505,79
1698969600,5.84e-05,6.04e-05,5.66e-05,5.99e-05,14175248.332324538,17
1699056000,6.02e-05,6.16e-05,5.68e-05,5.83e-05,10824493.36719726,28
1699142400,6.09e-05,6.9e-05,5.8e-05,6.59e-05,110659531.98428626,77
1699228800,6.85e-05,7.4e-05,6.5e-05,6.65e-05,114907514.69908722,91
1699315200,6.5e-05,6.8e-05,5.99e-05,6.41e-05,159618922.48595005,82
1699401600,6.41e-05,6.82e-05,5.81e-05,6.22e-05,151293688.59925893,84
1699488000,6.24e-05,6.57e-05,5.83e-05,5.83e-05,44698842.148411,59
1699574400,6.09e-05,6.24e-05,5.83e-05,6.24e-05,45251578.04966521,47
1699660800,6e-05,6.24e-05,5.83e-05,5.95e-05,13608928.65586988,29
1699747200,6.24e-05,7.03e-05,6.05e-05,7.03e-05,95248235.52178939,118
1699833600,7.06e-05,7.23e-05,6.47e-05,6.54e-05,84798950.41344102,97
1699920000,6.54e-05,6.74e-05,6.32e-05,6.32e-05,24683992.721929405,40
1700006400,6.5e-05,6.69e-05,6.34e-05,6.49e-05,33848897.66430467,42
1700092800,6.63e-05,7.13e-05,6.34e-05,6.63e-05,64164907.29118103,60
1700179200,6.48e-05,6.96e-05,6.05e-05,6.35e-05,77404357.15591508,54
1700265600,6.48e-05,6.72e-05,5.25e-05,6.02e-05,75550755.19309014,60
1700352000,5.93e-05,6.2e-05,5.66e-05,6.17e-05,26029109.496128656,34
1700438400,5.83e-05,6.59e-05,5.63e-05,5.89e-05,66959911.56849998,58
1700524800,5.89e-05,6.02e-05,5.2e-05,5.62e-05,53781891.53743238,62
1700611200,5.61e-05,5.99e-05,5.42e-05,5.86e-05,20769014.1332864,24
1700697600,5.86e-05,6.32e-05,5.57e-05,5.57e-05,11464961.115190137,29
1700784000,6.15e-05,6.15e-05,5.53e-05,5.95e-05,4938737.8017753,12
1700870400,6.04e-05,6.1e-05,5.89e-05,6.1e-05,7463198.333215289,20
1700956800,6.42e-05,6.48e-05,5.73e-05,6.14e-05,4248220.06872094,21
1701043200,6.22e-05,6.22e-05,5.62e-05,5.79e-05,8105446.129305161,23
1701129600,6.07e-05,6.09e-05,5.73e-05,5.93e-05,4926216.352561031,12
1701216000,5.93e-05,6.41e-05,5.5e-05,6.04e-05,49350032.19839223,58
1701302400,6.02e-05,8.49e-05,6.01e-05,7.33e-05,313265249.2417255,503
1701388800,7.41e-05,8.3e-05,6.9e-05,7.36e-05,122851934.80885793,170
1701475200,7.19e-05,0.00019,7.01e-05,0.0001105,902912767.6852126,1000
1701561600,0.0001038,0.0001823,0.0001038,0.0001216,988422753.745313,887
1701648000,0.0001232,0.0002172,0.0001025,0.0001341,940742526.4780068,1008
1701734400,0.0001339,0.0001387,0.000126,0.000126,205069856.15524277,267
1701820800,0.000125,0.0001297,0.00011,0.000128,151392814.52447075,228
1701907200,0.0001272,0.0001388,0.0001186,0.0001282,107680437.52679728,223
1701993600,0.0001235,0.0001322,0.0001155,0.0001273,100801493.22369678,177
1702080000,0.0001276,0.0001294,0.0001162,0.0001227,48030608.012380235,116
1702166400,0.0001165,0.0001324,0.0001036,0.0001182,109390047.99568115,176
1702252800,0.0001164,0.0001275,0.0001024,0.0001203,79434440.10283187,135
1702339200,0.0001219,0.0001254,0.0001031,0.0001169,33529949.272105157,89
1702425600,0.0001104,0.0001178,9.94e-05,0.0001073,25736263.275805272,81
1702512000,0.0001129,0.0001178,9.5e-05,0.0001058,35935772.00125077,59
1702598400,0.0001016,0.0001118,0.0001011,0.0001024,28801380.3587803,48
1702684800,0.0001024,0.0001379,0.0001012,0.0001264,142219878.47788557,117
1702771200,0.0001247,0.0001299,0.0001054,0.0001166,69529430.12524661,145
1702857600,0.000117,0.000122,0.0001097,0.0001133,57367153.566418074,103
1702944000,0.0001135,0.0001199,0.000103,0.0001084,32873922.544364154,103
1703030400,0.0001096,0.0001229,0.0001078,0.0001137,27787276.382709235,75
1703116800,0.0001131,0.000121,0.0001061,0.0001193,16036587.613983499,73
1703203200,0.0001188,0.000126,0.0001133,0.0001184,24826515.897024468,82
1703289600,0.0001184,0.0001274,0.0001166,0.0001247,18114652.3666868,82
1703376000,0.0001266,0.000163,0.0001162,0.0001397,162745911.99746808,388
1703462400,0.0001514,0.00017,0.0001413,0.00017,101839041.8745255,178
1703548800,0.0001699,0.000172,0.0001443,0.0001647,55276002.397069305,130
1703635200,0.0001656,0.0001656,0.0001464,0.0001527,28490468.328296296,41
1703721600,0.0001484,0.0001565,0.0001337,0.0001384,22460030.529069167,83
1703808000,0.0001338,0.0001439,0.0001256,0.0001356,24265196.70205972,71
1703894400,0.0001285,0.0001382,0.0001217,0.0001322,17170601.593260657,51
1703980800,0.0001374,0.0001374,0.0001224,0.0001279,24238517.73464869,36
1704067200,0.0001272,0.0001457,0.0001206,0.0001413,23291328.841497757,64
1704153600,0.0001418,0.0001486,0.0001287,0.0001367,46869420.422342554,78
1704240000,0.0001422,0.0001428,0.0001201,0.000132,36555748.95932551,89
1704326400,0.0001289,0.0001452,0.0001205,0.0001452,45570435.41729556,79
1704412800,0.0001364,0.0001437,0.0001253,0.0001294,45980167.21388076,78
1704499200,0.0001299,0.0001299,0.0001211,0.000127,10683234.08600787,28
1704585600,0.0001265,0.0001288,0.0001194,0.0001204,7436379.46881305,9
1704672000,0.0001224,0.0001453,0.0001102,0.0001387,59428059.9435905,105
1704758400,0.000137,0.000137,0.0001214,0.0001255,22678605.91666196,40
1704844800,0.0001246,0.0001398,0.0001221,0.0001391,23226483.61449766,58
1704931200,0.0001335,0.000145,0.000129,0.0001449,9961068.87241417,52
1705017600,0.0001449,0.0001523,0.0001279,0.0001279,26334968.31674149,72
1705104000,0.00013,0.0001358,0.0001246,0.0001289,16927570.39772858,47
1705190400,0.0001333,0.0001348,0.0001281,0.0001339,10933087.729523152,29
1705276800,0.0001283,0.0001334,0.0001277,0.0001286,10117403.039907832,29
1705363200,0.0001333,0.0001367,0.0001282,0.0001288,29636427.234116305,45
1705449600,0.0001345,0.0001354,0.0001283,0.0001309,4621308.195959311,25
1705536000,0.0001283,0.0001311,0.0001282,0.0001286,3821335.2184055406,9
1705622400,0.0001316,0.000134,0.0001201,0.0001271,27384922.03645361,62
1705708800,0.0001313,0.0001318,0.0001247,0.0001317,4181995.01607481,15
1705795200,0.0001318,0.000135,0.0001283,0.0001344,2271241,15
1705881600,0.0001295,0.0001351,9.96e-05,0.0001139,103078677.98424648,182
1705968000,0.0001138,0.0001198,0.0001071,0.0001156,27330969.93266686,80
1706054400,0.0001198,0.0001198,0.0001141,0.000116,3392322.3039276404,9
1706140800,0.0001139,0.0001162,0.0001043,0.0001117,26441672.005932175,42
1706227200,0.0001105,0.000127,0.0001103,0.0001198,34191477.42343677,68
1706313600,0.0001246,0.0001317,0.0001182,0.0001277,28525737.498077974,75
1706400000,0.0001289,0.0001365,0.0001246,0.0001246,36139563.646904945,51
1706486400,0.0001275,0.0001357,0.0001242,0.0001324,21333917.060207985,36
1706572800,0.0001339,0.0001359,0.0001133,0.0001191,19252672.262648102,45
1706659200,0.0001196,0.0001263,0.0001089,0.0001141,60025268.68762651,64
1706745600,0.000114,0.0001193,0.0001114,0.000113,21060954.94695507,25
1706832000,0.0001135,0.0001196,0.0001121,0.0001183,10182337.46497417,29
1706918400,0.0001165,0.0001181,0.000112,0.000112,12080243.080766672,14
1707004800,0.000112,0.0001147,0.0001086,0.0001124,29293501.58944169,43
1707091200,0.0001147,0.0001161,0.0001119,0.0001132,9992170.360000001,8
1707177600,0.0001134,0.0001189,0.0001094,0.0001152,11107303.4288,17
1707264000,0.0001169,0.000121,0.0001142,0.0001198,35431614.03462096,33
1707350400,0.0001168,0.0001269,0.0001137,0.0001244,54029415.442233466,120
1707436800,0.0001209,0.0001258,0.0001184,0.00012,25105983.994732786,53
1707523200,0.0001199,0.0001209,0.0001178,0.0001201,2731572.7777294703,8
1707609600,0.000117,0.000126,0.000117,0.0001178,21968860.454451423,37
1707696000,0.000121,0.0001266,0.0001195,0.0001264,8078287.6040367,22
1707782400,0.0001261,0.0001265,0.0001188,0.0001264,28959124.185070552,43
1707868800,0.0001219,0.0001339,0.0001219,0.0001304,26600759.363047175,59
1707955200,0.0001334,0.0001475,0.0001314,0.0001323,34018856.08106549,84
1708041600,0.0001375,0.0001391,0.0001256,0.0001328,29151991.772256996,54
1708128000,0.0001285,0.0001331,0.0001254,0.0001312,12362580.981768267,37
1708214400,0.0001269,0.0001354,0.0001269,0.0001354,11341607.95018455,29
1708300800,0.0001304,0.000146,0.0001304,0.0001379,51725055.505647786,79
1708387200,0.0001409,0.0001423,0.000123,0.0001321,45457114.413086824,76
1708473600,0.0001321,0.000135,0.0001128,0.0001307,72840229.56087151,88
1708560000,0.0001306,0.0001381,0.0001258,0.0001312,22230087.86986828,65
1708646400,0.0001333,0.0001365,0.000132,0.0001346,3625118.07901544,25
1708732800,0.0001349,0.0001375,0.0001304,0.0001351,17445460.603759553,39
1708819200,0.0001346,0.0001361,0.0001301,0.0001361,8438170.05310498,32
1708905600,0.0001364,0.0001423,0.0001332,0.0001342,33609246.02860403,56
1708992000,0.0001342,0.0001399,0.000122,0.0001259,41529920.23851387,132
1709078400,0.0001294,0.0001378,0.0001238,0.0001299,91295980.57044713,142
1709164800,0.0001299,0.0001361,0.0001204,0.0001225,81569518.40288998,127
1709251200,0.0001256,0.0001296,0.0001216,0.0001284,18053451.768579565,56
1709337600,0.0001258,0.0001363,0.0001253,0.0001263,102550021.94404131,155
1709424000,0.0001262,0.0001332,0.0001211,0.000127,74663296.03998525,150
1709510400,0.0001289,0.0001316,0.0001133,0.0001283,117872886.63235593,170
1709596800,0.0001277,0.0001315,0.0001106,0.000124,126191525.19971067,195
1709683200,0.0001236,0.000134,0.0001181,0.0001252,127830466.2077758,138
1709769600,0.0001281,0.0001326,0.000118,0.0001271,91144077.7444788,128
1709856000,0.0001311,0.0002277,0.0001254,0.000201,519077142.40366966,647
1709942400,0.0002013,0.0002579,0.00017,0.0002253,1023498224.7521077,1839
1710028800,0.000216,0.0002265,0.0001789,0.0001967,266218565.82011244,503
1710115200,0.0001907,0.000206,0.0001761,0.0001941,204499468.320862,314
1710201600,0.0001859,0.0001955,0.00016,0.0001716,134013922.90621105,259
1710288000,0.0001765,0.0002127,0.000176,0.0001859,203091136.97223157,252
1710374400,0.000184,0.0001864,0.000155,0.000182,199547625.89365217,282
1710460800,0.0001799,0.0001853,0.0001502,0.0001585,75889104.26908578,222
1710547200,0.0001609,0.0001743,0.0001483,0.00015,109173901.50550832,123
1710633600,0.0001501,0.0001613,0.00014,0.0001488,101342454.53739451,172
1710720000,0.0001476,0.0001616,0.0001451,0.0001499,33125492.715666104,80
1710806400,0.0001465,0.0001478,0.000125,0.0001326,64180045.54835934,127
1710892800,0.0001293,0.0001507,0.0001223,0.0001507,115234427.36391823,270
1710979200,0.0001496,0.0001797,0.00012,0.0001416,83587431.56674919,183
1711065600,0.0001418,0.0002053,0.0001371,0.0001714,261523543.4761764,507
1711152000,0.0001716,0.0001958,0.000155,0.000167,176843003.41000304,403
1711238400,0.0001654,0.0001692,0.0001574,0.0001671,53411004.351180136,184
1711324800,0.0001671,0.0001744,0.000159,0.0001656,84458078.2881348,178
1711411200,0.0001692,0.0002184,0.0001628,0.0001807,332798008.94592077,454
1711497600,0.0001828,0.0002047,0.000175,0.0001767,120519996.5365134,184
1711584000,0.0001751,0.000183,0.0001683,0.0001777,79130722.42510001,151
1711670400,0.0001743,0.0001781,0.0001694,0.0001694,21950444.251919925,90
1711756800,0.0001702,0.0001751,0.0001675,0.0001681,21605681.880579986,109
1711843200,0.0001705,0.0001705,0.0001633,0.0001695,39809767.994138524,125
1711929600,0.0001692,0.0001694,0.000148,0.0001555,30033068.26759729,107
1712016000,0.0001599,0.0001635,0.000129,0.0001471,35773951.4343339,76
1712102400,0.000147,0.0001551,0.0001465,0.0001528,29557252.855025012,73
1712188800,0.0001541,0.0001555,0.00015,0.0001553,11461612.008187415,62
1712275200,0.0001535,0.000155,0.0001465,0.0001509,20110827.6458299,74
1712361600,0.0001469,0.0001545,0.000145,0.0001513,17419213.447249312,38
1712448000,0.0001513,0.000155,0.0001466,0.0001491,15791355.182452297,70
1712534400,0.0001512,0.0001537,0.000144,0.0001537,22679046.261758953,55
1712620800,0.0001509,0.0001532,0.0001428,0.0001445,18562963.997529045,72
1712707200,0.000143,0.0001459,0.00014,0.0001448,7338878.43775233,23
1712793600,0.0001448,0.0001474,0.00014,0.0001403,9768062.460628485,56
1712880000,0.0001437,0.0001495,0.00011,0.000131,40298358.931388706,139
1712966400,0.0001314,0.0001316,0.0001054,0.0001167,23167505.845249455,73
1713052800,0.000114,0.0001227,0.0001034,0.0001203,20148503.816266917,79
1713139200,0.0001203,0.0001235,0.000108,0.000111,19884633.594725676,75
1713225600,0.0001105,0.0001128,0.0001019,0.0001082,19524727.090335406,84
1713312000,0.0001111,0.0001155,0.0001067,0.0001096,14738826.400324252,58
1713398400,0.0001089,0.0001129,0.0001081,0.0001107,10306210.61528942,34
1713484800,0.0001127,0.0001154,0.000108,0.0001101,9306596.261647342,48
1713571200,0.0001139,0.0001211,0.0001064,0.0001158,10563264.234357689,61
1713657600,0.0001203,0.0001203,0.0001104,0.0001169,7441468.509068259,23
1713744000,0.0001154,0.0001235,0.000108,0.0001213,26815546.031713344,54
1713830400,0.000116,0.0001185,0.0001124,0.0001169,6542217.017050152,53
1713916800,0.000117,0.0001201,0.0001054,0.0001079,32840939.64901121,76
1714003200,0.0001112,0.000118,0.0001026,0.0001143,27149945.61313853,89
1714089600,0.0001142,0.0001142,0.0001018,0.0001064,12762461.702051483,64
1714176000,0.0001066,0.0001138,0.0001055,0.0001128,14941879.351040438,45
1714262400,0.0001072,0.0001135,0.0001058,0.0001067,4446292.977564771,21
1714348800,0.0001067,0.0001112,0.000101,0.0001048,11121733.92607694,50
1714435200,0.0001093,0.0001098,0.0001,0.0001017,14912263.90687192,44
1714521600,0.0001017,0.0001039,9.5e-05,9.93e-05,35497523.58186023,49
1714608000,0.000103,0.000103,9.37e-05,9.75e-05,30259863.422365036,95
1714694400,9.66e-05,0.0001017,9.49e-05,0.0001001,49768831.013179354,73
1714780800,0.0001011,0.0001034,9.67e-05,0.0001002,15027492.582874045,45
1714867200,9.98e-05,0.0001012,9.8e-05,0.0001009,13098021.249866594,42
1714953600,0.0001011,0.0001012,9.28e-05,9.72e-05,44967884.751080476,111
1715040000,9.74e-05,0.00012,9.57e-05,0.0001088,186747641.10610566,205
1715126400,0.0001088,0.0001184,8.7e-05,9.89e-05,49847429.843316734,167
1715212800,9.89e-05,0.000103,8.7e-05,9.78e-05,106905992.24669209,163
1715299200,0.0001012,0.0001033,9.24e-05,9.47e-05,1268675439.2732656,454
1715385600,9.77e-05,0.0001012,9.06e-05,9.37e-05,6031239.95343898,32
1715472000,9.93e-05,9.99e-05,9.04e-05,9.8e-05,10583011.167064741,28
1715558400,9.4e-05,9.81e-05,9.12e-05,9.48e-05,6874437.797398411,32
1715644800,9.08e-05,9.29e-05,9e-05,9.22e-05,26070549.820830397,59
1715731200,9.01e-05,9.27e-05,8.95e-05,9.2e-05,61181201.71462233,68
1715817600,9.23e-05,9.24e-05,8.95e-05,8.98e-05,15688767.18890783,44
1715904000,9.2e-05,9.96e-05,9.2e-05,9.5e-05,35039152.89877418,75
1715990400,9.81e-05,9.97e-05,9.36e-05,9.97e-05,8259150.774522771,24
1716076800,9.97e-05,9.99e-05,9.23e-05,9.46e-05,11791917.132874189,37
1716163200,9.29e-05,9.8e-05,9.13e-05,9.79e-05,43692837.14347879,82
1716249600,9.78e-05,0.0001048,8.42e-05,8.99e-05,105486137.74153827,143
1716336000,8.99e-05,0.000104,8.99e-05,0.0001033,42626197.06063,97
1716422400,0.0001033,0.0001439,9.85e-05,0.0001154,295069547.7037216,472
1716508800,0.0001181,0.0001208,0.0001079,0.0001116,59349898.79794842,130
1716595200,0.0001114,0.0001177,0.0001045,0.0001049,62012303.99200566,81
1716681600,0.0001082,0.0001107,0.000101,0.0001041,34515932.19186715,59
1716768000,0.0001042,0.000107,9.28e-05,0.0001,110153167.32378064,210
1716854400,0.0001033,0.0001041,9.84e-05,0.0001041,13354272.199079832,22
1716940800,0.0001029,0.0001097,9.82e-05,0.0001026,23477466.013087973,59
1717027200,0.0001027,0.000105,0.0001011,0.0001041,9411520.217497779,32
1717113600,0.0001014,0.0001021,9.64e-05,9.97e-05,20295047.86897809,39
1717200000,9.97e-05,0.0001015,9.53e-05,0.0001009,19779251.62652051,43
1717286400,9.83e-05,0.0001032,9.61e-05,0.0001016,9401218.61006919,18
1717372800,9.79e-05,0.0001026,9.49e-05,9.7e-05,7436902.086239761,46
1717459200,9.52e-05,9.9e-05,9.5e-05,9.63e-05,7117855.288025601,38
1717545600,9.91e-05,9.93e-05,8.6e-05,9.93e-05,42788998.17633201,57
1717632000,9.89e-05,0.0001002,9.34e-05,9.79e-05,32996463.299899925,59
1717718400,9.96e-05,0.0001007,9.22e-05,9.47e-05,13343000.887141248,35
1717804800,9.55e-05,9.75e-05,9.37e-05,9.65e-05,1292144.6214565502,8
1717891200,9.46e-05,9.82e-05,9.41e-05,9.82e-05,1971802.4878611602,9
1717977600,9.43e-05,9.77e-05,9.4e-05,9.4e-05,11195569.6871606,20
1718064000,9.25e-05,9.6e-05,8.61e-05,8.96e-05,10900582.891738001,26
1718150400,9.06e-05,0.0001007,9.04e-05,9.17e-05,11592419.46172263,38
1718236800,9.56e-05,9.78e-05,9.01e-05,9.02e-05,1636981.7453589102,13
1718323200,8.92e-05,9.51e-05,8.72e-05,8.74e-05,4038079.75191216,20
1718409600,9.01e-05,9.34e-05,8.73e-05,9.34e-05,1254305.2256149699,9
1718496000,9.01e-05,9.1e-05,8.73e-05,9.1e-05,2482591.5001,7
1718582400,9.12e-05,9.12e-05,8.4e-05,8.54e-05,19224906.74732198,54
1718668800,8.41e-05,8.68e-05,8.03e-05,8.03e-05,49582443.85716645,43
1718755200,8.67e-05,8.87e-05,8.4e-05,8.74e-05,7316043.462099001,14
1718841600,8.57e-05,8.68e-05,8.16e-05,8.31e-05,24799967.046448182,54
1718928000,8.59e-05,9.1e-05,8.53e-05,8.8e-05,10104265.518693222,35
1719014400,8.6e-05,8.6e-05,8.39e-05,8.6e-05,653001.40499417,4
1719100800,8.87e-05,8.89e-05,8.03e-05,8.15e-05,4885910.156298671,14
1719187200,8.05e-05,8.29e-05,7.51e-05,8.18e-05,76476522.19750454,56
1719273600,7.75e-05,8.26e-05,7.42e-05,7.89e-05,17684786.210837048,31
1719360000,8.11e-05,8.22e-05,7.56e-05,7.85e-05,6211195.984300479,21
1719446400,7.89e-05,7.91e-05,7.55e-05,7.55e-05,3039966.85050156,9
1719532800,8.06e-05,8.09e-05,7.54e-05,7.54e-05,618071.46055323,7
1719619200,7.47e-05,7.69e-05,7.34e-05,7.43e-05,5238543.73492026,15
1719705600,7.6e-05,7.79e-05,7.45e-05,7.78e-05,2751984.87305818,7
1719792000,7.73e-05,7.82e-05,7.32e-05,7.32e-05,4751891.59196529,13
1719878400,7.53e-05,7.66e-05,7.25e-05,7.27e-05,2404870.0506523396,15
1719964800,7.31e-05,7.61e-05,7.01e-05,7.2e-05,8770519.399953749,21
1720051200,7.22e-05,7.4e-05,6.67e-05,7.01e-05,7313890.7250958,24
1720137600,7.01e-05,7.42e-05,6.44e-05,7.3e-05,16958155.6757874,25
1720224000,7e-05,7.36e-05,6.94e-05,7.25e-05,2246278.4367837496,7
1720310400,7.47e-05,7.47e-05,6.97e-05,7.34e-05,1182183.7650402,7
1720396800,6.96e-05,7.29e-05,6.53e-05,7.18e-05,8726459.940066839,23
1720483200,6.71e-05,6.99e-05,6.5e-05,6.9e-05,12258763.1113854,30
1720569600,6.93e-05,7.09e-05,6.77e-05,7.06e-05,1379723.2284823502,9
1720656000,6.72e-05,7.29e-05,6.72e-05,7.13e-05,4620881.58185724,8
1720742400,6.85e-05,6.85e-05,6.75e-05,6.75e-05,459777.61978524,2
1720828800,6.55e-05,7.04e-05,6.25e-05,7e-05,16397024.32542262,30
1720915200,6.68e-05,7.56e-05,6.27e-05,7.09e-05,20429087.660958193,30
1721001600,7.44e-05,7.5e-05,6.64e-05,7.15e-05,4575984.96415779,13
1721088000,7.05e-05,0.000105,6.6e-05,7.84e-05,43577078.89043281,92
1721174400,7.83e-05,7.92e-05,6.96e-05,6.96e-05,47896301.07853007,48
1721260800,7.21e-05,7.67e-05,6.76e-05,7.02e-05,13798995.16854463,13
1721347200,7.72e-05,7.72e-05,6.82e-05,7.4e-05,7226572.44182329,23
1721433600,7.37e-05,7.53e-05,6.61e-05,7.41e-05,16707752.239695879,22
1721520000,7.07e-05,7.46e-05,6.86e-05,7.35e-05,10662431.540432042,18
1721606400,7.56e-05,8.02e-05,6.9e-05,7.33e-05,20907798.14451621,91
1721692800,6.96e-05,7.75e-05,6.9e-05,6.92e-05,12945473.68949424,36
1721779200,6.9e-05,7.18e-05,6.5e-05,6.51e-05,10842508.269167889,104
1721865600,6.5e-05,6.9e-05,6e-05,6.29e-05,26885473.967898637,50
1721952000,6.54e-05,6.6e-05,6.17e-05,6.31e-05,13618933.76825173,78
1722038400,6.2e-05,7.29e-05,5.8e-05,6.21e-05,70148616.65223578,49
1722124800,6.55e-05,6.7e-05,6.05e-05,6.56e-05,9374006.10429104,9
1722211200,6.29e-05,6.65e-05,6.26e-05,6.41e-05,3212152.52856702,28
1722297600,6.26e-05,6.41e-05,5.98e-05,6.33e-05,1686442.76342658,24
1722384000,6.04e-05,6.37e-05,5.58e-05,5.87e-05,13085829.73820333,100
1722470400,5.89e-05,6.02e-05,5.3e-05,5.35e-05,25347750.53522926,216
1722556800,5.38e-05,5.58e-05,4.98e-05,4.98e-05,23731080.86022733,95
1722643200,5.09e-05,5.42e-05,4.71e-05,4.82e-05,10287963.704257112,64
1722729600,4.65e-05,5.21e-05,4.24e-05,4.45e-05,38689642.686902925,97
1722816000,4.53e-05,4.96e-05,4.2e-05,4.68e-05,108880561.21465483,411
1722902400,4.38e-05,4.68e-05,4.36e-05,4.36e-05,56023121.615609586,390
1722988800,4.36e-05,4.5e-05,4.19e-05,4.22e-05,26959493.9733865,331
1723075200,4.22e-05,4.77e-05,4.2e-05,4.54e-05,25618218.885085024,193
1723161600,4.74e-05,6.9e-05,4.5e-05,4.5e-05,79125197.73041299,192
1723248000,4.72e-05,6.3e-05,4.2e-05,5.25e-05,22481523.780537974,94
1723334400,5.23e-05,5.46e-05,4.61e-05,4.63e-05,13047469.704607954,142
1723420800,4.6e-05,5.17e-05,4.6e-05,4.68e-05,6749105.68379598,25
1723507200,4.64e-05,5.46e-05,4.59e-05,4.63e-05,38260860.72815292,262
1723593600,4.57e-05,4.74e-05,3.8e-05,4.1e-05,103531405.51343589,149
1723680000,4.2e-05,5.55e-05,3.96e-05,4.4e-05,52091507.74573922,90
1723766400,4.3e-05,4.46e-05,4.06e-05,4.46e-05,10732972.065886,38
1723852800,4.29e-05,4.29e-05,4e-05,4.15e-05,16480239.954988573,249
1723939200,4e-05,4.18e-05,3.82e-05,4.18e-05,20578052.237004794,214
1724025600,4.14e-05,4.18e-05,4.11e-05,4.14e-05,1239800.54694946,5
1724112000,3.81e-05,4.07e-05,3.69e-05,3.73e-05,17709969.92327518,136
1724198400,3.71e-05,3.98e-05,3.7e-05,3.7e-05,103401853.27299553,276
1724284800,3.8e-05,4.02e-05,3.61e-05,3.61e-05,31081384.409351427,198
1724371200,3.61e-05,3.99e-05,3.51e-05,3.88e-05,73820943.83431828,460
1724457600,3.86e-05,4.02e-05,3.5e-05,3.7e-05,78807376.79052679,490
1724544000,3.7e-05,3.92e-05,3.58e-05,3.6e-05,9340232.872664548,54
1724630400,3.74e-05,3.85e-05,3.49e-05,3.5e-05,36540571.56655974,386
1724716800,3.49e-05,3.81e-05,3.13e-05,3.19e-05,109394965.39970507,249
1724803200,3.32e-05,3.81e-05,3.18e-05,3.55e-05,18017216.41003913,35
1724889600,3.47e-05,3.47e-05,3.2e-05,3.4e-05,7292291.572473081,17
1724976000,3.2e-05,3.32e-05,3.02e-05,3.32e-05,57262796.59963857,356
1725062400,3.26e-05,3.26e-05,3.03e-05,3.23e-05,15497729.395321738,19
1725148800,3.16e-05,3.25e-05,3.04e-05,3.25e-05,7712578.48373127,11
1725235200,3.04e-05,3.19e-05,2.68e-05,2.89e-05,107710509.15330699,378
1725321600,2.88e-05,3.15e-05,2.67e-05,2.82e-05,204853335.29057297,150
1725408000,2.94e-05,3.37e-05,2.77e-05,3.37e-05,9474788.602734609,21
1725494400,2.98e-05,3.35e-05,2.89e-05,3.09e-05,11238511.516580403,20
1725580800,3.08e-05,3.38e-05,2.9e-05,3.23e-05,9915239.545800263,20
1725667200,3.21e-05,3.42e-05,3.1e-05,3.15e-05,48657126.31146252,47
1725753600,3.32e-05,4.03e-05,3.04e-05,3.8e-05,250760214.57558066,327
1725840000,3.73e-05,4.42e-05,3.15e-05,3.41e-05,262245540.56999794,244
1725926400,3.41e-05,4.1e-05,3.41e-05,3.56e-05,46223989.86806539,49
1726012800,3.71e-05,4.32e-05,3.59e-05,3.69e-05,50211401.18811841,69
1726099200,3.73e-05,4.04e-05,3.64e-05,3.73e-05,10434311.40351135,18
1726185600,3.66e-05,3.83e-05,3.5e-05,3.76e-05,15384944.988064928,20
1726272000,3.61e-05,3.69e-05,3.44e-05,3.68e-05,15282888.716699399,16
1726358400,3.57e-05,3.86e-05,3.28e-05,3.41e-05,54266890.92771547,55
1726444800,3.34e-05,3.58e-05,3.13e-05,3.24e-05,41669308.166948006,49
1726531200,3.18e-05,3.37e-05,3e-05,3.36e-05,26064048.81875967,30
1726617600,3.35e-05,3.35e-05,3.11e-05,3.17e-05,4378642.847604791,8
1726704000,3.29e-05,3.55e-05,3.16e-05,3.54e-05,7733099.53572482,18
1726790400,3.54e-05,3.58e-05,3.34e-05,3.51e-05,14974579.15210429,29
1726876800,3.54e-05,3.58e-05,3.32e-05,3.58e-05,16396021.80050996,33
1726963200,3.59e-05,3.59e-05,3.39e-05,3.56e-05,6996620.404397501,17
1727049600,3.38e-05,3.48e-05,3.12e-05,3.47e-05,12974096.803305363,24
1727136000,3.31e-05,3.49e-05,3.31e-05,3.46e-05,5228355.275988169,11
1727222400,3.34e-05,3.49e-05,3.33e-05,3.41e-05,20469863.592355598,25
1727308800,3.48e-05,3.82e-05,3.39e-05,3.62e-05,30231588.31706498,59
1727395200,3.39e-05,3.82e-05,3.36e-05,3.66e-05,31599767.53359542,42
1727481600,3.39e-05,3.49e-05,3.01e-05,3.49e-05,21753121.64529757,34
1727568000,3.36e-05,3.54e-05,3.36e-05,3.52e-05,6240697.40346954,5
1727654400,3.29e-05,4e-05,3.19e-05,3.74e-05,59859649.91616252,59
1727740800,3.85e-05,4.83e-05,3.69e-05,3.69e-05,173516924.1450051,168
1727827200,3.57e-05,3.95e-05,3.56e-05,3.66e-05,22572074.25731045,26
1727913600,3.56e-05,3.9e-05,3.56e-05,3.89e-05,6326920.503291081,15
1728000000,3.89e-05,3.89e-05,3.48e-05,3.64e-05,19585209.16398133,29
1728086400,3.66e-05,3.89e-05,3.46e-05,3.65e-05,10873914.863048023,13
1728172800,3.65e-05,3.88e-05,3.65e-05,3.87e-05,5383986.01,6
1728259200,3.85e-05,4.19e-05,3.76e-05,3.97e-05,22605790.181313656,44
1728345600,3.75e-05,3.92e-05,3.68e-05,3.9e-05,6818489.64575079,6
1728432000,3.85e-05,4.04e-05,3.61e-05,3.61e-05,16491965.427649692,17
1728518400,3.4e-05,4.19e-05,3.4e-05,3.99e-05,20401345.07885739,8
1728604800,3.88e-05,3.94e-05,3.72e-05,3.72e-05,4726066.6071287105,5
1728691200,3.91e-05,3.92e-05,3.56e-05,3.59e-05,13676438.85346938,10
1728777600,3.58e-05,3.9e-05,3.58e-05,3.9e-05,2993885.85276433,11
1728864000,3.79e-05,4.01e-05,3.64e-05,3.84e-05,22253898.6617098,22
1728950400,3.64e-05,3.88e-05,3.5e-05,3.64e-05,48778570.11940118,29
1729036800,3.64e-05,3.78e-05,3.64e-05,3.64e-05,14317304.49648214,14
1729123200,3.64e-05,3.83e-05,3.64e-05,3.64e-05,11532642.267920079,16
1729209600,3.92e-05,3.93e-05,3.68e-05,3.8e-05,4218140.65124386,11
1729296000,3.69e-05,3.85e-05,3.66e-05,3.66e-05,11094556.010421561,18
1729382400,3.66e-05,3.85e-05,3.42e-05,3.79e-05,16060484.936231973,25
1729468800,3.8e-05,3.88e-05,3.67e-05,3.77e-05,25538422.040757667,20
1729555200,3.69e-05,3.87e-05,3.51e-05,3.81e-05,38314118.62496716,31
1729641600,3.63e-05,3.82e-05,3.52e-05,3.82e-05,1170232.85062152,8
1729728000,3.54e-05,3.81e-05,3.45e-05,3.64e-05,10134613.85972977,9
1729814400,3.77e-05,3.77e-05,3.54e-05,3.54e-05,1012757.23426575,3
1729987200,3.45e-05,3.63e-05,3.4e-05,3.63e-05,3740346.52009776,8
1730073600,3.63e-05,3.63e-05,3.5e-05,3.5e-05,4156857.61821035,8
1730160000,3.5e-05,3.62e-05,3.44e-05,3.51e-05,5054738.61,12
1730246400,3.51e-05,3.63e-05,3.49e-05,3.52e-05,3649446.43997581,8
1730332800,3.52e-05,3.71e-05,3.33e-05,3.33e-05,21155178.68413304,23
1730419200,3.47e-05,3.7e-05,3.35e-05,3.7e-05,6387217.66,10
1730505600,3.69e-05,4.2e-05,3.47e-05,3.79e-05,17723137.992234893,29
1730592000,3.56e-05,3.65e-05,3.03e-05,3.37e-05,40137308.28168709,52
1730678400,3.37e-05,3.56e-05,3.3e-05,3.53e-05,18267338.87423698,16
1730764800,3.58e-05,3.59e-05,3.17e-05,3.44e-05,39809608.85711769,30
1730851200,3.47e-05,3.75e-05,3.16e-05,3.75e-05,38295537.19329493,66
1730937600,3.45e-05,3.79e-05,3.03e-05,3.54e-05,44695756.93650708,46
1731024000,3.53e-05,3.77e-05,3.48e-05,3.77e-05,14314468.83596037,37
1731110400,3.63e-05,3.67e-05,3.5e-05,3.56e-05,16689633.91531437,36
1731196800,3.63e-05,4.27e-05,3.03e-05,3.67e-05,64275180.61054376,88
1731283200,3.97e-05,4.16e-05,3.73e-05,4.06e-05,26469634.28516708,43
1731369600,4.08e-05,4.84e-05,3.65e-05,4.33e-05,102856939.78587793,125
1731456000,4.75e-05,4.75e-05,3.78e-05,4.3e-05,60151271.31343779,76
1731542400,3.9e-05,4.46e-05,3.89e-05,4.41e-05,49001518.70965265,26
1731628800,4.12e-05,5.48e-05,4.11e-05,4.81e-05,311351115.6780277,227
1731715200,4.81e-05,5.08e-05,4.3e-05,4.63e-05,49024578.87756601,54
1731801600,4.32e-05,4.78e-05,4.04e-05,4.41e-05,83963142.73609239,61
1731888000,4.67e-05,4.83e-05,4.36e-05,4.83e-05,52234365.60493694,45
1731974400,4.43e-05,4.75e-05,4.3e-05,4.41e-05,22103537.699596554,40
1732060800,4.66e-05,0.0001169,4.66e-05,8.32e-05,1326737541.3520532,1131
1732147200,7.51e-05,9.3e-05,5.72e-05,7.21e-05,607299285.3342787,540
1732233600,7.19e-05,7.78e-05,5.13e-05,6.25e-05,575876167.276202,404
1732320000,6e-05,8.9e-05,6e-05,8.9e-05,468301836.05151016,498
1732406400,8.9e-05,9.52e-05,6.91e-05,8.12e-05,302888114.8832001,210
1732492800,8.1e-05,0.0001133,7.5e-05,0.0001018,385706489.7878604,233
1732579200,0.0001082,0.00013,7.77e-05,0.0001204,701175082.7127539,764
1732665600,0.0001201,0.0001216,9.34e-05,0.000104,427172694.96970844,386
1732752000,0.0001079,0.0001265,0.0001034,0.0001039,103689038.31828599,150
1732838400,0.0001083,0.000115,9.82e-05,0.0001043,108675744.31472312,144
1732924800,0.0001017,0.0001085,9.23e-05,0.0001085,102798379.06970549,154
1733011200,0.0001053,0.0001053,9e-05,9.87e-05,106307573.70470574,138
1733097600,9.7e-05,0.0001047,9.04e-05,9.95e-05,54353714.26650269,72
1733184000,0.0001008,0.0001018,8.5e-05,9.53e-05,135915497.17702478,208
1733270400,9.59e-05,9.9e-05,9.14e-05,9.46e-05,34192681.78732758,57
1733356800,9.61e-05,9.82e-05,8.95e-05,9.43e-05,34882590.068942174,48
1733443200,9.64e-05,0.0001,9.02e-05,9.33e-05,45477470.536668025,79
1733529600,9.43e-05,9.55e-05,8.95e-05,9.27e-05,46874902.35408695,66
1733616000,9.01e-05,9.36e-05,8.84e-05,9.03e-05,38717452.365651056,55
1733702400,8.87e-05,8.87e-05,7.16e-05,7.65e-05,97018146.69387425,147
1733788800,7.71e-05,8.03e-05,7.2e-05,7.59e-05,21340251.673630383,52
1733875200,7.49e-05,8e-05,7.2e-05,8e-05,16263914.796188429,53
1733961600,7.88e-05,8.09e-05,7.26e-05,8e-05,28919453.710546713,55
1734048000,7.66e-05,9.2e-05,7.52e-05,7.62e-05,119960256.00358951,97
1734134400,7.59e-05,7.9e-05,7.18e-05,7.18e-05,15419589.8004692,52
1734220800,7.11e-05,8e-05,7.1e-05,7.33e-05,33232623.80812511,43
1734307200,7.56e-05,7.61e-05,6.75e-05,7.45e-05,27847325.401498396,39
1734393600,7.01e-05,7.14e-05,6.28e-05,6.54e-05,130109603.27646564,72
1734480000,6.74e-05,7.2e-05,6e-05,6.54e-05,55274326.89741829,82
1734566400,6.21e-05,6.58e-05,6e-05,6.29e-05,30410627.927235566,40
1734652800,6.01e-05,6.58e-05,5.51e-05,6e-05,103899615.62242952,243
1734739200,6.15e-05,8.45e-05,5.86e-05,6.1e-05,58032646.29167043,63
1734825600,6.14e-05,6.23e-05,4.85e-05,5.6e-05,155598174.9185863,143
1734912000,5.6e-05,6e-05,5.55e-05,5.8e-05,18046493.215851225,38
1734998400,5.97e-05,7.48e-05,5.71e-05,6.88e-05,68222918.83878785,82
1735084800,7.25e-05,8.63e-05,6.64e-05,7.01e-05,184662614.46411017,158
1735171200,7.01e-05,7.2e-05,6.06e-05,6.51e-05,28966024.540786006,67
1735257600,6.41e-05,7.04e-05,6.22e-05,6.37e-05,40104618.59099884,53
1735344000,6.36e-05,6.49e-05,5.66e-05,6.35e-05,126875052.32977282,83
1735430400,6.5e-05,0.0001045,6.34e-05,0.0001009,517579657.8353543,564
1735516800,0.0001009,0.000105,7.49e-05,7.84e-05,603593629.8731321,1944
1735603200,8.1e-05,8.55e-05,7.43e-05,7.71e-05,92660328.96734145,107
1735689600,7.71e-05,7.71e-05,7.09e-05,7.27e-05,24098987.182025805,54
1735776000,7.27e-05,7.84e-05,7.1e-05,7.84e-05,53538165.28720834,72
1735862400,7.85e-05,9.6e-05,7.5e-05,9.12e-05,79237188.61182302,166
1735948800,9.18e-05,9.27e-05,7.92e-05,8.39e-05,143277277.7404079,181
1736035200,8.36e-05,8.53e-05,7.17e-05,7.36e-05,82456333.57215053,143
1736121600,7.47e-05,7.72e-05,7.15e-05,7.23e-05,127765511.85031016,729
1736208000,7.29e-05,7.59e-05,6.69e-05,6.79e-05,41710702.76470102,164
1736294400,6.82e-05,6.88e-05,6.37e-05,6.63e-05,42582506.81403777,170
1736380800,6.64e-05,6.87e-05,6.41e-05,6.6e-05,19178684.986563403,97
1736467200,6.66e-05,6.87e-05,6.27e-05,6.58e-05,27464642.170348205,117
1736553600,6.64e-05,6.73e-05,6.06e-05,6.36e-05,23910148.908536755,121
1736640000,6.36e-05,6.7e-05,6.28e-05,6.58e-05,18277659.199699752,65
1736726400,6.52e-05,6.55e-05,5.97e-05,6.17e-05,29145667.431287065,110
1736812800,6.12e-05,6.64e-05,5.67e-05,6.37e-05,41436063.70016848,137
1736899200,6.43e-05,6.64e-05,6.19e-05,6.43e-05,13044558.202736022,62
1736985600,6.43e-05,6.84e-05,5.9e-05,6.48e-05,21577114.991385523,47
1737072000,6.48e-05,9.53e-05,6.48e-05,8.62e-05,703379286.1403518,642
1737158400,8.65e-05,8.95e-05,7.03e-05,7.48e-05,169141966.42098612,151
1737244800,7.44e-05,7.81e-05,6.54e-05,6.6e-05,93967098.52478416,114
1737331200,6.5e-05,6.86e-05,6.05e-05,6.05e-05,43748585.559329845,59
1737417600,6.28e-05,6.47e-05,5.7e-05,6.13e-05,45555693.642942995,60
1737504000,6.15e-05,6.18e-05,5.67e-05,6.18e-05,11820969.760108592,36
1737590400,5.84e-05,9.4e-05,5.66e-05,7.6e-05,447342011.78988296,568
1737676800,7.74e-05,0.0001079,7.2e-05,9.68e-05,610546114.6362485,776
1737763200,9.67e-05,0.0001024,8.02e-05,8.5e-05,139322093.35451347,225
1737849600,8.03e-05,8.92e-05,7.24e-05,7.42e-05,168947820.49103075,136
1737936000,7.33e-05,7.33e-05,6.55e-05,7.28e-05,155284075.2758226,79
1738022400,7.17e-05,9.54e-05,7.11e-05,7.22e-05,297517422.9166262,337
1738108800,7.63e-05,7.91e-05,6.71e-05,7.44e-05,49192077.73762664,67
1738195200,7.69e-05,0.00012,7.16e-05,0.0001019,832819771.8595356,822
1738281600,9.93e-05,0.0001094,7.79e-05,8.42e-05,225292278.1370889,262
1738368000,8.42e-05,8.54e-05,7.83e-05,7.83e-05,84063050.56466518,65
1738454400,7.81e-05,0.0001154,7.54e-05,7.86e-05,639577615.1622862,557
1738540800,7.85e-05,7.85e-05,6.5e-05,7.25e-05,397997111.8954305,283
1738627200,7.25e-05,8.17e-05,7.03e-05,7.56e-05,162697026.03880894,196
1738713600,7.4e-05,7.96e-05,6.92e-05,6.92e-05,59690195.25745065,70
1738800000,6.92e-05,7.14e-05,6.55e-05,7.14e-05,102787442.73525389,46
1738886400,7.18e-05,7.45e-05,6.74e-05,7.28e-05,21560197.305567533,38
1738972800,6.97e-05,8.68e-05,6.97e-05,8.32e-05,146648498.06885153,187
1739059200,8.35e-05,8.35e-05,7.1e-05,7.51e-05,127050582.13910092,225
1739145600,7.36e-05,7.88e-05,7.06e-05,7.32e-05,47732558.834602445,95
1739232000,7.17e-05,7.27e-05,6.68e-05,7.02e-05,114215223.8164241,154
1739318400,6.87e-05,7.24e-05,6.68e-05,7.02e-05,32479303.86915205,54
1739404800,6.98e-05,7.24e-05,6.71e-05,6.77e-05,25750686.756422408,44
1739491200,6.71e-05,7.1e-05,6.25e-05,6.36e-05,144276235.21583503,224
1739577600,6.4e-05,6.63e-05,6.34e-05,6.36e-05,27093949.425546344,41
1739664000,6.44e-05,7.66e-05,6.44e-05,6.58e-05,90506029.20842306,85
1739750400,6.79e-05,6.82e-05,6.6e-05,6.6e-05,19193364.202602804,21
1739836800,6.58e-05,6.58e-05,6e-05,6e-05,66933594.348099045,46
1739923200,6.03e-05,6.42e-05,6.03e-05,6.31e-05,21296583.739530228,28
1740009600,6.49e-05,6.57e-05,6.26e-05,6.26e-05,9473727.959625341,21
1740096000,6.26e-05,6.63e-05,6.15e-05,6.15e-05,22773539.394706205,42
1740182400,6.21e-05,6.34e-05,6.04e-05,6.34e-05,7457871.816129409,14
1740268800,6.33e-05,6.4e-05,6.16e-05,6.16e-05,2160846.80269318,4
1740355200,6.21e-05,6.21e-05,5.77e-05,5.94e-05,37693100.347397916,31
1740441600,5.75e-05,6.1e-05,5.4e-05,5.95e-05,64921530.80652227,62
1740528000,6.05e-05,6.1e-05,5.74e-05,5.77e-05,6321496.413077559,17
1740614400,5.7e-05,5.87e-05,5.66e-05,5.73e-05,11891597.486325251,13
1740700800,5.7e-05,6.02e-05,5.52e-05,5.93e-05,26007641.19466532,24
1740787200,5.62e-05,5.9e-05,5.26e-05,5.86e-05,14338106.742699562,23
1740873600,5.52e-05,5.98e-05,5.31e-05,5.56e-05,40175588.38826439,30
1740960000,5.71e-05,5.71e-05,5e-05,5.17e-05,34905490.893350996,41
1741046400,5.07e-05,5.19e-05,4.88e-05,4.88e-05,19818001.610885132,29
1741132800,4.83e-05,5.01e-05,4.68e-05,4.88e-05,12911172.353956228,28
1741219200,4.83e-05,4.83e-05,4.66e-05,4.79e-05,10550214.76906725,18
1741305600,4.66e-05,5.11e-05,4.51e-05,4.98e-05,14123844.054461502,13
1741392000,5.1e-05,6.74e-05,5.1e-05,5.57e-05,251872609.25727966,240
1741478400,5.54e-05,5.54e-05,4.69e-05,4.71e-05,35865002.5821399,42
1741564800,4.93e-05,4.98e-05,4.3e-05,4.51e-05,64064500.0761841,55
1741651200,4.5e-05,4.76e-05,4.36e-05,4.64e-05,18393881.62488135,20
1741737600,4.52e-05,5.64e-05,4.43e-05,4.67e-05,85721351.19554608,80
1741824000,4.65e-05,5.16e-05,4.57e-05,4.77e-05,14051125.54343926,23
1741910400,4.65e-05,4.89e-05,4.64e-05,4.69e-05,9309437.065664962,23
1741996800,4.68e-05,4.88e-05,4.6e-05,4.6e-05,2571195.8,9
1742083200,4.85e-05,4.87e-05,4.56e-05,4.56e-05,4577480.07385179,7
1742169600,4.73e-05,4.73e-05,4.69e-05,4.69e-05,2191678.16,2
1742256000,4.7e-05,4.7e-05,4.26e-05,4.57e-05,32107135.099870898,26
1742342400,4.59e-05,4.68e-05,4.59e-05,4.65e-05,5118252.796924409,12
1742428800,4.67e-05,4.68e-05,4.45e-05,4.68e-05,11806195.11738331,11
1742515200,4.63e-05,4.7e-05,4.33e-05,4.7e-05,42403371.73008148,23
1742601600,4.37e-05,4.44e-05,4.28e-05,4.42e-05,7441428.359349431,17
1742688000,4.63e-05,4.63e-05,4.31e-05,4.31e-05,13182326.75996661,9
1742774400,4.49e-05,4.67e-05,4.45e-05,4.67e-05,10425164.192907471,12
1742860800,4.53e-05,4.54e-05,4.45e-05,4.51e-05,3751015.24,5
1742947200,4.69e-05,4.73e-05,4.5e-05,4.5e-05,19446265.971072562,21
1743033600,4.72e-05,4.72e-05,4.47e-05,4.72e-05,3340370.2327873097,5
1743120000,4.73e-05,4.83e-05,4.43e-05,4.54e-05,2709926.9553395603,5
1743206400,4.44e-05,5.67e-05,4.3e-05,4.47e-05,65259802.72240162,58
1743292800,4.3e-05,4.45e-05,4.08e-05,4.26e-05,48113485.35042553,28
1743379200,4.18e-05,4.31e-05,4e-05,4.17e-05,9665553.77628888,19
