1656633600,7.5e-06,7.5e-06,5.05e-06,5.07e-06,169715195.85601,15
1657152000,1.999e-05,1.999e-05,7e-07,1e-06,1454596741.9518,110
1657238400,1.09e-06,2.5e-06,8.8e-07,9.3e-07,97902334564.00812,1198
1657324800,9.3e-07,1.04e-06,8.8e-07,9.4e-07,21201355036.558426,489
1657411200,9.1e-07,9.4e-07,8.5e-07,9e-07,11819571053.01622,152
1657497600,9e-07,1.13e-06,8.2e-07,8.7e-07,20180272783.335964,347
1657584000,8.7e-07,9.2e-07,8.1e-07,8.1e-07,10167454011.525543,207
1657670400,7.8e-07,8.4e-07,7.8e-07,8.2e-07,6729559114.829093,146
1657756800,8.4e-07,8.6e-07,8e-07,8.4e-07,9771989933.413794,219
1657843200,8.4e-07,8.9e-07,8.4e-07,8.6e-07,6525702555.23334,117
1657929600,8.6e-07,9.9e-07,8.4e-07,8.8e-07,18912883856.961773,217
1658016000,9.1e-07,9.2e-07,8.7e-07,9.1e-07,6911953857.330958,109
1658102400,9e-07,9.8e-07,8.8e-07,9.1e-07,13411750131.960123,139
1658188800,9.1e-07,9.8e-07,8.2e-07,9.1e-07,46939030436.49661,345
1658275200,9e-07,1.46e-06,8.4e-07,9.1e-07,59928944936.73027,523
1658361600,9e-07,9.8e-07,8.6e-07,9.5e-07,11571982688.03996,143
1658448000,9.1e-07,9.8e-07,9e-07,9.1e-07,5955034130.679848,87
1658534400,9.5e-07,9.6e-07,8.8e-07,9.2e-07,7344186040.399109,95
1658620800,9.2e-07,9.3e-07,9e-07,9.3e-07,5164994947.237229,71
1658707200,9.1e-07,9.2e-07,8.6e-07,8.9e-07,6484560048.665879,99
1658793600,8.6e-07,9e-07,8.3e-07,8.4e-07,7939949983.855052,104
1658880000,8.7e-07,9.2e-07,8.5e-07,9.1e-07,5630220411.474238,88
1658966400,9e-07,9.7e-07,8.9e-07,9.5e-07,5649812484.07029,82
1659052800,9.4e-07,9.8e-07,8.9e-07,9.1e-07,6905097270.499158,136
1659139200,9.6e-07,9.7e-07,9.1e-07,9.5e-07,6153803478.235799,86
1659225600,9.4e-07,9.8e-07,9.2e-07,9.5e-07,7103592048.784717,98
1659312000,9.7e-07,1.12e-06,9.2e-07,9.3e-07,18680238823.188602,278
1659398400,9.3e-07,1.1e-06,9.2e-07,1.01e-06,8655827169.674713,152
1659484800,1.01e-06,1.05e-06,8.3e-07,9.6e-07,74604863119.2606,538
1659571200,9.6e-07,9.8e-07,9.2e-07,9.4e-07,7390521782.5840025,147
1659657600,9.5e-07,1.03e-06,9.3e-07,9.8e-07,16002052439.913048,275
1659744000,9.8e-07,9.8e-07,9.5e-07,9.7e-07,5716201671.217909,122
1659830400,9.7e-07,1.02e-06,9.1e-07,9.7e-07,12643610352.487154,175
1659916800,9.7e-07,1.1e-06,9.5e-07,9.9e-07,15279495793.69162,227
1660003200,9.8e-07,1.03e-06,9e-07,9.7e-07,19119867791.597797,250
1660089600,9.6e-07,1.05e-06,9.3e-07,9.9e-07,6586130629.934628,116
1660176000,1e-06,1.04e-06,9.6e-07,9.7e-07,8287114045.8099575,223
1660262400,1e-06,1.09e-06,9.7e-07,1.01e-06,5511113940.824439,166
1660348800,1e-06,1.03e-06,9.7e-07,9.9e-07,5663549336.98934,125
1660435200,9.9e-07,1.02e-06,9.7e-07,9.8e-07,8708930258.620874,143
1660521600,9.9e-07,1.07e-06,9.4e-07,1e-06,13715468865.57165,282
1660608000,1.01e-06,1.08e-06,9.3e-07,9.9e-07,14408862620.963953,239
1660694400,9.7e-07,1e-06,9.4e-07,9.7e-07,4700508762.628339,86
1660780800,9.7e-07,1e-06,9.3e-07,9.6e-07,7434601333.325588,100
1660867200,9.6e-07,9.6e-07,8.3e-07,8.8e-07,30083360871.091175,405
1660953600,8.8e-07,9e-07,8.6e-07,8.8e-07,12952969898.739,147
1661040000,8.8e-07,9.4e-07,8.7e-07,9.4e-07,6881515042.245586,124
1661126400,9.1e-07,9.9e-07,8e-07,8.9e-07,28938493473.7876,258
1661212800,9e-07,9.4e-07,8.8e-07,9.3e-07,8908983270.259,160
1661299200,9e-07,9.5e-07,8.9e-07,9.2e-07,7694434969.30458,117
1661385600,9.2e-07,9.8e-07,8e-07,9.3e-07,14705747640.1631,253
1661472000,9.2e-07,9.5e-07,8.3e-07,8.8e-07,17412049082.467323,184
1661558400,8.7e-07,9e-07,8e-07,8.8e-07,8367132908.233508,153
1661644800,8.7e-07,8.9e-07,8.6e-07,8.6e-07,3904010004.484161,65
1661731200,8.6e-07,9.3e-07,8.2e-07,8.9e-07,13034265195.872957,209
1661817600,8.8e-07,9e-07,8e-07,8.8e-07,9862990253.75213,155
1661904000,8.8e-07,9.2e-07,8.6e-07,8.8e-07,8543910626.873199,164
1661990400,8.8e-07,9e-07,8.6e-07,9e-07,4115752663.2710705,109
1662076800,9e-07,9.5e-07,8.8e-07,9e-07,23873918280.75196,174
1662163200,9e-07,9e-07,8.6e-07,8.9e-07,11880412251.92908,110
1662249600,8.8e-07,9.1e-07,8.6e-07,8.9e-07,3963993646.3107996,101
1662336000,8.9e-07,9.1e-07,8.6e-07,8.9e-07,9324185457.437943,146
1662422400,9e-07,9.3e-07,8.7e-07,8.8e-07,17210408749.549747,284
1662508800,8.7e-07,9e-07,8.6e-07,8.9e-07,13936454566.751245,236
1662595200,8.9e-07,9e-07,8.7e-07,8.9e-07,6943475670.73381,180
1662681600,8.8e-07,1.07e-06,8.7e-07,9.5e-07,33096963602.795086,704
1662768000,9.4e-07,9.4e-07,8.5e-07,9.2e-07,21061345811.066586,385
1662854400,9.1e-07,9.4e-07,8.8e-07,9e-07,8225494849.141214,187
1662940800,9.1e-07,9.2e-07,8.9e-07,8.9e-07,6522815094.962832,167
1663027200,9e-07,9e-07,8.5e-07,8.8e-07,4019167249.022969,91
1663113600,8.7e-07,9.1e-07,8.5e-07,8.8e-07,10768258009.278868,226
1663200000,8.7e-07,9e-07,8.1e-07,8.3e-07,21590376747.9356,270
1663286400,8.3e-07,9e-07,7.8e-07,8.2e-07,28664675416.21175,314
1663372800,8.2e-07,8.4e-07,8.2e-07,8.4e-07,3811020709.417499,79
1663459200,8.4e-07,8.5e-07,7.8e-07,7.9e-07,11032224373.06297,107
1663545600,7.8e-07,8.2e-07,7.5e-07,8e-07,4880981795.79455,92
1663632000,8.1e-07,8.2e-07,7.8e-07,8.1e-07,4923751947.798019,108
1663718400,8e-07,8.2e-07,7.8e-07,7.9e-07,3131999654.18445,100
1663804800,7.9e-07,8.5e-07,7.7e-07,8.1e-07,7269917573.553545,115
1663891200,8.1e-07,8.5e-07,7.9e-07,8.2e-07,9433374969.283352,128
1663977600,8.2e-07,8.7e-07,8e-07,8.6e-07,14848829903.165928,194
1664064000,8.6e-07,8.6e-07,8e-07,8.2e-07,8507617968.16146,182
1664150400,8.3e-07,8.4e-07,7.8e-07,8.2e-07,6593752740.086674,126
1664236800,8.3e-07,8.4e-07,8.1e-07,8.2e-07,3492790183.234409,109
1664323200,8.1e-07,8.5e-07,7.9e-07,8.1e-07,6325323624.8255625,102
1664409600,8.1e-07,8.7e-07,8e-07,8.1e-07,9647851727.702477,139
1664496000,8.1e-07,8.1e-07,7.9e-07,8e-07,4797342936.877631,97
1664582400,7.9e-07,8e-07,7.9e-07,8e-07,2046175787.0305302,51
1664668800,8e-07,8.3e-07,7.6e-07,8e-07,7034517697.102635,111
1664755200,7.9e-07,8.3e-07,7.8e-07,8.2e-07,5529308191.284443,92
1664841600,8.2e-07,8.2e-07,7.8e-07,8.1e-07,5816350406.580111,103
1664928000,8e-07,8.1e-07,7.8e-07,8.1e-07,2448686489.1656404,59
1665014400,8.1e-07,8.3e-07,7.9e-07,8.1e-07,3700365488.176651,105
1665100800,8.1e-07,8.2e-07,7.9e-07,8e-07,3477825285.4282393,76
1665187200,8e-07,8.1e-07,7.9e-07,8e-07,916177842.91302,27
1665273600,7.9e-07,8.3e-07,7.9e-07,8.1e-07,6555510325.39026,84
1665360000,8.1e-07,8.2e-07,7.9e-07,8e-07,6322352961.58121,91
1665446400,7.9e-07,8.1e-07,7.8e-07,7.9e-07,5655665434.125479,108
1665532800,7.9e-07,8e-07,7.9e-07,8e-07,2686579663.7229495,62
1665619200,8e-07,8e-07,7.7e-07,7.9e-07,5122983553.79328,121
1665705600,7.8e-07,9e-07,7.8e-07,8.4e-07,25769440408.14975,311
1665792000,8.3e-07,8.7e-07,7.9e-07,7.9e-07,20252711765.864414,254
1665878400,8e-07,8e-07,7.4e-07,8e-07,37349460046.647125,220
1665964800,7.9e-07,8.1e-07,7.9e-07,8.1e-07,2732938536.95336,65
1666051200,8.1e-07,8.1e-07,7.7e-07,7.7e-07,6895511419.994549,136
1666137600,7.8e-07,8e-07,7.7e-07,7.8e-07,2899539393.3545394,63
1666224000,7.8e-07,8e-07,7.8e-07,7.9e-07,2664591573.4749002,51
1666310400,7.9e-07,7.9e-07,7.6e-07,7.8e-07,6593959069.9919815,101
1666396800,7.8e-07,8e-07,7.3e-07,7.8e-07,12765606255.411217,86
1666483200,7.8e-07,8.6e-07,7.5e-07,7.9e-07,13400509631.576052,140
1666569600,8e-07,8e-07,7.7e-07,7.9e-07,7920421693.592739,113
1666656000,7.8e-07,8.3e-07,7.7e-07,8.2e-07,8057816222.478359,109
1666742400,8.2e-07,8.7e-07,7.9e-07,8.1e-07,8754669218.6043,63
1666828800,8.2e-07,8.2e-07,7.8e-07,8e-07,6296881505.71704,111
1666915200,8e-07,8.2e-07,7.6e-07,8.2e-07,22029360371.640743,189
1667001600,8.2e-07,8.5e-07,8.2e-07,8.3e-07,9107815896.938969,87
1667088000,8.3e-07,8.6e-07,8.2e-07,8.4e-07,3764459565.2922997,80
1667174400,8.4e-07,8.4e-07,8.1e-07,8.3e-07,2000413149.8783007,57
1667260800,8.4e-07,8.4e-07,8e-07,8.2e-07,2864107703.8779693,61
1667347200,8.2e-07,8.3e-07,7.9e-07,8.1e-07,4314594602.894741,56
1667433600,7.9e-07,8.3e-07,7.9e-07,8.1e-07,4017462729.941661,76
1667520000,8.2e-07,8.4e-07,8e-07,8.4e-07,6065915836.31277,94
1667606400,8.4e-07,8.6e-07,8.3e-07,8.4e-07,4142422709.1734495,83
1667692800,8.3e-07,8.4e-07,8.1e-07,8.1e-07,4562093051.53079,92
1667779200,8.2e-07,8.2e-07,7.9e-07,8.1e-07,6561182603.959673,120
1667865600,8e-07,8e-07,6.7e-07,7.1e-07,13682045441.819496,245
1667952000,7.3e-07,7.9e-07,6.3e-07,6.6e-07,14888970626.66846,204
1668038400,6.6e-07,8.2e-07,6.3e-07,7.3e-07,15582561676.80762,280
1668124800,7.3e-07,1.15e-06,6.6e-07,7e-07,95545077237.68373,913
1668211200,6.9e-07,7.6e-07,6.3e-07,6.8e-07,21128823899.627144,243
1668297600,6.8e-07,7.1e-07,6.3e-07,6.6e-07,5018637663.990581,78
1668384000,6.2e-07,6.9e-07,6e-07,6.7e-07,9260045114.506186,99
1668470400,6.7e-07,6.8e-07,6.5e-07,6.6e-07,3182188387.1193385,41
1668556800,6.6e-07,6.8e-07,6.1e-07,6.6e-07,10390225531.149899,85
1668643200,6.5e-07,7.1e-07,6.3e-07,6.6e-07,9057833359.423328,72
1668729600,6.6e-07,6.7e-07,6.5e-07,6.7e-07,2235859737.49968,57
1668816000,6.7e-07,6.7e-07,6.1e-07,6.5e-07,8834810151.070793,68
1668902400,6.5e-07,6.6e-07,6.2e-07,6.4e-07,2715423205.8275194,61
1668988800,6.4e-07,6.4e-07,6.1e-07,6.2e-07,3673373049.125289,55
1669075200,6.4e-07,6.6e-07,6.2e-07,6.2e-07,6064268149.893679,61
1669161600,6.5e-07,6.7e-07,6.4e-07,6.6e-07,1335354529.99062,43
1669248000,6.7e-07,7e-07,6.4e-07,6.7e-07,7267406810.821571,73
1669334400,6.7e-07,7e-07,6.3e-07,6.7e-07,4019777352.03244,52
1669420800,6.6e-07,6.7e-07,6e-07,6.5e-07,7719436197.017112,72
1669507200,6.5e-07,6.6e-07,5.9e-07,6.4e-07,10556847340.932446,80
1669593600,6.5e-07,6.6e-07,6.2e-07,6.4e-07,1716460281.4216197,41
1669680000,6.5e-07,6.8e-07,6.5e-07,6.7e-07,2720343803.8928394,57
1669766400,6.7e-07,6.9e-07,6.6e-07,6.8e-07,1957207627.30974,52
1669852800,6.8e-07,7.1e-07,6.6e-07,6.8e-07,4249195757.1541405,57
1669939200,6.7e-07,6.8e-07,6.4e-07,6.7e-07,4949393656.121942,63
1670025600,6.8e-07,6.8e-07,6.6e-07,6.8e-07,1581648647.7102602,28
1670112000,6.7e-07,6.9e-07,6.6e-07,6.9e-07,1406077231.53841,32
1670198400,6.7e-07,6.9e-07,6.6e-07,6.9e-07,2744966255.246959,47
1670284800,6.7e-07,6.8e-07,6.6e-07,6.8e-07,2109202683.65972,53
1670371200,6.8e-07,6.8e-07,6.4e-07,6.7e-07,2520987298.901731,76
1670457600,6.5e-07,6.7e-07,6.4e-07,6.5e-07,1377494230.0765898,37
1670544000,6.6e-07,6.6e-07,6.5e-07,6.5e-07,1406369965.4613602,34
1670630400,6.6e-07,7.1e-07,6.4e-07,6.6e-07,6870767314.482151,62
1670716800,6.5e-07,6.7e-07,6.5e-07,6.6e-07,559023709.0315,13
1670803200,6.6e-07,6.6e-07,6.3e-07,6.5e-07,8068096455.200711,63
1670889600,6.5e-07,6.5e-07,6.3e-07,6.4e-07,1347458016.4995997,27
1670976000,6.5e-07,6.5e-07,6.3e-07,6.3e-07,3101710393.3501015,42
1671062400,6.3e-07,6.5e-07,6.3e-07,6.5e-07,441206214.34149003,12
1671148800,6.4e-07,6.5e-07,6e-07,6e-07,5022853960.64201,71
1671235200,6.1e-07,6.1e-07,5.8e-07,6e-07,1774242117.92616,32
1671321600,6e-07,6.2e-07,5.2e-07,5.9e-07,9391157167.956018,75
1671408000,6.2e-07,6.2e-07,5.8e-07,5.9e-07,3850487120.89799,53
1671494400,5.9e-07,6.2e-07,5.9e-07,6.1e-07,6867468281.94147,48
1671580800,6.1e-07,6.1e-07,5.9e-07,6e-07,908424601.0493499,29
1671667200,5.9e-07,6.1e-07,5.7e-07,6e-07,1559161358.45579,29
1671753600,6e-07,6.1e-07,5.9e-07,5.9e-07,2592244000.1260004,29
1671840000,6e-07,6.1e-07,5.9e-07,5.9e-07,1818090600.4943202,27
1671926400,6e-07,6.1e-07,5.8e-07,6e-07,1579887128.09603,33
1672012800,6e-07,6.1e-07,5.9e-07,6.1e-07,1760733461.22651,26
1672099200,6.1e-07,6.1e-07,5.9e-07,6.1e-07,1672428220.9311597,34
1672185600,6.1e-07,6.1e-07,5.8e-07,5.8e-07,1730888553.1382596,44
1672272000,5.8e-07,6e-07,5.7e-07,5.8e-07,2365206897.8056393,42
1672358400,5.8e-07,6e-07,5.6e-07,5.6e-07,1613132528.19023,38
1672444800,5.7e-07,5.9e-07,5.7e-07,5.9e-07,445157686.82101,11
1672531200,5.8e-07,5.9e-07,5.8e-07,5.9e-07,847208592.3599,22
1672617600,5.8e-07,6e-07,5.8e-07,6e-07,750993177.52374,26
1672704000,6e-07,6e-07,5.8e-07,5.9e-07,3580442568.5200005,51
1672790400,5.9e-07,6.1e-07,5.8e-07,5.9e-07,2733254967.0447593,50
1672876800,5.9e-07,6.2e-07,5.8e-07,6.1e-07,2589120409.05887,51
1672963200,6.1e-07,6.2e-07,5.8e-07,6e-07,4007639976.737469,56
1673049600,6e-07,6.1e-07,5.8e-07,6.1e-07,3290697345.07968,36
1673136000,5.9e-07,6.1e-07,5.8e-07,6.1e-07,2581221828.3294997,37
1673222400,6.1e-07,6.2e-07,5.9e-07,5.9e-07,3005494546.0751195,55
1673308800,6.1e-07,6.2e-07,5.9e-07,6e-07,4010638864.0873404,48
1673395200,6e-07,6.4e-07,6e-07,6.2e-07,4605113747.427859,72
1673481600,6.2e-07,6.5e-07,6.2e-07,6.3e-07,2566005649.35067,54
1673568000,6.5e-07,6.5e-07,6.2e-07,6.5e-07,2904355067.6760397,93
1673654400,6.5e-07,7.6e-07,6.4e-07,6.8e-07,31578242570.5829,224
1673740800,6.8e-07,6.8e-07,6.5e-07,6.8e-07,1444681063.87537,36
1673827200,6.8e-07,6.8e-07,6.6e-07,6.8e-07,2093300005.9386802,33
1673913600,6.8e-07,6.9e-07,6.7e-07,6.9e-07,2818412212.5013103,49
1674000000,6.9e-07,7.4e-07,6.6e-07,6.7e-07,18961360421.09334,211
1674086400,6.6e-07,6.8e-07,6.6e-07,6.7e-07,1579503207.8076699,36
1674172800,6.8e-07,7.3e-07,6.7e-07,7.3e-07,5510909026.1545315,71
1674259200,7.1e-07,7.7e-07,6.8e-07,6.9e-07,19770599040.60656,198
1674345600,7.2e-07,7.2e-07,6.6e-07,6.7e-07,6265821297.07502,95
1674432000,6.9e-07,7.3e-07,6.7e-07,6.8e-07,11689775766.769154,64
1674518400,7e-07,7e-07,6.6e-07,6.8e-07,9944875286.839975,131
1674604800,6.6e-07,6.8e-07,6.5e-07,6.8e-07,4472504404.175171,40
1674691200,6.8e-07,6.8e-07,6.2e-07,6.5e-07,12456149318.31146,59
1674777600,6.6e-07,6.7e-07,6.6e-07,6.6e-07,1966794823.2817595,32
1674864000,6.6e-07,6.7e-07,6.6e-07,6.6e-07,2304823072.1454797,24
1674950400,6.7e-07,6.9e-07,6.6e-07,6.9e-07,2811758365.6636796,55
1675036800,6.9e-07,7.1e-07,6.6e-07,6.8e-07,8744773602.18907,178
1675123200,6.6e-07,6.8e-07,6.6e-07,6.8e-07,1849370472.1493104,36
1675209600,6.6e-07,6.8e-07,6.5e-07,6.7e-07,4446450102.356198,63
1675296000,6.7e-07,7.2e-07,6.7e-07,6.9e-07,12310177258.240204,177
1675382400,6.9e-07,7.2e-07,6.7e-07,7e-07,2615383679.8204203,67
1675468800,7.1e-07,7.2e-07,6.9e-07,7.1e-07,5355288905.587969,45
1675555200,6.9e-07,7.1e-07,6.8e-07,6.8e-07,4425089312.37393,67
1675641600,7e-07,7e-07,6.8e-07,7e-07,1654420146.76903,33
1675728000,7e-07,7.2e-07,6.8e-07,7e-07,23946064334.51919,138
1675814400,7e-07,7.2e-07,6.8e-07,7e-07,15914059751.25759,92
1675900800,7.1e-07,7.3e-07,6.7e-07,6.7e-07,7367132265.935328,88
1675987200,6.6e-07,6.9e-07,6.6e-07,6.6e-07,6803006695.128163,78
1676073600,6.7e-07,6.8e-07,6.5e-07,6.6e-07,1863617759.1000705,27
1676160000,6.7e-07,6.8e-07,6.5e-07,6.5e-07,1341377354.6309698,40
1676246400,6.7e-07,6.8e-07,6.4e-07,6.6e-07,3200421235.54041,53
1676332800,6.6e-07,6.9e-07,6.5e-07,6.7e-07,7052528010.881352,97
1676419200,6.5e-07,7.1e-07,6.5e-07,6.9e-07,4487318655.28634,77
1676505600,6.9e-07,7.1e-07,6.6e-07,6.9e-07,4017667329.36625,59
1676592000,6.8e-07,7.1e-07,6.8e-07,6.9e-07,2954566566.4138794,53
1676678400,6.9e-07,7e-07,6.9e-07,7e-07,2343231489.2863407,43
1676764800,6.9e-07,7e-07,6.9e-07,6.9e-07,1120875361.24488,35
1676851200,7e-07,7.2e-07,6.9e-07,7e-07,9057577227.50197,92
1676937600,7.2e-07,7.2e-07,6.9e-07,6.9e-07,1878170164.8260798,54
1677024000,6.9e-07,7.1e-07,6.8e-07,6.9e-07,5013261521.06011,80
1677110400,6.9e-07,7e-07,6.8e-07,7e-07,1148668910.7013302,25
1677196800,7e-07,7e-07,6.7e-07,6.9e-07,15284978076.542439,139
1677283200,6.8e-07,6.9e-07,6.7e-07,6.9e-07,2162246453.98257,29
1677369600,6.9e-07,7e-07,6.7e-07,7e-07,4086575955.10521,72
1677456000,7e-07,7e-07,6.7e-07,6.9e-07,4241671091.17176,61
1677542400,6.7e-07,7e-07,6.7e-07,7e-07,3845390189.14535,58
1677628800,7e-07,7.1e-07,6.9e-07,7.1e-07,2894674124.1518393,50
1677715200,6.9e-07,7e-07,6.8e-07,7e-07,4005143375.7985096,60
1677801600,6.9e-07,7e-07,6.5e-07,6.5e-07,6951743663.706403,114
1677888000,6.8e-07,6.8e-07,6.4e-07,6.6e-07,5326720214.53943,55
1677974400,6.6e-07,6.7e-07,6.4e-07,6.7e-07,1036465479.7206401,29
1678060800,6.5e-07,6.7e-07,6.4e-07,6.6e-07,2202536450.4037,40
1678147200,6.6e-07,6.6e-07,6e-07,6.6e-07,15332798423.64244,91
1678233600,6.6e-07,6.6e-07,6.1e-07,6.2e-07,6841955103.870268,99
1678320000,6.3e-07,6.4e-07,5.9e-07,6e-07,11510711017.100643,113
1678406400,5.9e-07,5.9e-07,5.6e-07,5.7e-07,4519321705.72453,56
1678492800,5.8e-07,5.8e-07,5.6e-07,5.6e-07,729770853.11445,19
1678579200,5.7e-07,5.9e-07,5.7e-07,5.8e-07,1215621391.59457,20
1678665600,5.9e-07,6.1e-07,5.7e-07,6.1e-07,5464740714.76033,56
1678752000,5.9e-07,6.6e-07,5.9e-07,6.1e-07,6240190688.437482,65
1678838400,6.1e-07,6.4e-07,6.1e-07,6.2e-07,4821913973.42319,51
1678924800,6.3e-07,6.4e-07,6.1e-07,6.4e-07,4749422315.98916,31
1679011200,6.4e-07,6.5e-07,6e-07,6.4e-07,7017519211.311989,70
1679097600,6.4e-07,6.5e-07,5.8e-07,6.2e-07,10801351803.70705,76
1679184000,6.1e-07,6.4e-07,6.1e-07,6.2e-07,2000492066.3674798,29
1679270400,6.2e-07,6.4e-07,5.7e-07,6e-07,2893847081.4158106,57
1679356800,5.8e-07,6e-07,5.6e-07,5.8e-07,16134009283.934038,118
1679443200,5.8e-07,5.9e-07,5.5e-07,5.6e-07,9354605238.713953,59
1679529600,5.8e-07,5.8e-07,5.2e-07,5.8e-07,6816715214.670219,40
1679616000,5.8e-07,5.9e-07,5.5e-07,5.7e-07,2734043547.30341,34
1679702400,5.6e-07,5.8e-07,5.6e-07,5.7e-07,1701175612.3529203,26
1679788800,5.8e-07,5.8e-07,5.5e-07,5.8e-07,7588287227.517233,53
1679875200,5.7e-07,5.8e-07,5.6e-07,5.8e-07,2071379606.2524898,27
1679961600,5.8e-07,5.8e-07,5.5e-07,5.6e-07,5413924415.011621,37
1680048000,5.7e-07,5.9e-07,5.6e-07,5.7e-07,3148147463.48846,40
1680134400,5.8e-07,5.9e-07,5.6e-07,5.8e-07,1855411378.0369499,29
1680220800,5.8e-07,6e-07,5.7e-07,5.8e-07,1287812960.35425,24
1680307200,6e-07,6e-07,5.7e-07,5.9e-07,2299055508.8786597,27
1680393600,5.9e-07,5.9e-07,5.7e-07,5.7e-07,1411719617.4991195,25
1680480000,5.8e-07,5.9e-07,5.6e-07,5.6e-07,1866071195.6130297,41
1680566400,5.8e-07,5.8e-07,5.6e-07,5.7e-07,4196160804.9712396,48
1680652800,5.7e-07,5.9e-07,5.7e-07,5.8e-07,3777492686.957791,64
1680739200,5.8e-07,5.9e-07,5.6e-07,5.8e-07,2668302671.7855196,38
1680825600,5.8e-07,5.8e-07,5.7e-07,5.8e-07,1232335089.68927,19
1680912000,5.8e-07,5.8e-07,5.7e-07,5.7e-07,3479863938.4898796,35
1680998400,5.8e-07,5.8e-07,5.6e-07,5.7e-07,1287542618.63795,24
1681084800,5.7e-07,5.8e-07,5.6e-07,5.7e-07,1526301479.20114,26
1681171200,5.7e-07,5.8e-07,5.6e-07,5.8e-07,3147685028.24239,39
1681257600,5.7e-07,5.7e-07,5.5e-07,5.7e-07,3928019223.08981,47
1681344000,5.5e-07,5.7e-07,5.5e-07,5.7e-07,1516373339.0858197,40
1681430400,5.7e-07,5.7e-07,5.6e-07,5.7e-07,1203099356.3361797,28
1681516800,5.7e-07,5.8e-07,5.6e-07,5.8e-07,2599215946.6327205,28
1681603200,5.8e-07,5.8e-07,5.7e-07,5.8e-07,1152231712.36463,21
1681689600,5.7e-07,5.8e-07,5.6e-07,5.8e-07,4354759838.917439,59
1681776000,5.7e-07,5.8e-07,5.6e-07,5.8e-07,1011016805.4284201,29
1681862400,5.8e-07,8.1e-07,5.6e-07,6.5e-07,31259348382.804604,314
1681948800,6.5e-07,6.6e-07,5.7e-07,5.8e-07,40897535155.44028,390
1682035200,5.8e-07,7.2e-07,5.6e-07,5.8e-07,8083885970.299698,108
1682121600,5.8e-07,6.2e-07,5.6e-07,6e-07,3366904680.84709,57
1682208000,5.9e-07,6e-07,5.8e-07,5.8e-07,567147669.5722901,9
1682294400,6e-07,6e-07,5.6e-07,5.8e-07,1276152819.4928496,32
1682380800,5.6e-07,6.3e-07,5.6e-07,5.9e-07,3018342846.07794,45
1682467200,6e-07,6.2e-07,5.8e-07,6e-07,2655944921.90165,35
1682553600,6e-07,6.1e-07,5.8e-07,6e-07,3778442349.34776,31
1682640000,6e-07,6e-07,5.8e-07,6e-07,4110037912.07591,26
1682726400,5.9e-07,6e-07,5.7e-07,5.7e-07,5003832476.7598,50
1682812800,5.9e-07,6.3e-07,5.9e-07,6e-07,6243536205.214091,42
1682899200,5.8e-07,5.9e-07,5.7e-07,5.8e-07,4444919758.139381,52
1682985600,5.6e-07,5.9e-07,5.6e-07,5.9e-07,8106308916.699793,34
1683072000,5.8e-07,5.9e-07,5.5e-07,5.8e-07,9020696666.67902,54
1683158400,5.8e-07,5.8e-07,5.6e-07,5.6e-07,2834909985.26816,41
1683244800,5.8e-07,5.8e-07,5.4e-07,5.7e-07,7405042287.35665,40
1683331200,5.6e-07,5.6e-07,5.4e-07,5.6e-07,1849270640.60671,31
1683417600,5.7e-07,5.7e-07,5.4e-07,5.7e-07,806723320.2690201,24
1683504000,5.4e-07,5.6e-07,5.3e-07,5.5e-07,2426900201.1101704,38
1683590400,5.5e-07,5.6e-07,5.5e-07,5.5e-07,541013821.23355,18
1683676800,5.6e-07,5.7e-07,5.4e-07,5.7e-07,3695966626.65408,28
1683763200,5.6e-07,5.7e-07,5.4e-07,5.6e-07,1291077985.1585996,23
1683849600,5.4e-07,5.6e-07,5.3e-07,5.6e-07,1449503672.0135896,25
1683936000,5.4e-07,5.7e-07,5.4e-07,5.5e-07,1209539123.29998,23
1684022400,5.4e-07,5.7e-07,5.4e-07,5.6e-07,861628241.78284,23
1684108800,5.6e-07,5.7e-07,5.4e-07,5.6e-07,1330287213.91964,27
1684195200,5.5e-07,5.7e-07,5.5e-07,5.5e-07,213010713.49999997,14
1684281600,5.5e-07,5.6e-07,5.4e-07,5.6e-07,1270082683.2814798,25
1684368000,5.6e-07,5.6e-07,5.4e-07,5.4e-07,1158097127.8633502,39
1684454400,5.4e-07,5.6e-07,5.4e-07,5.6e-07,2066515096.7061298,34
1684540800,5.4e-07,5.6e-07,5.4e-07,5.4e-07,675665445.3088499,39
1684627200,5.4e-07,5.6e-07,5.3e-07,5.4e-07,1433021542.1412904,23
1684713600,5.6e-07,5.6e-07,5.4e-07,5.4e-07,3463912313.249411,33
1684800000,5.7e-07,5.7e-07,5.4e-07,5.4e-07,716183069.3654301,19
1684886400,5.6e-07,5.6e-07,5.4e-07,5.4e-07,2157309812.5267,45
1684972800,5.6e-07,5.7e-07,5.4e-07,5.6e-07,750933861.3659098,35
1685059200,5.4e-07,5.6e-07,5.4e-07,5.4e-07,2659007786.32347,55
1685145600,5.5e-07,5.6e-07,5.4e-07,5.6e-07,669437295.0999999,36
1685232000,5.6e-07,5.6e-07,5.5e-07,5.5e-07,948647367.2650499,21
1685318400,5.5e-07,5.9e-07,5.5e-07,5.6e-07,2418998665.3230495,49
1685404800,5.6e-07,6.1e-07,5.4e-07,5.7e-07,8563334628.091821,47
1685491200,5.7e-07,5.7e-07,5.5e-07,5.5e-07,1476682393.2793698,35
1685577600,5.5e-07,5.7e-07,5.4e-07,5.6e-07,4257807637.76033,53
1685664000,5.4e-07,5.7e-07,5.3e-07,5.4e-07,2950779633.67858,49
1685750400,5.7e-07,6e-07,5.5e-07,5.5e-07,4252966223.9458394,41
1685836800,5.5e-07,5.6e-07,5.3e-07,5.6e-07,4552380865.375742,51
1685923200,5.5e-07,5.6e-07,5e-07,5.3e-07,7057262274.516908,66
1686009600,5.2e-07,5.5e-07,4.9e-07,5e-07,9508454373.125261,94
1686096000,5.1e-07,5.2e-07,4.8e-07,4.9e-07,2243714475.349581,52
1686182400,5e-07,5.1e-07,4.9e-07,5.1e-07,1895733657.9954,27
1686268800,5.1e-07,5.2e-07,4.9e-07,5.1e-07,3009836606.5662603,45
1686355200,5.1e-07,5.1e-07,4.6e-07,5e-07,2983334452.7037296,31
1686441600,5e-07,5e-07,4.8e-07,5e-07,2619374016.3857102,30
1686528000,4.9e-07,5.2e-07,4.9e-07,5.1e-07,1873073594.4430897,30
1686614400,5.1e-07,5.1e-07,4.9e-07,5e-07,555547709.4881,16
1686700800,4.9e-07,5e-07,4.9e-07,4.9e-07,3045227221.6926203,30
1686787200,5e-07,5e-07,4.7e-07,4.8e-07,2167060560.89664,30
1686873600,4.8e-07,4.9e-07,4.6e-07,4.8e-07,1772086993.11707,44
1686960000,4.6e-07,4.8e-07,4.5e-07,4.5e-07,3508133114.5894504,59
1687046400,4.7e-07,4.8e-07,4.3e-07,4.6e-07,2479851921.59234,38
1687132800,4.4e-07,4.5e-07,4.3e-07,4.3e-07,1401257598.3034496,32
1687219200,4.4e-07,4.4e-07,4.2e-07,4.2e-07,1202947134.11951,29
1687305600,4.3e-07,4.6e-07,4.2e-07,4.5e-07,7802429657.119111,52
1687392000,4.3e-07,4.6e-07,4.3e-07,4.4e-07,2124185856.65505,46
1687478400,4.3e-07,4.5e-07,4.3e-07,4.3e-07,780889575.3537802,31
1687564800,4.3e-07,4.6e-07,4.3e-07,4.4e-07,831689094.96641,30
1687651200,4.3e-07,4.6e-07,4.3e-07,4.4e-07,501036794.60407,21
1687737600,4.5e-07,4.6e-07,4.3e-07,4.3e-07,3381680385.08718,43
1687824000,4.5e-07,4.5e-07,4.2e-07,4.2e-07,1803334564.4903,22
1687910400,4.4e-07,4.5e-07,4.2e-07,4.4e-07,899044578.8005301,24
1687996800,4.3e-07,4.5e-07,4.2e-07,4.5e-07,1389916627.66099,29
1688083200,4.2e-07,4.5e-07,4.2e-07,4.4e-07,1722412096.5445,37
1688169600,4.5e-07,4.5e-07,4.3e-07,4.3e-07,1305426539.65192,23
1688256000,4.5e-07,4.5e-07,4.3e-07,4.5e-07,1840912785.53746,19
1688342400,4.5e-07,4.5e-07,4.3e-07,4.5e-07,2515371257.53699,20
1688428800,4.5e-07,4.6e-07,4.3e-07,4.6e-07,1941981667.79474,26
1688515200,4.6e-07,4.6e-07,4.4e-07,4.5e-07,1203855580.1956499,16
1688601600,4.5e-07,4.6e-07,4.3e-07,4.5e-07,900423363.0794102,17
1688688000,4.3e-07,4.5e-07,4.2e-07,4.4e-07,1416542425.8096,28
1688774400,4.4e-07,4.4e-07,4.2e-07,4.4e-07,359381700.24693996,17
1688860800,4.4e-07,4.4e-07,4.4e-07,4.4e-07,503992941.1,6
1688947200,4.2e-07,4.4e-07,4.2e-07,4.4e-07,224484413.85454997,11
1689033600,4.3e-07,4.5e-07,4.2e-07,4.4e-07,957744691.3267602,11
1689120000,4.4e-07,4.4e-07,4.2e-07,4.2e-07,1684030503.75085,10
1689206400,4.3e-07,4.5e-07,4.1e-07,4.2e-07,6321952628.2359295,64
1689292800,4.4e-07,4.4e-07,4.2e-07,4.3e-07,881006517.53792,25
1689379200,4.3e-07,4.3e-07,4.1e-07,4.2e-07,3014785399.35757,33
1689465600,4.2e-07,4.3e-07,4.1e-07,4.3e-07,458305919.26207006,14
1689552000,4.3e-07,4.3e-07,4.1e-07,4.1e-07,1911870569.1222901,23
1689638400,4.3e-07,4.3e-07,4.1e-07,4.1e-07,1007633713.0534799,15
1689724800,4.3e-07,4.4e-07,4.1e-07,4.3e-07,1200939078.23589,24
1689811200,4.2e-07,4.4e-07,4.2e-07,4.3e-07,1001238390.06867,31
1689897600,4.3e-07,4.4e-07,4.2e-07,4.4e-07,1037083642.4832699,31
1689984000,4.5e-07,4.5e-07,4.3e-07,4.3e-07,2117604579.5472207,38
1690070400,4.4e-07,4.6e-07,4.2e-07,4.5e-07,2224997712.2112503,27
1690156800,4.3e-07,4.5e-07,4.2e-07,4.3e-07,3675423722.79281,68
1690243200,4.3e-07,4.5e-07,4.2e-07,4.5e-07,2071037664.6832302,45
1690329600,4.5e-07,4.5e-07,4.3e-07,4.3e-07,230473057.15106,11
1690416000,4.4e-07,4.5e-07,4.3e-07,4.3e-07,1338702508.64444,13
1690502400,4.4e-07,4.5e-07,4.3e-07,4.5e-07,1128867431.3423603,39
1690588800,4.3e-07,4.5e-07,4.3e-07,4.3e-07,1940713099.21947,43
1690675200,4.3e-07,4.5e-07,4.3e-07,4.3e-07,2638105238.09501,30
1690761600,4.3e-07,4.4e-07,4.2e-07,4.3e-07,2277670247.618779,46
1690848000,4.2e-07,5.6e-07,4.2e-07,4.2e-07,19617095658.36197,141
1690934400,4.4e-07,4.4e-07,4.2e-07,4.3e-07,1935045988.53904,50
1691020800,4.4e-07,4.4e-07,4.2e-07,4.4e-07,613844853.4209499,15
1691107200,4.4e-07,4.4e-07,4.2e-07,4.2e-07,1580663878.1463602,26
1691193600,4.4e-07,4.4e-07,4.2e-07,4.3e-07,732766881.86478,16
1691280000,4.3e-07,4.3e-07,4.2e-07,4.3e-07,2129249916.4323702,27
1691366400,4.2e-07,4.3e-07,4e-07,4.2e-07,1992979783.6011803,38
1691452800,4.2e-07,4.3e-07,4.1e-07,4.3e-07,2302353488.3806705,38
1691539200,4.2e-07,4.3e-07,4.1e-07,4.2e-07,555591296.17697,23
1691625600,4.2e-07,4.3e-07,4.1e-07,4.3e-07,513395822.86046004,19
1691712000,4.3e-07,4.3e-07,4.1e-07,4.3e-07,799515028.45788,19
1691798400,4.3e-07,4.3e-07,4.1e-07,4.3e-07,1576328611.9601,21
1691884800,4.3e-07,4.3e-07,4.2e-07,4.3e-07,196057350.49999997,13
1691971200,4.2e-07,4.4e-07,4.2e-07,4.2e-07,953280458.0785601,24
1692057600,4.3e-07,4.3e-07,4.1e-07,4.3e-07,445179638.39265996,13
1692144000,4.1e-07,4.3e-07,4.1e-07,4.3e-07,2421481526.8250003,32
1692230400,4.3e-07,4.3e-07,3.9e-07,4.1e-07,2629037475.05153,39
1692316800,3.9e-07,4.1e-07,3.8e-07,4e-07,3917491257.02218,40
1692403200,4e-07,4e-07,3.8e-07,4e-07,294500180.2,6
1692489600,3.9e-07,4e-07,3.8e-07,3.9e-07,4393821125.75673,19
1692576000,3.9e-07,4e-07,3.7e-07,3.9e-07,4080115220.8087,19
1692662400,3.9e-07,3.9e-07,3.8e-07,3.9e-07,1598968561.2716398,11
1692748800,3.9e-07,3.9e-07,3.7e-07,3.9e-07,1290325984.3009899,19
1692835200,3.9e-07,4e-07,3.8e-07,4e-07,1809490968.6,14
1692921600,3.9e-07,3.9e-07,3.8e-07,3.8e-07,4797779981.883612,66
1693008000,3.8e-07,3.9e-07,3.8e-07,3.9e-07,541039315.27245,10
1693094400,3.9e-07,3.9e-07,3.7e-07,3.8e-07,7262446793.908769,24
1693180800,3.7e-07,3.8e-07,3.7e-07,3.7e-07,545174986.75767,9
1693267200,3.6e-07,3.8e-07,3.6e-07,3.8e-07,2087867464.5052602,16
1693353600,3.7e-07,3.9e-07,3.7e-07,3.8e-07,282060525.7,10
1693440000,3.9e-07,3.9e-07,3.7e-07,3.8e-07,3498394803.20868,31
1693526400,3.7e-07,3.9e-07,3.7e-07,3.7e-07,636834097.5535499,15
1693612800,3.9e-07,3.9e-07,3.9e-07,3.9e-07,458192119.8,14
1693699200,3.7e-07,4.3e-07,3.7e-07,4e-07,12479099435.197548,43
1693785600,3.9e-07,4e-07,3.7e-07,3.7e-07,7375632608.289032,96
1693872000,3.9e-07,3.9e-07,3.7e-07,3.9e-07,786159123.29755,20
1693958400,3.9e-07,3.9e-07,3.7e-07,3.9e-07,2683457013.892639,21
1694044800,3.9e-07,3.9e-07,3.7e-07,3.9e-07,821988721.94155,16
1694131200,3.9e-07,3.9e-07,3.7e-07,3.9e-07,411141787.71634,13
1694217600,3.7e-07,3.9e-07,3.7e-07,3.9e-07,1260247983.2974,19
1694304000,3.8e-07,3.9e-07,3.7e-07,3.8e-07,2514120380.1576805,32
1694390400,3.8e-07,3.8e-07,3.6e-07,3.7e-07,5838250475.694631,31
1694476800,3.7e-07,3.7e-07,3.5e-07,3.5e-07,8912176790.61465,35
1694563200,3.7e-07,3.7e-07,3.5e-07,3.7e-07,598194882.86756,8
1694649600,3.6e-07,3.7e-07,3.5e-07,3.7e-07,3601186929.51236,26
1694736000,3.6e-07,3.7e-07,3.5e-07,3.7e-07,1099745022.13807,18
1694822400,3.7e-07,3.8e-07,3.5e-07,3.8e-07,361752740.40000004,10
1694908800,3.8e-07,4.1e-07,3.7e-07,3.8e-07,20170276173.19107,72
1694995200,3.8e-07,3.8e-07,3.6e-07,3.8e-07,4188940464.8420205,33
1695081600,3.6e-07,3.9e-07,3.6e-07,3.9e-07,3642490472.6679497,22
1695168000,3.8e-07,3.8e-07,3.5e-07,3.7e-07,2147986808.81773,22
1695254400,3.7e-07,3.8e-07,3.5e-07,3.7e-07,2914699235.43074,20
1695340800,3.6e-07,3.7e-07,3.6e-07,3.7e-07,2889840842.76529,6
1695427200,3.6e-07,3.7e-07,3.6e-07,3.7e-07,1823209669.27914,10
1695513600,3.6e-07,3.7e-07,3.6e-07,3.7e-07,362910855.99981,6
1695600000,3.7e-07,3.7e-07,3.7e-07,3.7e-07,73332445.8,3
1695686400,3.7e-07,3.7e-07,3.6e-07,3.6e-07,315450458.20948,10
1695772800,3.6e-07,3.7e-07,3.6e-07,3.7e-07,1305538693.9978402,27
1695859200,3.7e-07,3.7e-07,3.7e-07,3.7e-07,769774597.34899,13
1695945600,3.7e-07,3.7e-07,3.7e-07,3.7e-07,879641716.21601,10
1696032000,3.7e-07,3.7e-07,3.6e-07,3.7e-07,518110982.17685,15
1696118400,3.6e-07,3.7e-07,3.6e-07,3.7e-07,640328272.62054,10
1696204800,3.7e-07,3.8e-07,3.6e-07,3.8e-07,2797888017.1353893,52
1696291200,3.7e-07,3.8e-07,3.6e-07,3.8e-07,510752118.48947,16
1696377600,3.6e-07,3.8e-07,3.6e-07,3.6e-07,1711660215.08435,19
1696464000,3.7e-07,3.8e-07,3.6e-07,3.6e-07,3364687680.92116,36
1696550400,3.7e-07,3.7e-07,3.5e-07,3.6e-07,3188605051.4372406,27
1696636800,3.6e-07,3.7e-07,3.6e-07,3.7e-07,100724029,2
1696723200,3.6e-07,3.7e-07,3.5e-07,3.7e-07,495753004.64878,12
1696809600,3.5e-07,3.7e-07,3.5e-07,3.6e-07,519761536.70000005,6
1696896000,3.6e-07,3.7e-07,3.5e-07,3.6e-07,801088318.5257001,13
1696982400,3.5e-07,3.6e-07,3.5e-07,3.6e-07,1801508243.8714201,13
1697068800,3.6e-07,3.6e-07,3.5e-07,3.6e-07,3625541471.189471,20
1697155200,3.6e-07,3.6e-07,3.5e-07,3.6e-07,326474901.31657004,5
1697241600,3.6e-07,3.7e-07,3.5e-07,3.5e-07,2055560419.52787,16
1697328000,3.5e-07,3.6e-07,3.5e-07,3.6e-07,406225924.1,8
1697414400,3.5e-07,3.7e-07,3.5e-07,3.6e-07,1104315779.5569701,19
1697500800,3.7e-07,3.8e-07,3.5e-07,3.6e-07,1982093973.02165,29
1697587200,3.5e-07,3.6e-07,3.5e-07,3.6e-07,97224688.94527,5
1697673600,3.5e-07,3.6e-07,3.5e-07,3.6e-07,136561731.29999998,5
1697760000,3.6e-07,3.6e-07,3.6e-07,3.6e-07,142465082.66472,6
1697846400,3.5e-07,3.6e-07,3.5e-07,3.5e-07,408927046.94642997,8
1697932800,3.5e-07,3.6e-07,3.5e-07,3.6e-07,385313054.3000001,12
1698019200,3.6e-07,3.7e-07,3.6e-07,3.6e-07,509716062.82135,6
1698105600,3.7e-07,4e-07,3.6e-07,3.8e-07,5717006808.965521,34
1698192000,3.9e-07,3.9e-07,3.7e-07,3.7e-07,1091620794.94318,16
1698278400,3.8e-07,3.9e-07,3.7e-07,3.7e-07,6819963575.407683,40
1698364800,3.8e-07,3.8e-07,3.7e-07,3.8e-07,225171338.8,6
1698451200,3.8e-07,3.9e-07,3.8e-07,3.8e-07,2600747566.45949,15
1698537600,3.7e-07,4.4e-07,3.7e-07,4.2e-07,15432526942.362583,100
1698624000,4.2e-07,5.3e-07,4.2e-07,5e-07,23154091340.05371,168
1698710400,5e-07,5e-07,4.4e-07,4.5e-07,14263540723.348703,114
1698796800,4.3e-07,4.5e-07,4.2e-07,4.4e-07,14695631244.643505,107
1698883200,4.3e-07,4.4e-07,4.3e-07,4.3e-07,6265613697.714229,47
1698969600,4.4e-07,4.4e-07,4.1e-07,4.2e-07,3177609252.8227496,61
1699056000,4.3e-07,4.3e-07,4.2e-07,4.3e-07,3062232532.78221,28
1699142400,4.2e-07,4.4e-07,4.2e-07,4.2e-07,3111472576.47361,44
1699228800,4.3e-07,4.6e-07,4.2e-07,4.4e-07,7603754799.961703,78
1699315200,4.3e-07,4.5e-07,4.3e-07,4.4e-07,3209949028.702359,50
1699401600,4.3e-07,4.5e-07,4.3e-07,4.5e-07,2099491128.74781,26
1699488000,4.5e-07,4.7e-07,3.3e-07,4.4e-07,25605046907.515377,125
1699574400,4.5e-07,4.6e-07,4.3e-07,4.5e-07,8019526146.616694,89
1699660800,4.3e-07,4.7e-07,4.3e-07,4.6e-07,4443395394.044469,49
1699747200,4.6e-07,4.6e-07,4.4e-07,4.5e-07,3457373915.96124,46
1699833600,4.6e-07,5.3e-07,4.5e-07,4.7e-07,13401062840.991959,136
1699920000,4.6e-07,4.8e-07,4.4e-07,4.4e-07,7908124314.34288,81
1700006400,4.5e-07,4.6e-07,4.4e-07,4.4e-07,2432316241.3924704,56
1700092800,4.5e-07,4.8e-07,4.4e-07,4.5e-07,12397871502.74887,117
1700179200,4.4e-07,4.5e-07,4.4e-07,4.5e-07,2277475011.04974,20
1700265600,4.5e-07,4.7e-07,4.4e-07,4.5e-07,7508639114.183614,91
1700352000,4.5e-07,4.7e-07,4.4e-07,4.5e-07,7080779554.975634,116
1700438400,4.4e-07,4.6e-07,4.4e-07,4.6e-07,3149121823.0639296,37
1700524800,4.4e-07,4.5e-07,4.2e-07,4.2e-07,5932303059.448931,54
1700611200,4.3e-07,4.4e-07,4.2e-07,4.3e-07,3571279402.3491993,38
1700697600,4.3e-07,4.4e-07,4.2e-07,4.2e-07,1760478031.53622,27
1700784000,4.3e-07,4.3e-07,4.2e-07,4.3e-07,3723085817.94005,20
1700870400,4.4e-07,4.4e-07,4.2e-07,4.3e-07,2197167133.1547704,14
1700956800,4.3e-07,4.4e-07,4.2e-07,4.2e-07,3401655475.1052294,38
1701043200,4.3e-07,4.3e-07,4.2e-07,4.2e-07,1182877127.4449701,22
1701129600,4.2e-07,4.3e-07,4.1e-07,4.2e-07,1590771433.07933,25
1701216000,4.2e-07,4.3e-07,4.1e-07,4.2e-07,3103254352.82858,23
1701302400,4.2e-07,4.3e-07,4.2e-07,4.3e-07,1631377450.3999999,23
1701388800,4.3e-07,4.5e-07,4.2e-07,4.3e-07,8562551146.935722,86
1701475200,4.3e-07,4.5e-07,4.3e-07,4.4e-07,6674500963.1864805,61
1701561600,4.4e-07,4.5e-07,4.4e-07,4.4e-07,13032291309.300001,49
1701648000,4.5e-07,4.7e-07,4.4e-07,4.6e-07,20476316637.99268,106
1701734400,4.6e-07,4.9e-07,4.5e-07,4.8e-07,8495583830.080119,78
1701820800,4.8e-07,1.15e-06,4.6e-07,8.3e-07,274474247103.94888,2355
1701907200,8.1e-07,8.8e-07,6.7e-07,7.2e-07,96153892755.9807,742
1701993600,7.3e-07,1.2e-06,7.2e-07,9.7e-07,154080646548.30447,1331
1702080000,9.8e-07,1e-06,8.8e-07,9.4e-07,47468719922.15029,459
1702166400,9.4e-07,1.45e-06,9.4e-07,1.22e-06,208852034321.2065,2272
1702252800,1.24e-06,1.59e-06,1.14e-06,1.32e-06,159982709966.9826,1889
1702339200,1.29e-06,1.75e-06,9.5e-07,1.26e-06,235525706295.97128,1967
1702425600,1.26e-06,1.3e-06,1.14e-06,1.22e-06,55281724516.69164,597
1702512000,1.22e-06,1.25e-06,1.07e-06,1.14e-06,93421425928.18755,385
1702598400,1.16e-06,1.16e-06,1.02e-06,1.05e-06,64179479462.20631,419
1702684800,1.07e-06,1.7e-06,8.5e-07,1.15e-06,92206036003.61049,649
1702771200,1.13e-06,1.15e-06,1.06e-06,1.09e-06,14006409866.6507,128
1702857600,1.1e-06,1.32e-06,9.5e-07,1.1e-06,66875265752.158,303
1702944000,1.09e-06,1.19e-06,1.01e-06,1.03e-06,30894257150.217,224
1703030400,1.04e-06,1.08e-06,1.02e-06,1.07e-06,15138825848.697535,128
1703116800,1.06e-06,1.06e-06,1.01e-06,1.05e-06,9910070072.586546,136
1703203200,1.05e-06,1.4e-06,1.01e-06,1.02e-06,40020787414.07231,252
1703289600,1.05e-06,1.05e-06,1.01e-06,1.03e-06,12544985164.190958,123
1703376000,1.01e-06,1.36e-06,9.7e-07,1.09e-06,56937393649.82974,389
1703462400,1.09e-06,1.15e-06,1.03e-06,1.12e-06,33272055050.928772,234
1703548800,1.1e-06,1.13e-06,1.02e-06,1.04e-06,14155558147.702633,235
1703635200,1.04e-06,1.27e-06,1.01e-06,1.06e-06,27204992676.315796,249
1703721600,1.08e-06,1.3e-06,1.07e-06,1.13e-06,48679693077.04599,543
1703808000,1.13e-06,1.13e-06,1.07e-06,1.09e-06,12755541049.706194,137
1703894400,1.1e-06,1.11e-06,1.04e-06,1.07e-06,25181076974.32396,135
1703980800,1.07e-06,1.13e-06,1e-06,1.05e-06,19727765734.04023,138
1704067200,1.05e-06,1.09e-06,1.04e-06,1.08e-06,6926065207.19863,83
1704153600,1.08e-06,1.15e-06,1.07e-06,1.12e-06,29331948856.457592,274
1704240000,1.1e-06,1.11e-06,1.01e-06,1.02e-06,23916067915.279663,209
1704326400,1.03e-06,1.06e-06,1e-06,1.04e-06,7805520166.222456,114
1704412800,1.04e-06,1.04e-06,9.8e-07,9.9e-07,17612604889.02553,224
1704499200,9.9e-07,1e-06,9.5e-07,9.7e-07,7492987282.086269,86
1704585600,9.8e-07,1e-06,9.5e-07,9.5e-07,10427039518.71429,73
1704672000,9.4e-07,9.8e-07,9e-07,9.8e-07,29566986114.086002,196
1704758400,9.6e-07,9.9e-07,9.3e-07,9.3e-07,11799730295.780743,103
1704844800,9.5e-07,1.03e-06,9.4e-07,1.01e-06,21982985694.450047,237
1704931200,1.01e-06,1.05e-06,9.8e-07,1.02e-06,6869280766.599571,137
1705017600,1e-06,1.02e-06,8e-07,9.7e-07,24430712439.07996,138
1705104000,9.6e-07,1e-06,9.5e-07,9.9e-07,6706790176.995651,71
1705190400,9.9e-07,1e-06,9.6e-07,9.7e-07,2695560577.8644304,61
1705276800,9.6e-07,9.8e-07,9.5e-07,9.6e-07,3709015683.69813,74
1705363200,9.5e-07,9.7e-07,9.4e-07,9.7e-07,1795369041.0238502,42
1705449600,9.7e-07,9.7e-07,9e-07,9.5e-07,9913004369.049942,75
1705536000,9.4e-07,9.4e-07,8.8e-07,8.8e-07,12269187829.878569,114
1705622400,8.7e-07,1.1e-06,8.7e-07,8.9e-07,16359519076.13514,125
1705708800,9.1e-07,9.1e-07,8.6e-07,8.9e-07,4489329127.0218,51
1705795200,8.7e-07,8.9e-07,8.5e-07,8.6e-07,8523466762.84796,80
1705881600,8.5e-07,8.5e-07,6.9e-07,8e-07,28158484362.25893,147
1705968000,8e-07,8.1e-07,7.2e-07,7.6e-07,22291667112.944813,127
1706054400,7.5e-07,7.7e-07,7.1e-07,7.3e-07,17779057016.69008,151
1706140800,7.4e-07,7.5e-07,7.2e-07,7.4e-07,5752307072.046319,53
1706227200,7.4e-07,8.2e-07,7.3e-07,7.9e-07,15907854303.525017,100
1706313600,8e-07,8.3e-07,7.8e-07,8.2e-07,9785433019.7562,64
1706400000,8.2e-07,9.1e-07,8e-07,8.3e-07,29384422651.053036,114
1706486400,8.1e-07,8.2e-07,7.8e-07,8.2e-07,7375952838.72769,69
1706572800,8e-07,8.1e-07,6.1e-07,7.8e-07,18633008499.659626,105
1706659200,7.8e-07,7.8e-07,7.4e-07,7.5e-07,7773542938.133189,55
1706745600,7.4e-07,7.5e-07,7.1e-07,7.3e-07,3021022356.23002,31
1706832000,7.3e-07,7.6e-07,7.3e-07,7.6e-07,3295938201.3692,35
1706918400,7.4e-07,7.6e-07,7.4e-07,7.5e-07,1572691027.24559,35
1707004800,7.5e-07,7.5e-07,7.3e-07,7.3e-07,2739898413.6797795,32
1707091200,7.5e-07,7.5e-07,7.3e-07,7.5e-07,9434159830.71988,41
1707177600,7.5e-07,7.5e-07,7.1e-07,7.3e-07,10242376866.111256,83
1707264000,7.4e-07,7.4e-07,7.2e-07,7.3e-07,5248436354.39084,58
1707350400,7.2e-07,1.05e-06,7.2e-07,9.5e-07,79107999053.6878,629
1707436800,9.5e-07,1.01e-06,9.3e-07,9.8e-07,23801802663.833015,187
1707523200,9.6e-07,9.8e-07,9e-07,9.5e-07,10254430675.376581,130
1707609600,9.6e-07,9.6e-07,8.9e-07,9.2e-07,10474667107.812582,212
1707696000,9.2e-07,9.4e-07,8.9e-07,9.4e-07,8239543952.718191,99
1707782400,9.2e-07,9.4e-07,8.9e-07,9.1e-07,5637974702.628701,132
1707868800,9.1e-07,9.5e-07,9e-07,9.2e-07,6453212490.154699,132
1707955200,9.3e-07,1.05e-06,9.2e-07,1e-06,18796504238.00448,224
1708041600,9.9e-07,1e-06,9.5e-07,9.6e-07,7390326187.137732,87
1708128000,9.7e-07,9.7e-07,9.3e-07,9.5e-07,889265405.8000001,32
1708214400,9.5e-07,1.2e-06,9.5e-07,1.07e-06,44003675551.33489,469
1708300800,1.07e-06,1.12e-06,1.04e-06,1.07e-06,18894990453.233063,165
1708387200,1.07e-06,1.1e-06,9.6e-07,1.02e-06,19219387394.200222,193
1708473600,1e-06,1.02e-06,9.6e-07,9.8e-07,8655827328.77681,100
1708560000,9.9e-07,1.02e-06,9.7e-07,1e-06,6454749446.3005905,87
1708646400,1.02e-06,1.03e-06,9.8e-07,1.01e-06,9998076029.66748,97
1708732800,9.9e-07,1.01e-06,9.9e-07,1.01e-06,3044200243.5758796,52
1708819200,1e-06,1.02e-06,9.8e-07,1.01e-06,9432140106.515291,84
1708905600,1.01e-06,1.01e-06,9.6e-07,1e-06,20138463961.856625,181
1708992000,1.01e-06,1.06e-06,1.01e-06,1.04e-06,13903068896.579292,194
1709078400,1.03e-06,1.06e-06,1e-06,1.04e-06,20225572628.97482,229
1709164800,1.04e-06,1.39e-06,1.02e-06,1.15e-06,60137890166.03974,765
1709251200,1.14e-06,1.3e-06,1.03e-06,1.24e-06,54795216598.344826,507
1709337600,1.23e-06,1.41e-06,1.23e-06,1.39e-06,51517865938.11951,616
1709424000,1.37e-06,1.41e-06,1.22e-06,1.32e-06,23735222920.541786,270
1709510400,1.33e-06,1.86e-06,1.28e-06,1.7e-06,131866430971.4883,1493
1709596800,1.69e-06,2.07e-06,1.31e-06,1.59e-06,217114560978.25348,2245
1709683200,1.57e-06,1.74e-06,1.51e-06,1.62e-06,58603187920.405014,616
1709769600,1.64e-06,1.64e-06,1.44e-06,1.55e-06,32023411735.6984,586
1709856000,1.57e-06,1.68e-06,1.53e-06,1.62e-06,28104434544.49474,345
1709942400,1.62e-06,1.8e-06,1.6e-06,1.69e-06,46894577921.87344,384
1710028800,1.69e-06,1.69e-06,1.56e-06,1.59e-06,22045136418.99599,256
1710115200,1.59e-06,1.65e-06,1.52e-06,1.63e-06,27846135509.24096,378
1710201600,1.63e-06,1.65e-06,1.51e-06,1.55e-06,28342221017.01307,286
1710288000,1.56e-06,1.65e-06,1.53e-06,1.57e-06,21909479491.442924,313
1710374400,1.57e-06,1.59e-06,1.47e-06,1.53e-06,28344337879.03904,422
1710460800,1.53e-06,1.54e-06,1.32e-06,1.43e-06,25457941604.631565,294
1710547200,1.43e-06,1.46e-06,1.23e-06,1.25e-06,25168897580.90021,274
1710633600,1.26e-06,1.36e-06,1.17e-06,1.35e-06,14812274848.165117,190
1710720000,1.33e-06,1.35e-06,1.21e-06,1.23e-06,11462452336.079517,181
1710806400,1.23e-06,1.31e-06,1.13e-06,1.17e-06,55086670602.72126,266
1710892800,1.16e-06,1.3e-06,1.13e-06,1.3e-06,20843362763.017303,230
1710979200,1.29e-06,1.3e-06,1.23e-06,1.27e-06,11573612264.437553,168
1711065600,1.25e-06,1.27e-06,1.2e-06,1.22e-06,10936943280.247662,131
1711152000,1.21e-06,1.52e-06,1.21e-06,1.39e-06,60745770671.340775,539
1711238400,1.37e-06,1.49e-06,1.34e-06,1.43e-06,29562475854.19857,414
1711324800,1.42e-06,1.51e-06,1.37e-06,1.48e-06,20913730670.083538,262
1711411200,1.45e-06,1.5e-06,1.41e-06,1.44e-06,15538902146.984575,211
1711497600,1.45e-06,1.46e-06,1.38e-06,1.4e-06,13915218994.498676,232
1711584000,1.42e-06,1.5e-06,1.37e-06,1.44e-06,18651380102.146385,235
1711670400,1.46e-06,1.58e-06,1.46e-06,1.49e-06,22502462412.585487,341
1711756800,1.5e-06,1.52e-06,1.46e-06,1.48e-06,7423224731.894029,150
1711843200,1.47e-06,1.51e-06,1.02e-06,1.49e-06,31155329991.20234,228
1711929600,1.5e-06,1.51e-06,1.38e-06,1.42e-06,7087123615.950972,145
1712016000,1.42e-06,1.42e-06,1.26e-06,1.31e-06,27249935616.26946,209
1712102400,1.3e-06,1.36e-06,1.27e-06,1.31e-06,7990709022.838706,132
1712188800,1.3e-06,1.35e-06,1.27e-06,1.33e-06,6604306274.883391,115
1712275200,1.33e-06,1.34e-06,1.27e-06,1.31e-06,6287060481.0864525,86
1712361600,1.31e-06,1.39e-06,1.31e-06,1.35e-06,4554389747.493502,77
1712448000,1.38e-06,1.41e-06,1.35e-06,1.37e-06,8173941412.1900215,120
1712534400,1.38e-06,1.46e-06,1.36e-06,1.45e-06,5448625092.718099,113
1712620800,1.45e-06,1.45e-06,1.34e-06,1.37e-06,6498338336.717392,123
1712707200,1.38e-06,1.45e-06,1.32e-06,1.38e-06,8835043052.56364,100
1712793600,1.39e-06,1.44e-06,1.37e-06,1.44e-06,9314678850.721012,107
1712880000,1.42e-06,1.84e-06,1.28e-06,1.35e-06,76229789176.83676,767
1712966400,1.35e-06,1.36e-06,1.15e-06,1.21e-06,28507212764.120296,321
1713052800,1.21e-06,1.26e-06,1.13e-06,1.25e-06,17265612925.95428,154
1713139200,1.25e-06,1.31e-06,1.18e-06,1.22e-06,12160083564.796429,163
1713225600,1.2e-06,1.21e-06,1.15e-06,1.19e-06,5533976327.047331,86
1713312000,1.21e-06,1.23e-06,9.2e-07,1.17e-06,46274365417.45096,251
1713398400,1.16e-06,1.21e-06,1.13e-06,1.2e-06,10817077850.47442,79
1713484800,1.18e-06,1.24e-06,1.12e-06,1.17e-06,9107551355.74023,112
1713571200,1.18e-06,1.24e-06,1.15e-06,1.23e-06,16083760183.732145,106
1713657600,1.26e-06,1.28e-06,1.2e-06,1.24e-06,9965218603.250359,73
1713744000,1.24e-06,1.26e-06,1.22e-06,1.26e-06,6539554467.659561,62
1713830400,1.26e-06,1.26e-06,1.22e-06,1.23e-06,4319629631.509899,77
1713916800,1.23e-06,1.27e-06,1.18e-06,1.2e-06,9177773917.406488,78
1714003200,1.19e-06,1.2e-06,1.16e-06,1.19e-06,3531613237.7118106,55
1714089600,1.23e-06,1.3e-06,1.19e-06,1.26e-06,18833811606.361565,206
1714176000,1.28e-06,1.3e-06,1.21e-06,1.23e-06,6133560316.37353,85
1714262400,1.24e-06,1.27e-06,1.2e-06,1.23e-06,8026555321.700452,108
1714348800,1.22e-06,1.23e-06,1.17e-06,1.19e-06,4290503469.970489,56
1714435200,1.21e-06,1.21e-06,1.12e-06,1.14e-06,2713648616.49013,48
1714521600,1.14e-06,1.14e-06,1.04e-06,1.1e-06,17181665452.897873,118
1714608000,1.14e-06,1.16e-06,1.07e-06,1.13e-06,8135628424.058211,75
1714694400,1.13e-06,1.18e-06,1.1e-06,1.17e-06,12393132489.657484,106
1714780800,1.16e-06,1.2e-06,1.14e-06,1.18e-06,14304416507.520119,97
1714867200,1.17e-06,1.18e-06,1.14e-06,1.16e-06,6892778914.619171,48
1714953600,1.16e-06,1.19e-06,1.14e-06,1.15e-06,5626046377.48929,61
1715040000,1.15e-06,1.15e-06,1.11e-06,1.11e-06,10123995096.154766,57
1715126400,1.12e-06,1.13e-06,1.1e-06,1.1e-06,3265777287.567459,46
1715212800,1.1e-06,1.26e-06,1.09e-06,1.12e-06,11604419936.756218,75
1715299200,1.13e-06,1.15e-06,1.06e-06,1.08e-06,17465442894.44717,109
1715385600,1.1e-06,1.12e-06,1.09e-06,1.1e-06,6505901329.963631,27
1715472000,1.09e-06,1.1e-06,1.08e-06,1.09e-06,2052876548.54105,30
1715558400,1.1e-06,1.12e-06,1.05e-06,1.1e-06,6507462391.069489,60
1715644800,1.11e-06,1.11e-06,1.06e-06,1.07e-06,6167908348.400409,59
1715731200,1.06e-06,1.11e-06,1.06e-06,1.11e-06,5846149813.005851,59
1715817600,1.1e-06,1.12e-06,1.08e-06,1.09e-06,4818057527.454761,40
1715904000,1.08e-06,1.39e-06,1.08e-06,1.11e-06,20234999776.731747,116
1715990400,1.11e-06,1.13e-06,1.1e-06,1.1e-06,3203057291.3047705,39
1716076800,1.1e-06,1.13e-06,1.08e-06,1.08e-06,9561787623.926828,43
1716163200,1.09e-06,1.15e-06,1.08e-06,1.15e-06,4546403162.80206,58
1716249600,1.15e-06,1.18e-06,1.13e-06,1.15e-06,9469307245.298616,101
1716336000,1.15e-06,1.16e-06,1.13e-06,1.13e-06,5079655554.237105,126
1716422400,1.15e-06,1.16e-06,1.1e-06,1.11e-06,8682843773.245958,103
1716508800,1.11e-06,1.11e-06,1.08e-06,1.1e-06,2804544563.4126196,42
1716595200,1.11e-06,1.12e-06,1.08e-06,1.12e-06,6901616300.97059,51
1716681600,1.12e-06,1.12e-06,1.08e-06,1.1e-06,2279903848.0351596,33
1716768000,1.1e-06,1.12e-06,1.08e-06,1.11e-06,4724871787.848539,55
1716854400,1.09e-06,1.11e-06,9.5e-07,1.08e-06,64514862373.12305,447
1716940800,1.09e-06,1.5e-06,1.09e-06,1.12e-06,118553309751.32135,672
1717027200,1.13e-06,1.17e-06,1.07e-06,1.08e-06,46360607530.930504,269
1717113600,1.07e-06,1.08e-06,1.06e-06,1.07e-06,4940095185.62121,76
1717200000,1.07e-06,1.08e-06,1.06e-06,1.06e-06,1635094435.8323405,30
1717286400,1.08e-06,1.08e-06,1.05e-06,1.06e-06,2535325185.6366796,35
1717372800,1.07e-06,1.07e-06,9.6e-07,1.04e-06,114188167242.14102,393
1717459200,1.04e-06,1.06e-06,1.02e-06,1.06e-06,5918399315.150261,62
1717545600,1.06e-06,1.1e-06,1.04e-06,1.1e-06,3312483148.3971996,65
1717632000,1.08e-06,1.09e-06,1.05e-06,1.06e-06,4343384960.5836,53
1717718400,1.07e-06,1.09e-06,1.03e-06,1.04e-06,12848568880.705551,117
1717804800,1.04e-06,1.04e-06,1.01e-06,1.02e-06,2812542668.0533605,32
1717891200,1.02e-06,1.03e-06,1e-06,1.02e-06,1818832826.02556,22
1717977600,1.01e-06,1.02e-06,9.9e-07,1e-06,1269196201.4367495,45
1718064000,1e-06,1e-06,9.4e-07,9.6e-07,3720877473.2108903,41
1718150400,9.7e-07,9.9e-07,9.6e-07,9.7e-07,4660429796.41966,40
1718236800,9.6e-07,9.7e-07,9.1e-07,9.4e-07,29163125274.141094,75
1718323200,9.3e-07,9.5e-07,9.1e-07,9.2e-07,9203156571.779238,42
1718409600,9.2e-07,9.4e-07,9.2e-07,9.2e-07,7943053149.878211,42
1718496000,9.4e-07,9.4e-07,9.2e-07,9.3e-07,3126024881.66222,40
1718582400,9.2e-07,9.3e-07,8.3e-07,8.4e-07,7403014543.027864,86
1718668800,8.4e-07,8.5e-07,7.8e-07,8e-07,17386906003.82495,109
1718755200,8e-07,8.2e-07,7.9e-07,8.1e-07,11913134347.79418,61
1718841600,8.1e-07,8.4e-07,8.1e-07,8.3e-07,6052170426.938011,41
1718928000,8.2e-07,8.2e-07,8e-07,8e-07,2213179200.2067695,36
1719014400,8.2e-07,8.7e-07,8.2e-07,8.3e-07,7998866375.561347,98
1719100800,8.3e-07,8.4e-07,8.1e-07,8.1e-07,2317471698.60418,23
1719187200,8.2e-07,8.2e-07,7.6e-07,7.9e-07,11605446502.895964,67
1719273600,7.9e-07,8.2e-07,7.9e-07,8.2e-07,14455199900.38798,63
1719360000,8.3e-07,8.3e-07,8e-07,8.1e-07,2900060902.75899,30
1719446400,8.1e-07,8.3e-07,8.1e-07,8.1e-07,1793008049.8129497,26
1719532800,8.3e-07,8.3e-07,8e-07,8.1e-07,1019966141.73848,19
1719619200,8e-07,8.1e-07,8e-07,8e-07,1046032735.11161,20
1719705600,7.9e-07,8.1e-07,7.9e-07,8.1e-07,2783967540.72386,18
1719792000,8.2e-07,8.2e-07,8e-07,8.2e-07,1415030749.88605,28
1719878400,8e-07,8.1e-07,8e-07,8.1e-07,1845699745.54442,18
1719964800,8e-07,8e-07,7.6e-07,7.7e-07,5917672379.53409,48
1720051200,7.6e-07,7.6e-07,7.1e-07,7.2e-07,17567888270.41363,77
1720137600,7.1e-07,7.1e-07,6.5e-07,6.9e-07,16164583112.091404,140
1720224000,6.9e-07,7.3e-07,6.9e-07,7.2e-07,5501431972.659479,27
1720310400,7.2e-07,8.6e-07,7e-07,7e-07,15679918735.263834,71
1720396800,6.9e-07,7.2e-07,6.8e-07,7.1e-07,3694725896.89912,41
1720483200,7.1e-07,7.3e-07,7.1e-07,7.3e-07,2424714246.866221,21
1720569600,7.3e-07,7.4e-07,7.3e-07,7.4e-07,1965316352.90714,16
1720656000,7.4e-07,7.5e-07,7.3e-07,7.4e-07,3820972652.495611,25
1720742400,7.3e-07,7.4e-07,7.2e-07,7.4e-07,2466211629.0381494,29
1720828800,7.4e-07,7.5e-07,7.3e-07,7.4e-07,3165463168.11296,35
1720915200,7.5e-07,7.6e-07,7.4e-07,7.6e-07,2337520410.8984,24
1721001600,7.5e-07,8.3e-07,7.5e-07,8.2e-07,9433852813.726738,77
1721088000,8.2e-07,8.6e-07,7.9e-07,8.4e-07,10350077172.641413,90
1721174400,8.3e-07,8.5e-07,8e-07,8.1e-07,4172157328.67456,56
1721260800,8.1e-07,8.3e-07,7e-07,8e-07,19421835891.40908,93
1721347200,8.1e-07,8.3e-07,7.9e-07,8.3e-07,2781389443.66087,32
1721433600,8.2e-07,8.4e-07,8.1e-07,8.2e-07,6419108846.602542,40
1721520000,8.3e-07,8.3e-07,8.1e-07,8.3e-07,2370870752.49887,34
1721606400,8.3e-07,8.4e-07,8.1e-07,8.2e-07,2573380871.62776,29
1721692800,8.2e-07,8.2e-07,7.8e-07,7.8e-07,8557263855.182169,36
1721779200,8e-07,8.1e-07,7.9e-07,7.9e-07,1650271539.5000002,20
1721865600,7.8e-07,7.8e-07,7.5e-07,7.7e-07,6667201707.815589,39
1721952000,7.8e-07,8e-07,7.7e-07,8e-07,2676112631.9009204,20
1722038400,8e-07,8.4e-07,8e-07,8.4e-07,4754485682.870122,42
1722124800,8.2e-07,8.2e-07,8e-07,8.2e-07,663930196.5489,19
1722211200,8.2e-07,8.6e-07,8.2e-07,8.4e-07,3851789398.0996895,48
1722297600,8.6e-07,8.8e-07,8.3e-07,8.4e-07,1909138902.4194996,34
1722384000,8.3e-07,8.3e-07,8.1e-07,8.1e-07,4373502021.1396,36
1722470400,8e-07,8.1e-07,7.8e-07,8e-07,5915984954.9872,39
1722556800,7.9e-07,8e-07,7.4e-07,7.7e-07,5381430481.201709,48
1722643200,7.4e-07,7.5e-07,7.2e-07,7.2e-07,5763329986.330889,57
1722729600,7.2e-07,7.4e-07,7e-07,7e-07,4862275857.981852,47
1722816000,7e-07,7e-07,5.9e-07,6.4e-07,12357725024.9945,143
1722902400,6.5e-07,6.8e-07,6.4e-07,6.6e-07,16100229075.843191,71
1722988800,6.6e-07,6.7e-07,6.4e-07,6.4e-07,6269197784.955311,28
1723075200,6.5e-07,7e-07,6.5e-07,6.9e-07,3211432452.9082894,30
1723161600,7e-07,7.1e-07,6.8e-07,7e-07,6099835875.27762,23
1723248000,7.1e-07,7.1e-07,6.7e-07,7.1e-07,3359767209.8141,20
1723334400,7e-07,7.1e-07,6.8e-07,6.8e-07,2602716519.6929092,29
1723420800,6.8e-07,6.9e-07,6.7e-07,6.8e-07,1035457241.1608701,15
1723507200,6.8e-07,6.9e-07,6.7e-07,6.9e-07,3139046723.6347294,21
1723593600,6.9e-07,6.9e-07,6.6e-07,6.9e-07,1751423279.4246697,24
1723680000,6.8e-07,6.8e-07,6.6e-07,6.6e-07,2246594710.66586,26
1723766400,6.7e-07,6.8e-07,6.6e-07,6.6e-07,1317696526.4649599,19
1723852800,6.6e-07,6.8e-07,6.6e-07,6.7e-07,880489360.04899,10
1723939200,6.8e-07,6.9e-07,6.6e-07,6.8e-07,963453415.22252,14
1724025600,6.7e-07,6.9e-07,6.6e-07,6.7e-07,573413318.63698,17
1724112000,6.8e-07,8.5e-07,6.7e-07,7.9e-07,32584767082.781944,190
1724198400,7.6e-07,9.3e-07,7.5e-07,8.3e-07,17277474230.843224,154
1724284800,8.6e-07,9.1e-07,8.3e-07,8.5e-07,14777144364.443136,74
1724371200,8.5e-07,8.7e-07,8.3e-07,8.6e-07,5110145931.835117,62
1724457600,8.6e-07,9.4e-07,8.5e-07,8.7e-07,14426311711.252563,110
1724544000,8.7e-07,8.8e-07,8.3e-07,8.6e-07,4234080481.0645504,52
1724630400,8.4e-07,8.5e-07,8e-07,8e-07,8569358303.72459,82
1724716800,8e-07,8e-07,7.5e-07,7.5e-07,2298190916.64585,36
1724803200,7.6e-07,8e-07,7.6e-07,7.6e-07,2931173395.62739,36
1724889600,7.6e-07,7.8e-07,7.4e-07,7.6e-07,11412915058.50749,46
1724976000,7.6e-07,7.8e-07,7.5e-07,7.7e-07,1470340274.95097,17
1725062400,7.8e-07,7.8e-07,7.6e-07,7.7e-07,2328121988.6250105,13
1725148800,7.6e-07,7.6e-07,7.4e-07,7.4e-07,1191605327.68126,17
1725235200,7.4e-07,7.5e-07,7.3e-07,7.4e-07,293011727.12073004,5
1725321600,7.5e-07,7.5e-07,7.2e-07,7.3e-07,3076010957.78035,27
1725408000,7.2e-07,7.3e-07,7e-07,7.3e-07,5248143687.964899,32
1725494400,7.3e-07,7.7e-07,7.1e-07,7.1e-07,4906594109.62214,26
1725580800,7.1e-07,7.1e-07,6.9e-07,6.9e-07,4037855884.738371,38
1725667200,6.9e-07,7.2e-07,6.9e-07,7.1e-07,2978756446.8067794,33
1725753600,7.1e-07,8.7e-07,7.1e-07,8.1e-07,22644804588.157204,241
1725840000,8.4e-07,8.6e-07,8e-07,8.2e-07,11372049412.43478,94
1725926400,8.3e-07,8.5e-07,7.9e-07,8.1e-07,3558277483.73079,30
1726012800,8e-07,8e-07,7.8e-07,7.9e-07,3383888137.13914,20
1726099200,8e-07,8.1e-07,7.8e-07,7.8e-07,1609233639.62109,26
1726185600,7.7e-07,8e-07,7.7e-07,8e-07,1895764588.9759798,17
1726272000,8e-07,8.9e-07,7.7e-07,7.9e-07,14241381429.389597,81
1726358400,8e-07,8e-07,7.6e-07,7.7e-07,10358961056.26537,48
1726444800,7.7e-07,7.8e-07,7.4e-07,7.5e-07,1800140693.47384,22
1726531200,7.6e-07,8.2e-07,7.6e-07,7.9e-07,21981450252.662888,90
1726617600,7.9e-07,7.9e-07,7.6e-07,7.9e-07,4953688385.86754,29
1726704000,7.9e-07,8.4e-07,7.8e-07,8e-07,9840566216.740952,48
1726790400,7.9e-07,8.3e-07,7.9e-07,8e-07,5349339915.31238,36
1726876800,8e-07,8.2e-07,8e-07,8.2e-07,5263141875.577571,26
1726963200,8.2e-07,8.5e-07,8e-07,8.2e-07,4232593763.32069,23
1727049600,8.3e-07,8.3e-07,8.1e-07,8.1e-07,1901058986.7468905,32
1727136000,8.1e-07,8.3e-07,8.1e-07,8.2e-07,3937035435.7222805,37
1727222400,8.3e-07,8.3e-07,8.1e-07,8.3e-07,5062635440.223942,46
1727308800,8.2e-07,8.8e-07,8.2e-07,8.6e-07,5858066164.60408,42
1727395200,8.7e-07,9.6e-07,8.7e-07,9.2e-07,13668616105.321407,115
1727481600,9.3e-07,9.3e-07,8.6e-07,9e-07,11155508635.140032,88
1727568000,8.9e-07,8.9e-07,8.7e-07,8.8e-07,5972228129.06467,30
1727654400,8.7e-07,8.8e-07,8.4e-07,8.5e-07,5216850891.30375,66
1727740800,8.4e-07,8.8e-07,8e-07,8.1e-07,11502910884.272118,66
1727827200,8.1e-07,8.4e-07,8.1e-07,8.1e-07,12989322089.426495,54
1727913600,8.1e-07,8.2e-07,7.9e-07,8.1e-07,4231350485.9116707,28
1728000000,8.1e-07,8.5e-07,8.1e-07,8.3e-07,10043982594.10155,40
1728086400,8.5e-07,8.8e-07,8.3e-07,8.4e-07,4717030921.989461,23
1728172800,8.4e-07,8.6e-07,8.3e-07,8.5e-07,4709616517.70994,33
1728259200,8.6e-07,8.7e-07,8.4e-07,8.4e-07,3718040252.07557,49
1728345600,8.5e-07,8.5e-07,8.2e-07,8.3e-07,2272809838.00431,27
1728432000,8.4e-07,8.5e-07,8.2e-07,8.2e-07,4134859811.295661,44
1728518400,8.2e-07,8.3e-07,8e-07,8e-07,239125553.33054996,9
1728604800,8e-07,8.6e-07,8e-07,8.6e-07,2126180566.19196,33
1728691200,8.6e-07,8.6e-07,8.3e-07,8.5e-07,871821851.85558,17
1728777600,8.3e-07,8.5e-07,8.1e-07,8.2e-07,930104183.0630801,27
1728864000,8.2e-07,8.8e-07,8.2e-07,8.7e-07,3442011368.06458,69
1728950400,8.6e-07,8.9e-07,8.3e-07,8.6e-07,2863813240.23772,38
1729036800,8.4e-07,8.8e-07,8.4e-07,8.4e-07,1070342621.1388401,19
1729123200,8.7e-07,8.7e-07,8.3e-07,8.3e-07,1783975117.6743503,19
1729209600,8.5e-07,8.6e-07,8.4e-07,8.6e-07,2095358549.7390099,34
1729296000,8.5e-07,8.6e-07,8.4e-07,8.6e-07,1884111863.65318,18
1729382400,8.5e-07,8.9e-07,7.6e-07,8.9e-07,19441758256.248714,106
1729468800,8.9e-07,8.9e-07,8.4e-07,8.5e-07,2343304810.9258394,31
1729555200,8.5e-07,8.5e-07,8.3e-07,8.5e-07,4609716879.639298,39
1729641600,8.5e-07,8.5e-07,8.1e-07,8.2e-07,3753237417.29833,32
1729728000,8.2e-07,8.4e-07,8.1e-07,8.3e-07,781383094.12549,25
1729814400,8.3e-07,8.4e-07,8e-07,8e-07,3746470581.2941103,86
1729900800,8.1e-07,8.1e-07,7.9e-07,7.9e-07,90853271.8,5
1729987200,8e-07,8.1e-07,7.9e-07,8.1e-07,494522135.4009,8
1730073600,8.2e-07,8.2e-07,7.9e-07,8.1e-07,1780480119.5681303,23
1730160000,8.2e-07,8.5e-07,8e-07,8.2e-07,6009955572.245171,53
1730246400,8.3e-07,8.4e-07,8.1e-07,8.2e-07,3871311437.5266685,31
1730332800,8.2e-07,8.2e-07,7.9e-07,8e-07,7942979492.279118,62
1730419200,7.9e-07,8e-07,7.8e-07,7.8e-07,389541585.80212,14
1730505600,8e-07,8.1e-07,7.6e-07,7.7e-07,1414412023.4079297,26
1730592000,7.6e-07,7.8e-07,7.4e-07,7.4e-07,8028686998.731279,53
1730678400,7.5e-07,7.6e-07,7.3e-07,7.5e-07,6296031768.11752,42
1730764800,7.5e-07,7.6e-07,7.4e-07,7.5e-07,4552426500.275059,30
1730851200,7.6e-07,8.2e-07,7.4e-07,8.2e-07,17295129356.94048,104
1730937600,8.2e-07,8.5e-07,7.9e-07,8.2e-07,10639555519.49923,82
1731024000,8.3e-07,8.3e-07,8e-07,8.2e-07,3625913784.1312394,40
1731110400,8.2e-07,8.4e-07,8.1e-07,8.4e-07,6367785844.122861,61
1731196800,8.4e-07,9.3e-07,8.1e-07,9.1e-07,24680013085.39059,189
1731283200,9.1e-07,1.28e-06,8.6e-07,1.16e-06,129247637895.85509,977
1731369600,1.17e-06,1.19e-06,9.6e-07,1.06e-06,67615511036.27546,752
1731456000,1.03e-06,1.05e-06,9.1e-07,9.9e-07,27347628577.286297,268
1731542400,1e-06,1.16e-06,9.8e-07,9.8e-07,32373258567.999683,375
1731628800,9.8e-07,1.06e-06,9.8e-07,1.05e-06,30263382619.892563,195
1731715200,1.04e-06,1.12e-06,1.01e-06,1.1e-06,21048163888.03767,194
1731801600,1.08e-06,1.12e-06,9.9e-07,1.03e-06,21104934277.800827,151
1731888000,1.04e-06,1.09e-06,1.03e-06,1.07e-06,9558057173.736782,134
1731974400,1.08e-06,1.1e-06,1.03e-06,1.06e-06,5930048117.638361,91
1732060800,1.06e-06,1.06e-06,9.9e-07,1e-06,16625939683.90107,141
1732147200,1.02e-06,1.18e-06,1.01e-06,1.09e-06,20309649667.99158,281
1732233600,1.08e-06,1.15e-06,1.07e-06,1.13e-06,14207583475.074888,232
1732320000,1.15e-06,1.47e-06,1.13e-06,1.34e-06,106513597385.42885,1350
1732406400,1.36e-06,1.47e-06,1.2e-06,1.31e-06,21003353064.760685,325
1732492800,1.36e-06,1.39e-06,1.23e-06,1.27e-06,20370867570.933594,225
1732579200,1.26e-06,1.28e-06,1.15e-06,1.2e-06,12399195595.457798,201
1732665600,1.19e-06,1.28e-06,1.18e-06,1.25e-06,13335998837.707918,147
1732752000,1.27e-06,1.33e-06,1.23e-06,1.28e-06,12140350167.91555,154
1732838400,1.26e-06,1.33e-06,1.25e-06,1.32e-06,16509985404.070726,195
1732924800,1.31e-06,1.34e-06,1.27e-06,1.32e-06,11632593229.261497,183
1733011200,1.3e-06,1.41e-06,1.27e-06,1.37e-06,23376556469.548954,291
1733097600,1.37e-06,1.41e-06,1.25e-06,1.37e-06,19653269583.000923,272
1733184000,1.38e-06,1.81e-06,1.25e-06,1.71e-06,66468780579.56032,894
1733270400,1.72e-06,2.01e-06,1.49e-06,1.52e-06,56504122025.88415,703
1733356800,1.53e-06,1.63e-06,1.43e-06,1.46e-06,35229570002.775055,469
1733443200,1.45e-06,1.53e-06,1.39e-06,1.5e-06,27760414954.0537,313
1733529600,1.51e-06,1.51e-06,1.41e-06,1.46e-06,7009341693.9502,218
1733616000,1.48e-06,1.51e-06,1.38e-06,1.48e-06,17832814064.184116,260
1733702400,1.47e-06,1.47e-06,1.16e-06,1.26e-06,18462174520.172146,373
1733788800,1.26e-06,1.32e-06,1.11e-06,1.19e-06,17483247188.854008,254
1733875200,1.23e-06,1.31e-06,1.13e-06,1.31e-06,9218024226.434608,168
1733961600,1.31e-06,1.37e-06,1.24e-06,1.31e-06,12216971504.503557,154
1734048000,1.28e-06,1.3e-06,1.25e-06,1.26e-06,11711400026.31267,114
1734134400,1.28e-06,1.3e-06,1.21e-06,1.24e-06,5391617335.935148,100
1734220800,1.24e-06,1.3e-06,1.2e-06,1.27e-06,8376476950.5745735,120
1734307200,1.28e-06,1.28e-06,1.19e-06,1.23e-06,8522074421.09127,225
1734393600,1.22e-06,1.27e-06,1.18e-06,1.18e-06,9582131207.274626,206
1734480000,1.19e-06,1.21e-06,1.11e-06,1.14e-06,10267146104.250246,252
1734566400,1.13e-06,1.13e-06,1.01e-06,1.04e-06,16139932543.431993,227
1734652800,1.02e-06,1.12e-06,9.2e-07,1.06e-06,24706003120.86306,259
1734739200,1.06e-06,1.11e-06,1.01e-06,1.02e-06,10233313393.421223,187
1734825600,1.02e-06,1.19e-06,1.02e-06,1.09e-06,19800927267.963676,358
1734912000,1.07e-06,1.16e-06,1.06e-06,1.11e-06,17311021845.855873,236
1734998400,1.11e-06,1.15e-06,1.09e-06,1.13e-06,16497894877.529755,146
1735084800,1.13e-06,1.13e-06,1.09e-06,1.12e-06,7927275574.702579,110
1735171200,1.11e-06,1.11e-06,1.02e-06,1.02e-06,8249139499.200503,165
1735257600,1.04e-06,1.08e-06,1.03e-06,1.04e-06,6518811287.093629,91
1735344000,1.04e-06,1.07e-06,1.03e-06,1.07e-06,4823950383.078031,47
1735430400,1.06e-06,1.12e-06,1.03e-06,1.03e-06,9913552109.185442,111
1735516800,1.03e-06,1.05e-06,9.5e-07,1e-06,12945649719.597837,174
1735603200,1.02e-06,1.06e-06,1.02e-06,1.03e-06,6658557979.199029,90
1735689600,1.03e-06,1.06e-06,1.01e-06,1.03e-06,4556730121.944249,95
1735776000,1.04e-06,1.1e-06,1.03e-06,1.06e-06,6881536242.399498,116
1735862400,1.08e-06,1.13e-06,1.06e-06,1.1e-06,5255377651.404152,95
1735948800,1.12e-06,1.13e-06,1.07e-06,1.11e-06,9507218800.40112,120
1736035200,1.11e-06,1.15e-06,1.1e-06,1.15e-06,4769338912.773879,87
1736121600,1.16e-06,1.3e-06,1.14e-06,1.21e-06,35994216341.69055,507
1736208000,1.21e-06,1.43e-06,1.06e-06,1.14e-06,45487757861.28477,381
1736294400,1.13e-06,1.2e-06,1.06e-06,1.1e-06,14984095374.51155,224
1736380800,1.11e-06,1.18e-06,1.09e-06,1.11e-06,9124190630.954586,190
1736467200,1.1e-06,1.18e-06,1.1e-06,1.17e-06,10538457379.160318,125
1736553600,1.15e-06,1.16e-06,1.12e-06,1.14e-06,4610950196.986849,74
1736640000,1.13e-06,1.14e-06,1.08e-06,1.11e-06,5826138037.67775,58
1736726400,1.12e-06,1.15e-06,1.03e-06,1.08e-06,7643274079.651327,195
1736812800,1.08e-06,1.11e-06,1.08e-06,1.1e-06,4402695783.08589,67
1736899200,1.11e-06,1.14e-06,1.07e-06,1.14e-06,33743952903.26207,298
1736985600,1.14e-06,1.14e-06,1.07e-06,1.1e-06,30517845441.076584,123
1737072000,1.1e-06,1.18e-06,1.1e-06,1.17e-06,7642369849.441343,122
1737158400,1.17e-06,1.17e-06,1.09e-06,1.12e-06,9436799958.757221,117
1737244800,1.12e-06,1.12e-06,1e-06,1.02e-06,35717422632.90509,266
1737331200,1e-06,1.09e-06,1e-06,1.03e-06,13564766501.718637,151
1737417600,1.04e-06,1.06e-06,1.01e-06,1.06e-06,8553922912.730779,118
1737504000,1.04e-06,1.06e-06,1.02e-06,1.04e-06,3484996652.7705193,69
1737590400,1.03e-06,1.04e-06,1.01e-06,1.03e-06,2336412277.8997297,36
1737676800,1.04e-06,1.05e-06,1.01e-06,1.01e-06,1037911880.3051802,47
1737763200,1.01e-06,1.05e-06,9.8e-07,1.02e-06,3736357104.8266997,50
1737849600,1.02e-06,1.03e-06,9.8e-07,1e-06,4437951195.56077,65
1737936000,9.9e-07,1e-06,9.2e-07,9.7e-07,15681675708.15675,115
1738022400,9.8e-07,1.06e-06,9.5e-07,9.6e-07,15086219186.564785,203
1738108800,9.4e-07,9.8e-07,9.1e-07,9.8e-07,7278069865.603479,72
1738195200,9.7e-07,9.9e-07,9.5e-07,9.8e-07,1621244906.73862,47
1738281600,9.8e-07,1.02e-06,9.7e-07,1e-06,13043157574.718704,117
1738368000,1e-06,1.04e-06,9.6e-07,9.6e-07,8099384397.05214,84
1738454400,9.7e-07,9.7e-07,8.8e-07,8.8e-07,6273386615.184279,82
1738540800,8.8e-07,9.1e-07,7.4e-07,9.1e-07,28736201019.014053,306
1738627200,8.9e-07,9.1e-07,8.4e-07,8.6e-07,40065883476.298256,307
1738713600,8.6e-07,8.6e-07,8.2e-07,8.2e-07,3613870162.30504,69
1738800000,8.3e-07,8.5e-07,8.1e-07,8.2e-07,3880796346.1954594,34
1738886400,8.3e-07,8.5e-07,8.2e-07,8.2e-07,4992870446.09436,42
1738972800,8.3e-07,8.5e-07,8.2e-07,8.3e-07,3080787552.8670406,28
1739059200,8.4e-07,8.5e-07,8.3e-07,8.3e-07,2585457983.61493,39
1739145600,8.2e-07,8.5e-07,8.1e-07,8.4e-07,31921799192.102604,80
1739232000,8.5e-07,8.8e-07,8.3e-07,8.4e-07,20725344432.98436,73
1739318400,8.5e-07,8.7e-07,8.3e-07,8.6e-07,2595659220.7367997,30
1739404800,8.7e-07,8.7e-07,8.2e-07,8.4e-07,2558855433.4503,26
1739491200,8.4e-07,8.5e-07,8.1e-07,8.1e-07,5649274989.148681,43
1739577600,8.3e-07,8.5e-07,8.1e-07,8.4e-07,3069467117.5923004,21
1739664000,8.3e-07,8.4e-07,8.3e-07,8.4e-07,943492716.0351,14
1739750400,8.3e-07,8.4e-07,8.2e-07,8.2e-07,1021844799.4783,16
1739836800,8.1e-07,8.2e-07,7.8e-07,8e-07,2830188767.16748,24
1739923200,8e-07,8.2e-07,8e-07,8.2e-07,4754196282.248041,35
1740009600,8.2e-07,8.2e-07,8.1e-07,8.2e-07,1556492586.02689,25
1740096000,8.2e-07,8.4e-07,7.9e-07,7.9e-07,7562923002.217308,42
1740182400,8.1e-07,8.2e-07,8e-07,8.1e-07,4576775843.08907,30
1740268800,8.1e-07,8.2e-07,7.9e-07,8e-07,5006749439.72918,31
1740355200,7.9e-07,7.9e-07,7.3e-07,7.3e-07,5928703675.9501295,92
1740441600,7.2e-07,7.5e-07,6.7e-07,7.2e-07,14824770330.315771,87
1740528000,7.1e-07,7.2e-07,6.8e-07,7e-07,16681688251.65864,52
1740614400,6.9e-07,7.2e-07,6.9e-07,7.2e-07,658647521.2926799,12
1740700800,7.1e-07,7.1e-07,6.7e-07,7.1e-07,9016979584.27504,73
1740787200,7.2e-07,7.2e-07,6.9e-07,7e-07,1775082881.1493204,26
1740873600,7e-07,7.5e-07,6.9e-07,7.4e-07,5520924397.661049,33
1740960000,7.4e-07,7.5e-07,6.8e-07,6.9e-07,2446832440.52748,38
1741046400,6.8e-07,6.8e-07,6.5e-07,6.7e-07,3657896359.2074995,47
1741132800,6.6e-07,6.8e-07,6.5e-07,6.7e-07,3440004622.0746093,28
1741219200,6.9e-07,7e-07,6.6e-07,6.7e-07,6784759684.236058,45
1741305600,6.6e-07,6.8e-07,6.5e-07,6.6e-07,5306399207.083919,31
1741392000,6.8e-07,7.3e-07,6.7e-07,7.1e-07,18115750214.72348,161
1741478400,6.9e-07,7.1e-07,6.5e-07,6.5e-07,1556822717.6527898,31
1741564800,6.6e-07,6.6e-07,5.7e-07,6.2e-07,10317064861.699623,50
1741651200,6.1e-07,6.6e-07,6e-07,6.35e-07,1896087038.1212099,29
1741737600,6.39e-07,6.39e-07,6.21e-07,6.27e-07,2836874023.9947405,26
1741824000,6.36e-07,6.52e-07,6.2e-07,6.27e-07,4168516286.70181,29
1741910400,6.27e-07,6.65e-07,6.27e-07,6.27e-07,848083066.3553798,20
1741996800,6.57e-07,6.64e-07,6.29e-07,6.64e-07,326968064.6305,14
1742083200,6.59e-07,6.59e-07,6.27e-07,6.28e-07,1334549667.7,8
1742169600,6.36e-07,6.56e-07,6.33e-07,6.4e-07,2637331602.89873,14
1742256000,6.47e-07,6.78e-07,6.26e-07,6.54e-07,2531567142.32759,23
1742342400,6.52e-07,6.7e-07,6.33e-07,6.5e-07,1382064965.61686,23
1742428800,6.51e-07,6.6e-07,5.96e-07,6.34e-07,10073465065.947647,35
1742515200,6.57e-07,6.57e-07,6.28e-07,6.44e-07,1549298065.8283198,11
1742601600,6.37e-07,6.51e-07,6.32e-07,6.32e-07,541583497.72762,9
1742688000,6.49e-07,6.51e-07,6.33e-07,6.49e-07,460843976.74543995,10
1742774400,6.42e-07,6.61e-07,6.42e-07,6.55e-07,1461219181.2339098,15
1742860800,6.44e-07,6.72e-07,6.44e-07,6.48e-07,344169253.38319004,16
1742947200,6.79e-07,6.93e-07,6.6e-07,6.74e-07,2106173899.58773,31
1743033600,6.62e-07,6.73e-07,6.55e-07,6.66e-07,1225973441.27464,14
1743120000,6.5e-07,6.5e-07,6.25e-07,6.37e-07,1261046711.2589,20
1743206400,6.36e-07,6.44e-07,6.2e-07,6.34e-07,1801336272.81811,11
1743292800,6.33e-07,6.33e-07,6.19e-07,6.32e-07,415532094.04343,9
1743379200,6.1e-07,6.29e-07,5.96e-07,6.19e-07,3437982010.6132994,25
