1661472000,0.53,0.6154,0.5182,0.5223,1298.12202468,23
1661558400,0.4968,0.5023,0.4917,0.4926,351.74971371,8
1661644800,0.491,0.4918,0.4836,0.4836,3.5E+2,3
1661731200,0.4767,0.4926,0.4751,0.4913,1308.5457859,6
1661817600,0.4901,0.4974,0.4901,0.4914,249.7696,3
1661904000,0.5128,0.5145,0.5012,0.5086,673.36388055,12
1661990400,0.5051,0.5179,0.5037,0.5179,438.3838859,6
1662076800,0.5227,0.5236,0.5194,0.52,69.832,5
1662163200,0.5012,0.5012,0.5012,0.5012,1E+1,1
1662249600,0.5123,0.5127,0.5123,0.5127,205.04,2
1662336000,0.5119,0.5119,0.5057,0.5057,156.151,3
1662422400,0.5032,0.5032,0.4849,0.4899,1094.17541596,6
1662508800,0.482,0.5009,0.482,0.4943,528.69311973,6
1662595200,0.4949,0.5029,0.4938,0.5029,1150.9934288,11
1662681600,0.5156,0.5212,0.5148,0.5148,426.61189225,5
1662768000,0.5134,0.5811,0.5134,0.5799,2708.87180898,15
1662854400,0.5766,0.5766,0.5567,0.5567,1755.1710032,9
1662940800,0.5411,0.5411,0.5254,0.5321,366.92558078,4
1663027200,0.5216,0.5216,0.5068,0.5068,998.61874967,7
1663113600,0.5021,0.5145,0.5021,0.5145,202.36124297,2
1663200000,0.5033,0.5033,0.5033,0.5033,55.98,1
1663286400,0.4998,0.4998,0.4926,0.4926,29.412,2
1663372800,0.4934,0.4934,0.4934,0.4934,19.712,2
1663459200,0.4979,0.4979,0.4808,0.4808,178.11284,2
1663718400,0.4709,0.4734,0.4709,0.4734,477.47719408,2
1663804800,0.4729,0.4729,0.4729,0.4729,372.4543302,1
1663891200,0.4788,0.4788,0.4788,0.4788,41.128,1
1663977600,0.4907,0.4907,0.4882,0.4882,277.99081685,2
1664064000,0.4882,0.4882,0.4882,0.4882,37,2
1664150400,0.4901,0.4902,0.4901,0.4902,2E+2,2
1664236800,0.5038,0.5038,0.4885,0.4893,208.693,4
1664323200,0.4915,0.4915,0.4915,0.4915,30.51881994,1
1664409600,0.4799,0.4926,0.4792,0.4904,857.74504442,5
1664496000,0.4966,0.508,0.4841,0.4857,707.81171127,5
1664582400,0.475,0.475,0.475,0.475,2105.26315789,6
1664668800,0.4749,0.4749,0.4749,0.4749,380.73481819,1
1664755200,0.4717,0.4742,0.4717,0.4742,28.635,3
1664841600,0.4779,0.491,0.4779,0.485,775.86713052,7
1665014400,0.4844,0.51,0.4844,0.4875,2040.36863,5
1665100800,0.4832,0.4849,0.4749,0.4749,312.1620175,4
1665273600,0.4747,0.4791,0.4747,0.4791,93.96618574,2
1665360000,0.4748,0.4763,0.4748,0.4752,115.761,4
1665446400,0.4584,0.4584,0.4544,0.4544,15.841,2
1665532800,0.45,0.4506,0.45,0.4506,110.932,2
1665619200,0.4315,0.4425,0.424,0.4425,2551.41321717,8
1665705600,0.4427,0.4535,0.4427,0.4535,110.862,2
1665792000,0.4729,0.4848,0.4729,0.4773,123.494,4
1665878400,0.4904,0.4904,0.4703,0.4703,1388.37716997,6
1665964800,0.4643,0.4691,0.4621,0.4691,4408.99999989,9
1666051200,0.4835,0.4835,0.4578,0.4578,219.57356984,4
1666224000,0.4454,0.4547,0.4262,0.4262,588.49872357,5
1666396800,0.4367,0.5155,0.4363,0.4373,6019.02154624,10
1666483200,0.4363,0.4441,0.4341,0.4436,7879.29108112,8
1666569600,0.4393,0.4402,0.4359,0.4359,608.90526603,4
1666656000,0.4347,0.446,0.4344,0.4384,4509.08262616,14
1666742400,0.4428,0.4528,0.4428,0.4518,5493.17098614,5
1666828800,0.4564,0.4564,0.4564,0.4564,114.948345,2
1666915200,0.4536,0.4536,0.4536,0.4536,1E+3,1
1667001600,0.4625,0.4625,0.4596,0.4596,2742.98543244,7
1667088000,0.4696,0.4696,0.4575,0.4575,813.47898735,2
1667174400,0.4542,0.4558,0.4542,0.4558,91.461,2
1667260800,0.5705,0.5705,0.455,0.5699,11376.40733326,14
1667347200,0.4568,0.49,0.4497,0.4497,1794.34681654,11
1667433600,0.4473,0.4732,0.4473,0.4732,9373.44886016,14
1667520000,0.4765,0.4902,0.4765,0.4864,2680.4609156,5
1667606400,0.4827,0.5002,0.4827,0.4953,4739.16267411,12
1667692800,0.485,0.485,0.4713,0.4713,62.07325138,4
1667779200,0.4685,0.4685,0.4602,0.4602,637.74835162,6
1667865600,0.44,0.4451,0.3907,0.3963,23294.39652122,26
1667952000,0.4714,1.1,0.3004,0.3311,9119.86972765,38
1668038400,0.3368,0.371,0.333,0.3573,7432.39942344,22
1668124800,0.4299,0.4299,0.3298,0.333,31183.67165051,18
1668211200,0.3351,0.4299,0.2787,0.4299,5470.27051552,16
1668297600,0.325,1.2,0.26,0.3189,6994.54383083,47
1668384000,0.3112,0.3261,0.3051,0.3169,8714.3645518,33
1668470400,0.3214,0.3225,0.3195,0.3199,1734.28197517,7
1668556800,0.3226,0.4,0.3121,0.3643,7251.12926409,29
1668643200,0.357,0.3742,0.3358,0.344,16692.78503052,21
1668729600,0.341,0.3416,0.3395,0.3413,1708.7990418,5
1668816000,0.3345,0.3345,0.3343,0.3343,466.22293484,2
1668902400,0.3386,0.341,0.3172,0.3172,2640.25566066,7
1668988800,0.3163,0.3183,0.3163,0.3178,704.29718844,5
1669075200,0.315,0.3247,0.3106,0.3247,317.77107936,6
1669161600,0.3284,0.3376,0.3284,0.3352,1053.83175,7
1669248000,0.3378,0.3378,0.3325,0.3325,1303.08158645,3
1669334400,0.3294,0.3338,0.3294,0.3338,520.44682088,3
1669420800,0.3372,0.3473,0.3371,0.3473,1366.87412337,3
1669507200,0.3495,0.4049,0.3495,0.3527,3271.20749948,13
1669593600,0.3356,0.3428,0.3339,0.3428,500.40196,5
1669680000,0.3505,0.4,0.3492,0.3536,3575.63740367,13
1669766400,0.3496,0.3593,0.3496,0.3574,2370.02496578,8
1669852800,0.3564,0.3596,0.3351,0.3435,8864.27496289,18
1669939200,0.347,0.3675,0.347,0.3675,3626.10510516,17
1670025600,0.3541,0.3637,0.3536,0.3536,2477.48851315,5
1670112000,0.3616,0.3628,0.3612,0.3612,657.17729189,3
1670198400,0.3601,0.3686,0.3601,0.3641,8435.95104184,9
1670284800,0.3628,0.3851,0.3628,0.3663,2474.50839945,7
1670371200,0.3539,0.3539,0.353,0.353,824.94556784,2
1670457600,0.3441,0.3534,0.3441,0.3523,5750.66189885,9
1670630400,0.3558,0.3558,0.3558,0.3558,52.612,1
1670716800,0.3509,0.3569,0.3509,0.3552,2730.2978136,4
1670803200,0.3527,0.3996,0.3527,0.3678,4940.83037763,29
1670889600,0.3597,0.3748,0.3597,0.3662,2987.94925556,12
1670976000,0.362,0.362,0.3559,0.3559,2119.95537986,4
1671062400,0.3514,0.3573,0.3492,0.3534,1572.40241284,10
1671148800,0.3398,0.3398,0.3373,0.3375,8265.827,7
1671235200,0.3267,0.3457,0.3267,0.339,3397.7948899,8
1671321600,0.3342,0.3342,0.3342,0.3342,141.121,1
1671408000,0.3277,0.3277,0.3277,0.3277,15.032,1
1671494400,0.3309,0.3349,0.3203,0.3305,3431.36816562,13
1671580800,0.3301,0.3301,0.3301,0.3301,339.2763236,1
1671667200,0.328,0.3313,0.328,0.3299,1683.56789227,4
1671753600,0.3298,0.3298,0.3295,0.3296,4045.48211036,3
1671926400,0.3401,0.3401,0.3401,0.3401,2E+1,1
1672012800,0.3318,0.3324,0.3318,0.3324,459.62974,2
1672099200,0.3288,0.3288,0.3258,0.3258,471.3554014,4
1672185600,0.3189,0.3208,0.3189,0.3208,163.15929758,2
1672272000,0.3221,0.3221,0.3221,0.3221,13.129,1
1672358400,0.3169,0.3183,0.3169,0.3183,838.97529,2
1672531200,0.3194,0.3209,0.3194,0.3209,21.14,2
1672617600,0.3234,0.3236,0.3218,0.3231,3503.54540241,8
1672704000,0.3429,0.3429,0.3262,0.3262,630.61049826,3
1672790400,0.3299,0.3299,0.3297,0.3297,965.43681778,3
1672876800,0.3313,0.3313,0.33,0.33,7303.95136778,4
1672963200,0.3348,0.3348,0.3326,0.3344,5133.82796144,5
1673049600,0.3361,0.3361,0.3333,0.3352,1054.74473,3
1673136000,0.3348,0.3446,0.3348,0.3446,269.89958311,5
1673222400,0.3483,0.351,0.342,0.342,11846.67199593,9
1673308800,0.3455,0.3464,0.3446,0.3456,1722.18998025,12
1673395200,0.3451,0.3464,0.3414,0.3464,5381.17879527,7
1673481600,0.3453,0.3712,0.3415,0.3712,10090.88310015,13
1673568000,0.3604,0.3695,0.3604,0.3682,2924.75883471,11
1673654400,0.3745,0.3834,0.3707,0.3773,17967.32761945,15
1673740800,0.3723,0.3735,0.3674,0.3735,1236.0766038,4
1673827200,0.3714,0.3714,0.3596,0.3664,18756.08931303,31
1673913600,0.3684,0.3704,0.3671,0.3704,1871.59138709,5
1674000000,0.3683,0.3774,0.3365,0.3497,2375.42406905,16
1674086400,0.3494,0.3494,0.3374,0.3435,718.20356606,6
1674172800,0.3437,0.3602,0.3436,0.3602,6315.32496103,6
1674259200,0.3631,0.3697,0.3631,0.3685,5359.35771613,11
1674345600,0.3659,0.3732,0.3628,0.366,2616.31342881,9
1674432000,0.3616,0.3836,0.3616,0.3755,3454.33597848,13
1674518400,0.3808,0.4249,0.3769,0.3769,9469.40266791,33
1674604800,0.3776,0.3877,0.3762,0.3865,1255.61941793,5
1674691200,0.388,0.389,0.387,0.389,1222.87298136,3
1674777600,0.3857,0.4297,0.384,0.4114,12090.38678914,29
1674864000,0.4167,0.4167,0.3855,0.3995,2397.1200631,8
1674950400,0.4092,0.4788,0.4092,0.4389,6912.18301695,23
1675036800,0.438,0.438,0.4075,0.4108,12360.99499159,18
1675123200,0.4198,0.4227,0.4142,0.4142,3752.4275578,7
1675209600,0.4104,0.4221,0.4058,0.4218,1857.26540699,6
1675296000,0.4276,0.4431,0.4266,0.4363,17680.84285075,19
1675382400,0.4205,0.432,0.4198,0.4315,8187.97074695,10
1675468800,0.4381,0.4431,0.4343,0.4427,1469.11524112,6
1675555200,0.4406,0.4406,0.4168,0.4182,2118.37073169,7
1675641600,0.4268,0.4315,0.4268,0.429,1687.78165732,5
1675728000,0.4374,0.4414,0.4374,0.4414,274.46805618,2
1675814400,0.4361,0.4361,0.4361,0.4361,25.33019357,1
1675900800,0.4385,0.4399,0.4198,0.4199,3174.05577669,8
1675987200,0.4134,0.415,0.412,0.412,3700.66419848,8
1676073600,0.4101,0.4225,0.4101,0.4225,660.60917333,3
1676160000,0.4289,0.4304,0.4289,0.4304,94.46468401,2
1676246400,0.4095,0.4277,0.3,0.3905,18526.3712484,69
1676332800,0.4064,0.4105,0.3987,0.4105,1434.63808395,11
1676419200,0.4079,0.4273,0.4078,0.427,1243.69837548,8
1676505600,0.4398,0.5239,0.4398,0.4648,1960.07244956,30
1676592000,0.4682,0.4831,0.462,0.4685,1493.93901344,13
1676678400,0.4727,0.4839,0.4719,0.4719,760.69974872,8
1676764800,0.4787,0.485,0.4656,0.4656,1670.06853685,13
1676851200,0.4803,0.75,0.48,0.5742,22539.74723189,133
1676937600,0.552,0.6102,0.5115,0.5241,9661.49032647,70
1677024000,0.5021,0.5118,0.4661,0.4863,3489.14060317,23
1677110400,0.5061,0.6046,0.4991,0.5462,7023.71794883,98
1677196800,0.5429,0.7,0.5196,0.5348,11507.96006958,55
1677283200,0.5184,0.66,0.5,0.5076,31054.5390862701,131
1677369600,0.5111,0.517,0.5111,0.5162,1959.7393588,16
1677456000,0.5042,0.5042,0.4985,0.4985,666.8408657,8
1677542400,0.4873,0.5132,0.4873,0.4929,876.24212565,9
1677628800,0.492,0.492,0.4879,0.4879,1181.02889926,6
1677715200,0.4848,0.511,0.4848,0.4872,2379.76172341,38
1677801600,0.4714,0.4714,0.4434,0.4434,1282.55290613,11
1677888000,0.4482,0.4484,0.4463,0.4463,791.1780263,4
1677974400,0.4323,0.4377,0.4315,0.4376,2395.07022849,8
1678060800,0.4151,0.4153,0.4133,0.4133,268.69926901,3
1678147200,0.4111,0.4581,0.4111,0.4273,4488.88684147,24
1678233600,0.4063,0.4063,0.3996,0.3996,8440.58432365,45
1678320000,0.3894,0.3894,0.3651,0.3651,956.51902623,7
1678406400,0.3673,0.3938,0.35,0.3938,2672.65462385,16
1678492800,0.403,0.403,0.36,0.3679,1607.89597029,17
1678579200,0.3804,0.3804,0.3776,0.3776,1180.83621471,7
1678665600,0.3829,0.4588,0.3683,0.4423,9348.85760441,53
1678752000,0.4333,0.4498,0.3983,0.4196,2998.76273858,29
1678838400,0.4233,0.4233,0.3996,0.4083,1869.55649087,32
1678924800,0.4032,0.4472,0.3659,0.3659,1964.51548126,23
1679011200,0.4244,0.459,0.4231,0.444,2083.86570684,32
1679097600,0.4427,0.4531,0.4344,0.4344,1169.61848211,11
1679184000,0.4309,0.4421,0.4309,0.4421,347.42555465,2
1679270400,0.4216,0.4216,0.4216,0.4216,49.07882949,1
1679356800,0.4327,0.4338,0.4099,0.4099,865.05840233,11
1679443200,0.4135,0.4135,0.3878,0.3878,357.83368868,6
1679529600,0.3825,0.4137,0.3823,0.4071,1630.0172397,14
1679616000,0.4011,0.4011,0.3975,0.3975,369.15532704,2
1679788800,0.3986,0.3986,0.3948,0.3975,337.448,3
1679875200,0.3982,0.3982,0.3723,0.3723,1533.8542807,6
1679961600,0.3729,0.386,0.3689,0.386,672.50042807,6
1680048000,0.3859,0.3936,0.3859,0.3899,393.58393923,6
1680134400,0.39,0.39,0.3821,0.3821,333.83241,2
1680220800,0.3894,0.3894,0.3894,0.3894,38.52080124,1
1680307200,0.3954,0.3954,0.3908,0.3908,782.05310824,3
1680393600,0.3975,0.4995,0.3975,0.4417,4673.78859708,54
1680480000,0.4465,0.4604,0.4068,0.415,8319.39120933,36
1680566400,0.4126,0.4126,0.394,0.4124,5127.06474912,18
1680652800,0.4133,0.4133,0.4004,0.4088,745.18270645,5
1680739200,0.4117,0.4117,0.3967,0.4103,2374.10073736,11
1680825600,0.3963,0.4532,0.3901,0.4264,6923.06838541,40
1680912000,0.4099,0.4184,0.4057,0.4057,474.82017089,7
1680998400,0.4058,0.4058,0.4058,0.4058,269.79994334,1
1681084800,0.4129,0.4129,0.4129,0.4129,229.066,1
1681171200,0.4184,0.4321,0.4154,0.4321,1465.27681459,4
1681257600,0.4025,0.4094,0.3898,0.4094,762.4714007,6
1681344000,0.4072,0.4164,0.4072,0.4159,1905.53031288,5
1681430400,0.4216,0.4489,0.419,0.4406,4342.10755657,28
1681516800,0.4444,0.445,0.4175,0.4246,8362.23205067,17
1681603200,0.4248,0.4266,0.4248,0.4266,32.69253,2
1681689600,0.4125,0.4341,0.4125,0.4224,1415.0693316,10
1681776000,0.4224,0.4746,0.4224,0.4339,33070.40608073,72
1681862400,0.454,0.454,0.3985,0.3985,546.33856162,13
1681948800,0.3999,0.4009,0.3966,0.3966,1259.48477518,4
1682035200,0.3851,0.392,0.3762,0.3762,1974.66184696,7
1682121600,0.3743,0.3859,0.3665,0.3852,2732.90700357,16
1682208000,0.3991,0.41,0.3762,0.3884,2994.05006345,22
1682294400,0.3776,0.3792,0.3732,0.3732,6207.42334713,17
1682380800,0.3764,0.3797,0.3735,0.3797,1002.20123495,10
1682467200,0.381,0.3878,0.3735,0.3735,2786.48288416,19
1682553600,0.384,0.3877,0.3837,0.3877,94.01395362,4
1682640000,0.3723,0.4075,0.3721,0.3891,4900.5691699,19
1682726400,0.3876,0.4255,0.3858,0.4024,5486.58470725,31
1682812800,0.3979,0.4032,0.3899,0.3899,407.54231934,11
1682899200,0.3889,0.4037,0.3889,0.4021,1481.98828154,5
1682985600,0.4069,0.4229,0.405,0.405,31198.09020068,99
1683072000,0.3999,0.4191,0.3944,0.4191,4126.17922591,17
1683158400,0.4025,0.4154,0.3817,0.405,4129.59875644,24
1683244800,0.4073,0.4073,0.3974,0.4008,708.58296131,6
1683331200,0.3729,0.3744,0.3709,0.3739,3089.43529912,14
1683417600,0.374,0.3748,0.374,0.3748,607.70626,4
1683504000,0.3703,0.3703,0.3303,0.3303,4486.66868887,19
1683590400,0.3414,0.3425,0.3414,0.3425,1204.87105494,4
1683676800,0.3443,0.3443,0.3419,0.3419,1314.42114001,4
1683763200,0.3422,0.3422,0.3349,0.3349,85,2
1683849600,0.3183,0.3367,0.3181,0.3367,3091.4651581,9
1683936000,0.3362,0.3372,0.3352,0.3372,1479.04808634,4
1684022400,0.3324,0.3337,0.3319,0.3334,506.44751793,4
1684108800,0.3335,0.3352,0.3335,0.3352,346.77983,2
1684195200,0.3365,0.3385,0.3365,0.3385,299.47574134,3
1684281600,0.3354,0.3354,0.3354,0.3354,22.11191,1
1684368000,0.3461,0.3465,0.332,0.3344,2355.66736093,13
1684454400,0.3343,0.3343,0.3343,0.3343,15,1
1684540800,0.3421,0.3437,0.3384,0.3437,156.16423,9
1684627200,0.337,0.337,0.337,0.337,15,1
1684713600,0.3332,0.3364,0.3159,0.3301,1342.37239027,13
1684800000,0.3311,0.3336,0.3304,0.3335,1056.82311649,6
1684886400,0.3207,0.3217,0.3159,0.3198,1362.71918906,16
1684972800,0.3246,0.3246,0.3178,0.3178,424.5894079,6
1685059200,0.3212,0.324,0.3199,0.3211,484.081,9
1685145600,0.3223,0.3225,0.3223,0.3225,45,3
1685232000,0.3263,0.3263,0.3263,0.3263,23.1569,1
1685318400,0.3248,0.3268,0.3237,0.3261,445.24985681,7
1685404800,0.3234,0.3263,0.3076,0.3249,4396.67620049,25
1685491200,0.3251,0.3251,0.3182,0.3197,878.59251162,5
1685577600,0.318,0.3217,0.3167,0.318,270.70154,10
1685664000,0.3194,0.3274,0.3194,0.3221,773.89394246,7
1685750400,0.33,0.33,0.3248,0.3274,4527.20169826,12
1685836800,0.3257,0.33,0.325,0.33,7948.75503934,36
1685923200,0.3192,0.3248,0.2902,0.2952,1668.89180191,17
1686009600,0.2945,0.3082,0.2945,0.3082,2618.87700811,12
1686096000,0.29,0.29,0.2846,0.2846,619.4707693,6
1686182400,0.2926,0.2926,0.2909,0.2909,53.79711,3
1686268800,0.289,0.2999,0.2847,0.2884,1224.2198491,16
1686355200,0.2763,0.2763,0.2526,0.2644,3951.7841631,27
1686441600,0.2567,0.2567,0.255,0.255,288.10855491,3
1686528000,0.2502,0.2502,0.2389,0.248,3413.9597273,23
1686614400,0.256,0.2693,0.253,0.253,2435.66808044,13
1686700800,0.2565,0.2664,0.2484,0.2484,1506.18824264,15
1686787200,0.249,0.2952,0.244,0.2531,8530.29166938,41
1686873600,0.2642,0.3031,0.2464,0.257,7214.31334328,38
1686960000,0.2523,0.2644,0.2392,0.2535,8036.11850031,40
1687046400,0.2518,0.2533,0.2518,0.2519,636.23761428,4
1687132800,0.253,0.2767,0.253,0.2639,4735.16477648,25
1687219200,0.2603,0.2682,0.2592,0.2682,4925.44173437,10
1687305600,0.267,0.282,0.2619,0.282,5401.64779998,28
1687392000,0.2803,0.34,0.2734,0.289,15603.84507932,54
1687478400,0.2887,0.2993,0.2726,0.2945,4574.70778876,36
1687564800,0.2926,0.2961,0.2877,0.2877,276.25257714,9
1687651200,0.2945,0.2945,0.2873,0.2894,1275.5360102,6
1687737600,0.2834,0.2998,0.2833,0.2838,660.15779883,7
1687824000,0.288,0.2917,0.287,0.2888,615.28415456,15
1687910400,0.2826,0.2826,0.2725,0.2725,648.05781,6
1687996800,0.2829,0.2838,0.2771,0.2838,692.121365,6
1688083200,0.2766,0.2861,0.2766,0.2832,326.25431025,5
1688169600,0.2866,0.3022,0.2866,0.2975,1186.15810671,10
1688256000,0.2906,0.2906,0.2906,0.2906,339.03,1
1688342400,0.2968,0.3093,0.2968,0.3093,3830.45014531,19
1688428800,0.3027,0.3203,0.3027,0.3137,312.01647398,8
1688515200,0.2976,0.3191,0.287,0.3101,2066.80177323,13
1688601600,0.3347,0.34,0.3076,0.3144,3741.81208889,35
1688688000,0.2946,0.3237,0.2946,0.2975,1016.81560835,7
1688860800,0.3071,0.3224,0.3065,0.3065,2126.53848881,11
1688947200,0.2964,0.2964,0.2964,0.2964,16.426,1
1689033600,0.2993,0.3363,0.2965,0.3074,2727.60561422,16
1689206400,0.2872,0.306,0.2872,0.306,2596.26473057,21
1689292800,0.2991,0.3008,0.2889,0.2945,1190.22299381,7
1689379200,0.2969,0.3545,0.2967,0.301,2923.34194218,31
1689465600,0.301,0.301,0.291,0.3005,1243.83499591,9
1689552000,0.2973,0.2973,0.2911,0.2911,139.52846995,4
1689724800,0.2832,0.2832,0.2802,0.2802,65.79098067,2
1689811200,0.2776,0.2788,0.2772,0.2787,2206.93644474,16
1689897600,0.2786,0.2967,0.2742,0.2967,2125.41862034,35
1689984000,0.297,0.3082,0.297,0.3006,1018.28040403,10
1690070400,0.2879,0.2879,0.2879,0.2879,15,1
1690156800,0.2899,0.3159,0.2823,0.283,3830.56018452,29
1690243200,0.2841,0.2876,0.2777,0.2876,958.55761156,10
1690329600,0.282,0.2893,0.282,0.2893,195,3
1690416000,0.2839,0.2904,0.2839,0.288,591.19126423,3
1690502400,0.2908,0.2921,0.2908,0.2921,105,2
1690588800,0.3094,0.3159,0.3014,0.3021,570.41888865,6
1690675200,0.303,0.303,0.2906,0.2906,285.42092399,7
1690761600,0.2846,0.2846,0.2833,0.2833,317.52306695,4
1691020800,0.2833,0.36,0.2831,0.2839,3388.31192584,22
1691107200,0.2778,0.2778,0.2778,0.2778,282.43621,1
1691193600,0.2792,0.2811,0.2792,0.2811,379.19915782,3
1691280000,0.2816,0.2818,0.277,0.2774,1363.56253994,12
1691366400,0.2824,0.2935,0.2693,0.2782,1786.25910529,17
1691452800,0.2743,0.2866,0.2703,0.2853,1507.65090392,11
1691539200,0.2894,0.2894,0.2799,0.2835,299.93178457,6
1691625600,0.2784,0.2784,0.2748,0.2755,2462.55871625,25
1691712000,0.2795,0.296,0.2709,0.2743,545.60775347,8
1691798400,0.2743,0.2845,0.2743,0.2845,6E+1,2
1691971200,0.2757,0.2969,0.2757,0.2951,3509.1183243,25
1692057600,0.296,0.3039,0.2753,0.2753,1031.71976402,13
1692144000,0.2751,0.2843,0.2559,0.2559,4593.46416644,24
1692230400,0.2558,0.264,0.2036,0.2348,1421.13893269,11
1692316800,0.2438,0.277,0.2361,0.2395,2999.90925023,25
1692403200,0.2389,0.261,0.2293,0.2395,3075.51251267,21
1692489600,0.2374,0.2395,0.2374,0.2395,494.53817033,3
1692576000,0.2374,0.2609,0.2373,0.2437,5982.27967879,27
1692662400,0.24,0.242,0.2388,0.2393,2318.59320105,13
1692748800,0.2416,0.2416,0.2416,0.2416,369.86616,1
1692835200,0.2434,0.2474,0.2415,0.2474,249.78293769,4
1692921600,0.2423,0.2423,0.2392,0.2397,277.32002253,3
1693008000,0.2382,0.2385,0.2382,0.2385,386.30117,2
1693094400,0.2403,0.2447,0.239,0.2447,767.81436946,6
1693267200,0.2325,0.2606,0.2313,0.2448,6344.21315044,34
1693353600,0.2427,0.2427,0.2381,0.2381,84.81073722,4
1693440000,0.2363,0.2363,0.2346,0.235,1120.18334976,7
1693612800,0.2355,0.2355,0.2355,0.2355,190.6779661,1
1693699200,0.2354,0.2354,0.2354,0.2354,57.41999,1
1693785600,0.2345,0.2345,0.2339,0.234,496.14587767,3
1693872000,0.2316,0.2487,0.2316,0.246,1083.61316472,12
1693958400,0.2385,0.2385,0.2385,0.2385,1.7E+2,1
1694044800,0.2413,0.2414,0.2403,0.2403,128.92950499,3
1694131200,0.2534,0.2535,0.2408,0.244,850.88259226,6
1694217600,0.2517,0.269,0.2437,0.25,3593.75572638,21
1694304000,0.2422,0.2593,0.2364,0.2406,4839.18590588,35
1694390400,0.2315,0.2335,0.2307,0.2335,283.3599718,4
1694476800,0.2318,0.2318,0.2293,0.2293,146.75367164,2
1694563200,0.2312,0.2312,0.2312,0.2312,45,1
1694649600,0.2421,0.2425,0.235,0.235,313.85884891,3
1694736000,0.2373,0.2373,0.2373,0.2373,15,1
1694822400,0.2385,0.2385,0.2304,0.2357,3306.65467711,16
1694908800,0.2385,0.2442,0.2358,0.2398,2683.83898012,18
1694995200,0.2386,0.2439,0.2311,0.2439,1776.84359044,12
1695081600,0.2478,0.2479,0.2427,0.2427,1096.17963664,5
1695254400,0.2448,0.2459,0.2358,0.2422,1067.8816487,5
1695340800,0.2334,0.2341,0.2334,0.2341,416.31293,2
1695427200,0.2357,0.2917,0.2356,0.2483,4869.07909021,26
1695513600,0.2407,0.2426,0.2407,0.2426,100.73476366,3
1695600000,0.2444,0.2873,0.2401,0.2596,12792.0297203,73
1695686400,0.2478,0.2509,0.245,0.2457,1944.10171713,10
1695772800,0.2466,0.2643,0.2466,0.2643,1082.73006938,12
1695859200,0.277,0.311,0.268,0.31,790.63405746,11
1695945600,0.2649,0.295,0.2494,0.2603,9706.54053365,78
1696032000,0.2622,0.2658,0.2487,0.26,2307.35605552,13
1696118400,0.26,0.2645,0.26,0.2627,1238.9664208,7
1696204800,0.2647,0.2647,0.2599,0.2604,499.54104779,4
1696291200,0.2604,0.2604,0.2515,0.2578,909.02542718,4
1696377600,0.2553,0.2604,0.2553,0.2604,232.13099937,3
1696550400,0.252,0.2551,0.252,0.2551,122.79784892,2
1696636800,0.2623,0.2774,0.259,0.259,1577.53682526,15
1696809600,0.2507,0.2507,0.2471,0.2471,3448.59631412,15
1696896000,0.2449,0.2615,0.2441,0.2515,2601.38051672,16
1696982400,0.2515,0.2515,0.2312,0.2508,1971.89999584,9
1697068800,0.2457,0.2457,0.237,0.2432,1429.11127199,9
1697155200,0.2443,0.2443,0.2443,0.2443,100.821,1
1697241600,0.2465,0.2588,0.2465,0.2588,668.27275141,9
1697328000,0.257,0.257,0.257,0.257,175.09727626,1
1697414400,0.2578,0.2667,0.2578,0.2636,300.10608103,4
1697500800,0.2599,0.2672,0.2599,0.2602,2567.59942133,17
1697587200,0.2614,0.2614,0.26,0.26,109.24570688,2
1697673600,0.2558,0.2558,0.2558,0.2558,77.38440704,1
1697846400,0.2655,0.2655,0.2653,0.2653,665.96154535,3
1697932800,0.2684,0.2684,0.2683,0.2683,1168.19449035,11
1698019200,0.2729,0.2729,0.2709,0.2709,1015.6538851,5
1698105600,0.2748,0.2843,0.2748,0.284,880.48107044,7
1698192000,0.2812,0.2812,0.2812,0.2812,87.957,1
1698278400,0.2841,0.2878,0.278,0.2878,1378.9707283,11
1698364800,0.3005,0.3005,0.2808,0.2953,491.68229065,4
1698451200,0.2864,0.3071,0.27,0.2856,3406.10213961,33
1698537600,0.2805,0.2916,0.2774,0.2904,4576.72545994,28
1698624000,0.2904,0.3096,0.2828,0.2888,45554.7454221,179
1698710400,0.2905,0.2927,0.2888,0.2888,12659.28093561,43
1698796800,0.2898,0.321,0.2896,0.3073,2686.65330787,25
1698883200,0.3099,0.3245,0.2995,0.2995,3394.59532979,31
1698969600,0.3013,0.3323,0.3012,0.3099,2867.57438183,17
1699056000,0.3145,0.3186,0.3008,0.3186,1026.11833678,7
1699142400,0.3176,0.36,0.3176,0.3338,13015.75866847,67
1699228800,0.3329,0.3429,0.3176,0.3384,4233.39219913,29
1699315200,0.3269,0.3319,0.3158,0.3229,5651.82580328,26
1699401600,0.326,0.3501,0.3137,0.3415,1553.59609055,15
1699488000,0.3412,0.36,0.3329,0.36,11821.01375119,70
1699574400,0.36,0.3828,0.3456,0.352,8194.43713599,46
1699660800,0.3574,0.3753,0.3451,0.355,9868.49854656,49
1699747200,0.3624,0.3624,0.341,0.3475,13530.61003753,71
1699833600,0.3476,0.3491,0.3311,0.334,6082.01094545,39
1699920000,0.33,0.3336,0.3154,0.3162,5413.97782049,45
1700006400,0.3283,0.3417,0.3184,0.3324,5803.3461513,48
1700092800,0.3293,0.4,0.3091,0.3168,14590.74435975,103
1700179200,0.3222,0.4,0.3082,0.3249,9880.89834198,62
1700265600,0.3199,0.3199,0.3199,0.3199,387.71882737,2
1700352000,0.3198,0.3977,0.3198,0.3476,3982.47492547,46
1700438400,0.3421,0.3847,0.3007,0.3479,6341.3387839,50
1700524800,0.341,0.341,0.3184,0.3277,2357.3248359,22
1700611200,0.3212,0.3388,0.3164,0.3388,1852.20749171,8
1700697600,0.3451,0.3479,0.3399,0.34,994.8430619,6
1700784000,0.34,0.3547,0.337,0.3427,2877.76393544,20
1700870400,0.348,0.4,0.3475,0.3634,5714.84063714,33
1700956800,0.3669,0.3809,0.3592,0.37,9709.18865395,74
1701043200,0.37,0.4185,0.3448,0.38,48394.34900411,212
1701129600,0.3817,0.3817,0.3649,0.3734,2448.0226337,20
1701216000,0.3694,0.3795,0.3541,0.3583,2755.33009676,22
1701302400,0.364,0.5,0.3637,0.43,70230.18337155,334
1701388800,0.4417,0.4626,0.3967,0.4052,22384.91440089,192
1701475200,0.4037,0.4163,0.3989,0.3993,7681.40141597,49
1701561600,0.4075,0.4108,0.3933,0.41,9188.05390051,51
1701648000,0.4175,0.485,0.4094,0.4481,4942.5726245,68
1701734400,0.4442,0.4663,0.4324,0.4632,1391.95319635,27
1701820800,0.4692,0.89,0.461,0.6836,98659.2680513,765
1701907200,0.7002,0.88,0.5762,0.5883,35316.90942707,295
1701993600,0.5978,0.6595,0.5839,0.5989,12327.59022729,146
1702080000,0.6146,0.7111,0.5882,0.6952,21200.72241656,202
1702166400,0.7086,0.8037,0.6175,0.693,19730.50023731,197
1702252800,0.6928,0.8059,0.6575,0.7134,7106.97328092,93
1702339200,0.7237,0.8231,0.6949,0.76,13442.98151577,125
1702425600,0.6969,0.7141,0.6475,0.6952,2715.87435152,48
1702512000,0.6827,0.7416,0.6701,0.7124,5386.76124576,82
1702598400,0.7227,1.1232,0.7227,0.9874,65673.40838253,565
1702684800,0.9427,1.1146,0.8481,0.9016,20578.01792062,230
1702771200,0.8768,1.1,0.82,0.935,27740.62144971,286
1702857600,0.9269,1.0724,0.8,0.913,28408.96261338,267
1702944000,0.9358,0.9707,0.8953,0.9008,10635.83982646,97
1703030400,0.8975,1.1,0.8884,1.0222,93757.1833550301,516
1703116800,1.0143,1.25,1.0143,1.0799,32590.1889259,261
1703203200,1.1097,1.1554,0.9909,1.0285,9602.5259609,129
1703289600,1.0552,1.0964,1.0273,1.0553,2153.9981143,28
1703376000,1.0728,1.1058,0.9684,0.9685,8410.05748789,92
1703462400,0.9684,1.041,0.9684,1.0266,7572.52485662,63
1703548800,0.9718,1.0694,0.9352,1.0509,1837.32324198,31
1703635200,1.0157,1.0157,0.9345,0.9742,1999.17342901,30
1703721600,0.9691,0.9691,0.8043,0.8569,2464.30187924,48
1703808000,0.8813,0.8814,0.8397,0.8747,1577.92069234,18
1703894400,0.8613,0.901,0.84,0.8459,42945.67740994,247
1703980800,0.8459,0.8957,0.84,0.84,22348.3264055,167
1704067200,0.8327,0.8613,0.822,0.8515,1735.94860688,18
1704153600,0.8945,0.96,0.8578,0.8952,7920.50858345,63
1704240000,0.8702,0.8777,0.7585,0.7845,4917.00578326,32
1704326400,0.8074,1.06,0.8068,0.8501,8213.5137851,86
1704412800,0.87,0.87,0.7598,0.7876,22657.6672477,199
1704499200,0.786,0.789,0.7353,0.768,2292.92885152,23
1704585600,0.7729,0.8551,0.71,0.745,11173.56768035,87
1704672000,0.7316,0.8354,0.5861,0.7644,64170.02342988,388
1704758400,0.7512,0.7603,0.6933,0.7603,13829.48586163,79
1704844800,0.7168,0.8245,0.6759,0.7564,5318.68270442,49
1704931200,0.7605,0.95,0.7605,0.7912,9885.57369396,70
1705017600,0.7861,0.7968,0.7364,0.7453,2418.23679834,34
1705104000,0.7307,0.7576,0.7107,0.722,2175.04129707,18
1705190400,0.7254,0.9739,0.6836,0.8344,41538.53948585,174
1705276800,0.8488,0.874,0.784,0.784,10339.3259461,98
1705363200,0.7885,0.98,0.7645,0.8021,8196.51195972,49
1705449600,0.7909,0.7989,0.7738,0.7926,2423.80016736,13
1705536000,0.757,0.757,0.7014,0.7161,12235.788645,77
1705622400,0.7066,0.7312,0.6862,0.7286,6572.5276405,39
1705708800,0.7302,0.739,0.713,0.739,336.98284782,8
1705795200,0.7229,0.8999,0.7229,0.745,4169.00039713,40
1705881600,0.7321,0.7563,0.685,0.685,1731.67918091,20
1705968000,0.685,0.6935,0.6286,0.6668,1217.44292629,27
1706054400,0.6989,0.7193,0.6794,0.6794,137.89058579,5
1706140800,0.6667,0.6696,0.6632,0.6632,334.863,4
1706227200,0.6604,0.6803,0.6604,0.6803,340.14175954,4
1706313600,0.6731,0.8373,0.6692,0.7475,8677.63837674,88
1706400000,0.7475,0.92,0.7307,0.7505,8130.01750236,70
1706486400,0.7161,0.7402,0.681,0.7244,8989.55478998,65
1706572800,0.7296,0.735,0.7189,0.723,5928.03047436,20
1706659200,0.7043,0.7338,0.6786,0.6926,590.53088642,12
1706745600,0.6972,0.71,0.6903,0.7098,4204.86776729,30
1706832000,0.7067,0.7315,0.6985,0.7087,7649.91899241,35
1706918400,0.7,0.7,0.6918,0.6918,71.506,2
1707004800,0.683,0.6896,0.683,0.6868,574.3138634,6
1707091200,0.6882,0.6882,0.6745,0.6813,502.16945144,4
1707177600,0.6867,0.6868,0.665,0.6775,488.90322707,8
1707264000,0.6856,0.7449,0.6856,0.7444,619.46223007,13
1707350400,0.7122,0.7214,0.7007,0.7041,209.95929533,8
1707436800,0.7145,0.735,0.7109,0.735,294.03579733,8
1707523200,0.74,0.82,0.74,0.744,2447.81752128,15
1707609600,0.734,0.81,0.7014,0.7388,7437.2503492,52
1707696000,0.7375,0.803,0.7237,0.7993,6784.78915218,57
1707782400,0.7558,0.8422,0.7477,0.802,4516.43761098,46
1707868800,0.7929,0.92,0.7922,0.821,11364.14675265,107
1707955200,0.8298,0.8413,0.7915,0.8083,6788.65441203,111
1708041600,0.8144,0.8963,0.7664,0.8107,5104.40232036,109
1708128000,0.8129,0.8182,0.798,0.8117,4330.77282375,55
1708214400,0.8205,0.87,0.8113,0.8435,3560.04885591,40
1708300800,0.8557,0.9999,0.8487,0.865,22956.40259517,249
1708387200,0.865,0.865,0.8113,0.824,912.3428276,22
1708473600,0.8259,0.8395,0.7964,0.8165,1046.27749861,20
1708560000,0.8108,0.92,0.8099,0.8704,4150.43601432,41
1708646400,0.843,0.8434,0.7793,0.8243,8186.01719774,45
1708732800,0.8131,0.8435,0.8131,0.8332,584.0563155,8
1708819200,0.8466,0.98,0.8465,0.8786,3965.30119392,57
1708905600,0.8913,0.9589,0.8854,0.9233,11738.45012322,126
1708992000,0.9073,0.972,0.903,0.934,9130.01092397,85
1709078400,0.9438,1.01,0.8976,1.0003,6381.14863928,80
1709164800,0.9735,1.0795,0.9728,0.9786,4501.24960875,52
1709251200,0.9992,1.092,0.9311,1.0078,11321.01850059,58
1709337600,1.0102,1.0304,0.9759,0.9995,446.002306,17
1709424000,0.9901,1.0325,0.9755,1.0144,3245.22220426,20
1709510400,1.0147,1.085,0.9756,1.0038,2341.65937984,39
1709596800,1.0016,1.092,0.918,0.9725,12477.42480936,78
1709683200,0.9771,1.08,0.891,0.9745,24886.36426998,149
1709769600,0.9591,0.983,0.8914,0.9185,4010.13925163,53
1709856000,0.9507,1.08,0.8449,0.9054,14660.46339649,150
1709942400,0.9119,0.9837,0.8752,0.9097,5516.75057863,60
1710028800,0.8815,1.04,0.8815,0.8968,5189.21180365,60
1710115200,0.8953,0.9269,0.877,0.9052,60401.7774108101,742
1710201600,0.9217,1.04,0.8943,0.9524,54866.66835488,270
1710288000,0.9641,1.0245,0.783,0.9996,16637.03428874,71
1710374400,0.9959,1.015,0.9278,0.9603,2868.53060736,65
1710460800,0.9792,0.9792,0.8804,0.8804,14954.61002238,179
1710547200,0.9103,0.9331,0.8129,0.8209,9618.45808483,155
1710633600,0.7963,1.015,0.783,0.9237,9683.67158204,101
1710720000,0.9371,0.9371,0.867,0.9081,1586.78382184,26
1710806400,0.8602,0.8653,0.8142,0.8142,23668.2617303,181
1710892800,0.8197,1.015,0.7918,0.9243,11968.48217443,145
1710979200,0.9279,0.9683,0.8855,0.9155,4406.00352531,45
1711065600,0.9176,1.0073,0.9104,0.937,7294.22560351,117
1711152000,0.9422,1.04,0.9231,0.9765,9347.48077141,119
1711238400,0.9764,1.0153,0.9467,0.9819,8697.90903576,88
1711324800,0.9664,1.04,0.9656,1.0002,4323.06838414,89
1711411200,1.0093,1.04,1.0015,1.04,17696.70472413,194
1711497600,1.04,1.0618,0.9977,1.0555,21619.32024427,172
1711584000,1.055,1.179,1.0452,1.12,18736.43748147,281
1711670400,1.12,1.1539,1.09,1.1173,6374.25937448,88
1711756800,1.1499,1.15,1.1002,1.1157,1316.74091563,23
1711843200,1.1278,1.1603,1.0753,1.0753,2755.48474702,48
1711929600,1.1204,1.179,1.05,1.074,16770.63572903,62
1712016000,1.05,1.06,0.98,0.9863,23043.99819883,359
1712102400,0.975,1.0332,0.964,0.9901,7755.90628944,128
1712188800,1.0045,1.1265,0.9804,1.0346,6241.41616172,108
1712275200,1.0178,1.0215,0.9727,1.0215,2858.96218678,30
1712361600,1.0428,1.0805,1.0365,1.0499,1494.87248414,28
1712448000,1.0451,1.0982,1.0383,1.0539,5220.81819262,57
1712534400,1.0559,1.0964,1.046,1.0565,2689.93121115,27
1712620800,1.0684,1.0684,1.0204,1.0552,1036.02687374,26
1712707200,1.0189,1.0643,1.0039,1.015,3103.21250842,27
1712793600,1.0151,1.0627,0.8931,0.9199,28118.94090002,424
1712880000,0.9434,1.0237,0.7688,0.8285,5501.48484563,62
1712966400,0.7988,0.8158,0.6852,0.7244,5124.33753577,82
1713052800,0.7379,0.8344,0.7267,0.7601,3434.45672109,39
1713139200,0.7731,0.913,0.7286,0.745,7233.32034767,68
1713225600,0.7393,0.7492,0.7092,0.7092,634.65937205,9
1713312000,0.76,0.7616,0.7046,0.7389,404.45628194,7
1713398400,0.7458,0.8151,0.736,0.736,5066.63449237,41
1713484800,0.7253,0.7682,0.7244,0.7462,904.70850842,20
1713571200,0.745,0.779,0.745,0.779,15021.61922538,276
1713657600,0.7749,0.7749,0.7461,0.7461,844.59184939,9
1713744000,0.7824,0.8151,0.7824,0.8025,1142.59916866,18
1713830400,0.8103,0.8455,0.8045,0.8455,700.89302129,9
1713916800,0.8363,0.8524,0.7752,0.7752,467.54948087,15
1714003200,0.7493,0.7872,0.7327,0.748,1735.40283409,26
1714089600,0.7404,0.7446,0.7073,0.7086,584.43810441,14
1714176000,0.7073,0.7184,0.705,0.7184,511.54540314,5
1714262400,0.7255,0.7428,0.6959,0.6996,2252.07650649,28
1714348800,0.6966,0.7088,0.6772,0.7088,276.53551,8
1714435200,0.7095,0.7418,0.6484,0.6671,2116.00929003,29
1714521600,0.6683,0.7213,0.6562,0.6775,1938.59474079,28
1714608000,0.6653,0.6968,0.6473,0.6864,2730.60905487,50
1714694400,0.6913,0.726,0.6617,0.6973,1569.71835807,21
1714780800,0.6943,0.7028,0.6943,0.7028,56.57165623,2
1714867200,0.6888,0.6987,0.6888,0.6987,258.37104757,4
1714953600,0.6987,0.7096,0.6793,0.6872,699.94342914,16
1715040000,0.6871,0.6958,0.6785,0.6809,753.29816216,16
1715126400,0.677,0.6863,0.675,0.6863,305.37893741,5
1715212800,0.6814,0.7,0.6623,0.673,3276.27351357,20
1715299200,0.6814,0.6854,0.6694,0.6743,357.91627447,7
1715385600,0.6818,0.6818,0.6818,0.6818,69.5991,1
1715472000,0.6792,0.6792,0.6792,0.6792,215.24459402,1
1715558400,0.6448,0.6448,0.5912,0.6397,2533.68607251,30
1715644800,0.6423,0.6578,0.6063,0.6063,390.50807935,11
1715731200,0.6161,0.6544,0.6161,0.6544,645.9789907,14
1715817600,0.6582,0.6687,0.6452,0.6452,255.55090152,10
1715904000,0.6616,0.6755,0.6616,0.6659,2690.18105822,20
1715990400,0.6754,0.6811,0.6748,0.6811,863.80013878,26
1716076800,0.6872,0.692,0.6734,0.6734,123.87804678,4
1716163200,0.6716,0.6833,0.6562,0.6718,2984.15507864,27
1716249600,0.6718,0.6765,0.6539,0.6539,1062.98770449,12
1716336000,0.6544,0.6752,0.6423,0.6447,361.64836551,5
1716422400,0.6561,0.6654,0.6516,0.6654,446.18549712,8
1716508800,0.6364,0.6364,0.6338,0.6338,262.00054278,4
1716595200,0.6391,0.6391,0.626,0.634,772.24104827,11
1716768000,0.6629,0.6734,0.51,0.6662,5687.16410982,48
1716854400,0.6595,0.6734,0.6595,0.6614,607.24594411,14
1716940800,0.6708,0.6734,0.6708,0.6734,225.02464863,2
1717027200,0.665,0.665,0.665,0.665,40.51819548,2
1717113600,0.6534,0.6826,0.6467,0.6489,290.85657289,4
1717200000,0.6498,0.6552,0.6458,0.6552,65.34271247,3
1717286400,0.6358,0.6358,0.6358,0.6358,228.30532543,2
1717372800,0.6446,0.6483,0.6446,0.6483,59.06439251,2
1717459200,0.6475,0.6619,0.6381,0.6619,849.11963679,14
1717545600,0.6633,0.6781,0.6633,0.6781,437.7,6
1717632000,0.6739,0.6752,0.6739,0.6752,276.8605553,3
1717718400,0.6369,0.6369,0.6244,0.6244,164.46051267,7
1717804800,0.6243,0.6326,0.5989,0.6084,565.64488725,8
1717891200,0.6044,0.6274,0.6044,0.6274,839.78699808,5
1717977600,0.6109,0.6157,0.6027,0.6157,394.45777703,4
1718064000,0.6016,0.6048,0.5828,0.5828,631.1542661,13
1718150400,0.6143,0.6472,0.6053,0.6086,714.7158268,7
1718236800,0.628,0.628,0.5942,0.5942,32.50602,2
1718323200,0.5976,0.6309,0.5668,0.5837,1548.11005071,15
1718409600,0.5935,0.5975,0.5925,0.5975,360.59301136,4
1718496000,0.5905,0.596,0.5798,0.5798,290.0192399,3
1718582400,0.5782,0.5931,0.5349,0.553,2267.1989914,28
1718668800,0.5341,0.5467,0.4917,0.5112,2978.86280212,33
1718755200,0.557,0.557,0.5254,0.5295,553.77660836,8
1718841600,0.5549,0.555,0.5403,0.5474,339.53930438,4
1718928000,0.5292,0.5329,0.5184,0.5278,363.30021878,8
1719014400,0.5175,0.518,0.5175,0.518,56.7366466,2
1719100800,0.5181,0.5181,0.5083,0.5083,674.88530619,4
1719187200,0.5022,0.5084,0.4969,0.4969,148.04835585,3
1719273600,0.5198,0.5298,0.5198,0.5298,373.97381881,3
1719360000,0.5267,0.5301,0.5231,0.5262,369.3011165,5
1719446400,0.5104,0.5232,0.5104,0.5232,76,3
1719532800,0.5238,0.5327,0.5238,0.5327,78.53969108,5
1719619200,0.523,0.5231,0.4939,0.5082,575.72843046,10
1719705600,0.4937,0.4984,0.4937,0.4984,101.79149581,3
1719792000,0.5133,0.5134,0.469,0.469,1234.90841327,30
1719878400,0.4614,0.4614,0.4301,0.432,1270.9797124,15
1719964800,0.4286,0.4286,0.3971,0.3971,1346.74212348,14
1720051200,0.4034,0.4037,0.3745,0.3745,193.50077121,8
1720137600,0.368,0.3745,0.3307,0.364,2864.0293305,29
1720224000,0.358,0.3729,0.3564,0.3714,194.25593741,5
1720310400,0.3782,0.3782,0.3586,0.3586,169.79692462,4
1720396800,0.3478,0.3478,0.2673,0.3039,16798.10259734,135
1720483200,0.2946,0.4126,0.2826,0.3434,12697.21109975,108
1720569600,0.3299,0.345,0.2987,0.3002,11151.97248131,86
1720656000,0.3028,0.3248,0.2773,0.28,9527.0963851,77
1720742400,0.2883,0.4963,0.2883,0.339,10607.5954725,69
1720828800,0.329,0.4179,0.2928,0.3434,13384.24267449,101
1720915200,0.3492,0.4024,0.3213,0.3678,4930.78291866,42
1721001600,0.369,0.369,0.3285,0.3647,405.31666907,6
1721088000,0.3459,0.3459,0.32,0.3311,3000.63552882,21
1721174400,0.331,0.331,0.32,0.32,1.6E+3,11
1721260800,0.3111,0.3244,0.2959,0.2959,49703.53409377,80
1721347200,0.2928,0.319,0.2801,0.2997,9703.24114534,44
1721433600,0.3042,0.3144,0.2841,0.2955,4423.5372374,36
1721520000,0.3077,0.3205,0.284,0.284,3294.12596798,31
1721606400,0.284,0.3103,0.2717,0.2931,11126.04413105,57
1721692800,0.278,0.2881,0.2604,0.2682,7345.14729807,40
1721779200,0.2618,0.2811,0.254,0.254,2214.70354864,13
1721865600,0.275,0.3959,0.25,0.2712,43833.74933538,126
1721952000,0.293,0.293,0.2632,0.2787,2942.19747281,18
1722038400,0.2831,0.2968,0.2726,0.2807,7019.96513349,12
1722124800,0.2806,0.2808,0.271,0.2775,347.60261388,6
1722211200,0.261,0.2767,0.261,0.2692,568.62906857,5
1722297600,0.2773,0.2852,0.26,0.26,1640.76570719,11
1722384000,0.2588,0.2642,0.251,0.251,967.13773909,32
1722470400,0.2502,0.2582,0.24,0.2472,5123.60048733,41
1722556800,0.2693,0.2828,0.225,0.2534,5322.08232731,33
1722643200,0.2484,0.2908,0.231,0.2424,9785.28048151,30
1722729600,0.2577,0.2577,0.234,0.2534,613.87056085,6
1722816000,0.188,0.2271,0.1879,0.1985,9366.11092213,33
1722902400,0.2004,0.2449,0.2004,0.2057,3292.04653132,35
1722988800,0.2167,0.2247,0.1821,0.1821,2967.84212624,35
1723075200,0.2234,0.2234,0.2122,0.2122,90.29475738,2
1723161600,0.2299,0.3157,0.2144,0.2872,24182.9861784,115
1723248000,0.2473,0.2704,0.2368,0.2567,4539.6072288,21
1723334400,0.2668,0.2685,0.2123,0.2262,2052.09622255,9
1723420800,0.2202,0.2437,0.2197,0.2388,2493.37775991,18
1723507200,0.2283,0.2283,0.2283,0.2283,341.65571616,1
1723593600,0.2287,0.2758,0.2263,0.2441,3928.27046181,19
1723680000,0.2444,0.2549,0.224,0.2388,4265.40297826,17
1723766400,0.2204,0.2469,0.215,0.2228,3723.26752717,13
1723852800,0.2167,0.2293,0.2166,0.2293,1144.30958613,4
1723939200,0.2261,0.2261,0.2208,0.2253,286.27231,3
1724025600,0.2152,0.2364,0.2152,0.2152,2273.06811,12
1724112000,0.2352,0.2387,0.2181,0.2387,9684.10838287,31
1724198400,0.225,0.2353,0.225,0.233,3637.07800753,13
1724284800,0.2247,0.2247,0.2243,0.2243,463.99999,2
1724371200,0.2257,0.2599,0.2257,0.24,1115.9624426,9
1724457600,0.24,0.2565,0.2309,0.2549,3480.63354187,10
1724544000,0.2369,0.2417,0.227,0.2417,1672.18107948,15
1724630400,0.2391,0.2391,0.2267,0.2388,5979.71941509,17
1724716800,0.2233,0.2233,0.2233,0.2233,175.27253918,2
1724803200,0.234,0.234,0.2103,0.2288,1422.76319359,7
1724889600,0.2235,0.2235,0.2235,0.2235,950.51946308,1
1724976000,0.2136,0.2307,0.2136,0.2307,471.92975639,4
1725062400,0.2131,0.2403,0.2131,0.2402,6000.10552432,12
1725148800,0.2158,0.2302,0.21,0.23,3068.83788449,12
1725235200,0.2031,0.2289,0.2031,0.2289,797.852825,4
1725408000,0.2034,0.2225,0.185,0.2206,5080.15545293,30
1725494400,0.2172,0.2172,0.2172,0.2172,46.04051563,1
1725580800,0.2343,0.4501,0.2343,0.3247,83916.53856194,193
1725667200,0.3058,0.4891,0.2949,0.3345,74606.4453330501,457
1725753600,0.3403,0.3907,0.3208,0.3348,22166.70428436,127
1725840000,0.3247,0.3455,0.3033,0.3099,7085.67083951,70
1725926400,0.3186,0.3355,0.2914,0.2959,10911.94067854,53
1726012800,0.2936,0.2936,0.2763,0.2809,5125.47876278,24
1726099200,0.3069,0.3989,0.3069,0.3275,20829.65889598,114
1726185600,0.3244,0.3457,0.3126,0.326,10330.05174476,40
1726272000,0.3158,0.3362,0.3106,0.3301,807.71312136,20
1726358400,0.31,0.3397,0.31,0.3131,2224.96982691,18
1726444800,0.321,0.35,0.3131,0.3448,5412.97394199,21
1726531200,0.3158,0.3327,0.2977,0.3248,6440.95320357,23
1726617600,0.3051,0.3209,0.3006,0.3209,4541.14630308,17
1726704000,0.3041,0.3231,0.2959,0.3085,6705.39603446,23
1726790400,0.3064,0.32,0.2966,0.3084,1821.55232642,21
1726876800,0.3007,0.3129,0.2795,0.3074,11126.98930439,82
1726963200,0.2866,0.2913,0.2816,0.2913,2495.76862206,9
1727049600,0.3003,0.3003,0.2816,0.291,2889.960532,8
1727136000,0.2849,0.3037,0.2809,0.3037,2712.12385716,21
1727222400,0.2964,0.3293,0.2745,0.2745,9054.01574599,22
1727308800,0.2859,0.313,0.2856,0.313,1293.5299218,6
1727395200,0.2995,0.2995,0.2995,0.2995,333.88981636,7
1727481600,0.2849,0.2964,0.2837,0.2964,306.204,3
1727568000,0.2947,0.2947,0.2747,0.2836,2315.08487811,8
1727654400,0.2835,0.2835,0.2745,0.2745,545.49249195,5
1727740800,0.277,0.2984,0.2533,0.2612,4795.82961589,27
1727827200,0.2685,0.3047,0.2672,0.2708,12305.22765522,26
1728000000,0.2819,0.282,0.2819,0.282,77.34965038,2
1728086400,0.2664,0.3485,0.26,0.2932,17430.85168164,79
1728172800,0.2808,0.3193,0.2698,0.2841,2942.78235515,14
1728259200,0.3083,0.3083,0.2845,0.2968,2528.63302839,16
1728345600,0.2867,0.2867,0.2867,0.2867,325.769,1
1728432000,0.2668,0.2668,0.2616,0.2616,105.86224128,2
1728518400,0.2684,0.2805,0.2603,0.2603,658.86471486,4
1728604800,0.2795,0.2795,0.2795,0.2795,103.631,1
1728691200,0.2818,0.2821,0.2088,0.2641,13633.40669429,30
1728777600,0.272,0.272,0.272,0.272,3.561,1
1728864000,0.2646,0.2853,0.2646,0.2853,106.699,2
1728950400,0.2851,0.2975,0.2724,0.2724,287.76171148,4
1729036800,0.2793,0.2843,0.2793,0.2843,6.857,2
1729123200,0.26,0.2734,0.2568,0.2568,2304.08385066,11
1729209600,0.2723,0.2759,0.247,0.2759,6302.14043392,19
1729296000,0.2734,0.2734,0.2573,0.2678,49.977,3
1729382400,0.2709,0.2709,0.2524,0.2542,122.41806862,3
1729468800,0.2542,0.2542,0.2542,0.2542,4.543,1
1729555200,0.2486,0.2486,0.2486,0.2486,483.95344683,1
1729641600,0.2455,0.248,0.2437,0.2437,627.89291233,4
1729728000,0.2319,0.2614,0.2319,0.2614,137.903,2
1729814400,0.2613,0.265,0.2537,0.265,167.00668639,4
1729900800,0.2576,0.2693,0.2355,0.2492,6605.89337218,18
1729987200,0.246,0.2554,0.246,0.2554,358.01805,3
1730073600,0.232,0.2519,0.225,0.225,6971.56151075,11
1730160000,0.2296,0.2502,0.2296,0.2416,414.21473403,4
1730332800,0.2502,0.2502,0.2502,0.2502,3.99680256,1
1730419200,0.2451,0.2451,0.231,0.231,1057.80545065,7
1730592000,0.225,0.2251,0.225,0.225,77980.91700259,161
1730678400,0.225,0.2318,0.2108,0.2109,12234.78309468,51
1730764800,0.2108,0.2424,0.2108,0.2424,113.249,2
1730851200,0.2211,0.2574,0.2211,0.2488,2437.75034697,11
1730937600,0.243,0.2448,0.243,0.2448,470.608,3
1731024000,0.247,0.2676,0.2393,0.2642,9515.61531768,52
1731110400,0.2475,0.2683,0.2475,0.267,950.91556003,15
1731196800,0.267,0.288,0.2552,0.2552,7918.77698739,20
1731283200,0.2804,0.2986,0.2649,0.2969,6184.51223612,20
1731369600,0.275,0.2828,0.2605,0.2644,2144.29806167,19
1731456000,0.2647,0.2756,0.2463,0.2525,2636.11041924,30
1731542400,0.2523,0.2718,0.2433,0.26,3857.77103348,24
1731628800,0.2594,0.2594,0.2433,0.257,1737.85989563,23
1731715200,0.2541,0.2694,0.254,0.2602,1784.75749745,19
1731801600,0.2641,0.2731,0.2458,0.2514,2511.36988,15
1731888000,0.2741,0.34,0.2741,0.3,9367.93963656,40
1731974400,0.3097,0.39,0.2901,0.312,5674.02780159,28
1732060800,0.3357,0.3394,0.3036,0.3278,4615.625214,23
1732147200,0.2966,0.3281,0.2956,0.2956,2121.34760128,15
1732233600,0.3158,0.3288,0.2905,0.3179,5675.13838116,20
1732320000,0.3286,0.3894,0.3153,0.3894,5410.00807482,21
1732406400,0.3894,0.3894,0.3346,0.3653,62618.26627724,261
1732492800,0.3616,0.3731,0.3101,0.3627,3365.18203587,15
1732579200,0.3162,0.3581,0.3162,0.3252,4926.40278888,21
1732665600,0.3475,0.3502,0.3199,0.3502,4266.2720748,15
1732752000,0.3255,0.3557,0.3255,0.3273,569.5170892,5
1732838400,0.3404,0.48,0.3404,0.394,16377.7252154,60
1732924800,0.377,0.745,0.36,0.5745,347275.23846355,932
1733011200,0.6143,0.6417,0.5143,0.5143,46193.23566412,268
1733097600,0.5517,0.5517,0.462,0.4928,32650.16960304,115
1733184000,0.4827,0.5092,0.4656,0.4835,6942.00097525,51
1733270400,0.472,0.5176,0.4713,0.494,16405.64197438,46
1733356800,0.494,0.5363,0.4756,0.4801,7441.6851324,44
1733443200,0.4802,0.65,0.48,0.5442,21459.26832457,145
1733529600,0.5631,0.6418,0.518,0.5923,4793.80436182,64
1733616000,0.532,0.5618,0.5122,0.53,6288.40822233,51
1733702400,0.5122,0.5249,0.46,0.4662,97274.9347457799,618
1733788800,0.4786,0.4829,0.4002,0.435,41535.03641677,176
1733875200,0.4482,0.523,0.4237,0.519,6416.55037831,60
1733961600,0.4825,0.5286,0.4808,0.5121,1247.8940351,27
1734048000,0.5163,0.5318,0.5077,0.5119,452.23242399,13
1734134400,0.5383,0.5923,0.4949,0.532,16368.06286663,103
1734220800,0.5375,0.5685,0.5082,0.5082,3104.44443273,35
1734307200,0.49,0.5161,0.4502,0.5161,5014.63505209,19
1734393600,0.4548,0.4748,0.45,0.45,36024.45353248,140
1734480000,0.42,0.4633,0.4135,0.416,2845.38819484,34
1734566400,0.416,0.4461,0.3939,0.4251,31782.5064048,158
1734652800,0.4293,0.4542,0.3633,0.4047,6384.28522704,58
1734739200,0.4206,0.4361,0.3993,0.3993,1529.71036926,16
1734825600,0.3957,0.419,0.3957,0.4051,282.64846421,8
1734912000,0.3934,0.4472,0.3934,0.4312,644.31034211,14
1734998400,0.413,0.4361,0.413,0.4361,3050.05024384,21
1735084800,0.4314,0.4314,0.4202,0.4202,26.94693354,2
1735171200,0.4202,0.4202,0.4074,0.4074,276.22722081,3
1735257600,0.4102,0.4332,0.4102,0.4315,4954.19302329,23
1735344000,0.4401,0.446,0.4173,0.4294,5505.90892,13
1735430400,0.4305,0.4305,0.4252,0.4297,161.074,3
1735516800,0.4039,0.4184,0.3974,0.4012,2302.92976494,21
1735603200,0.4001,0.416,0.3633,0.396,9936.98909724,37
1735689600,0.3724,0.4012,0.3724,0.4002,578.14624473,5
1735776000,0.4003,0.4239,0.3896,0.4023,4702.94329337,17
1735862400,0.4083,0.4102,0.3934,0.4102,1123.64977764,16
1735948800,0.4101,0.4149,0.3976,0.3976,2697.20089394,11
1736121600,0.4163,0.55,0.3976,0.4092,18384.68447223,47
1736208000,0.4178,0.5129,0.3956,0.4527,16533.0090061,142
1736294400,0.4772,0.6098,0.4559,0.5121,103256.80137324,673
1736380800,0.5288,0.5734,0.4386,0.4386,17448.64310564,182
1736467200,0.4491,0.484,0.4326,0.4705,17613.39280193,61
1736553600,0.4365,0.4524,0.41,0.4314,1913.25226259,18
1736640000,0.4423,0.4423,0.4406,0.4406,343.187,3
1736726400,0.4225,0.4282,0.3869,0.42,6472.10620181,12
1736812800,0.3988,0.4127,0.3939,0.4127,3067.03863892,19
1736899200,0.405,0.4385,0.3196,0.4373,17148.88027171,49
1736985600,0.4444,0.4446,0.4028,0.4199,1058.48701385,12
1737072000,0.4341,0.4373,0.4341,0.4373,243.169,2
1737158400,0.4417,0.4417,0.4218,0.4319,181.61043712,4
1737244800,0.3896,0.3985,0.3503,0.3858,7092.25219723,63
1737331200,0.3632,0.3848,0.3597,0.3667,4933.63662476,95
1737417600,0.3745,0.4009,0.3574,0.3884,2040.46224598,19
1737504000,0.405,0.4265,0.3973,0.4108,307.52551136,6
1737590400,0.3617,0.3902,0.3615,0.3902,7942.20033439,55
1737676800,0.3719,0.3937,0.3719,0.3864,766.276,4
1737763200,0.3596,0.3846,0.3591,0.3846,503.47,4
1737849600,0.3711,0.3766,0.3312,0.3368,2856.25358284,23
1737936000,0.3528,0.3529,0.3021,0.3307,2212.09793501,25
1738022400,0.3427,0.3427,0.3365,0.3365,311.22031057,4
1738108800,0.3195,0.3521,0.3194,0.3302,2276.15296648,17
1738195200,0.3281,0.35,0.3079,0.3444,9109.42582707,60
1738281600,0.3583,0.56,0.3,0.4076,39108.55784082,230
1738368000,0.3996,0.4056,0.3363,0.3539,6122.37914895,33
1738454400,0.3444,0.3444,0.2762,0.3006,8096.9938392,51
1738540800,0.2731,0.3422,0.2518,0.3112,6449.45737007,48
1738627200,0.3112,0.3523,0.2921,0.3211,5847.41099042,33
1738713600,0.3062,0.32,0.3062,0.3078,140.14738024,4
1738800000,0.3207,0.3207,0.2883,0.3138,2186.61238213,5
1738886400,0.3017,0.3082,0.2816,0.2816,748.12722325,10
1738972800,0.2832,0.2832,0.2832,0.2832,166.92918777,1
1739059200,0.2762,0.2893,0.264,0.264,202.48291243,6
1739145600,0.291,0.3583,0.291,0.343,2271.12679525,35
1739232000,0.3406,0.3447,0.285,0.2882,6551.46024925,38
1739318400,0.2971,0.2971,0.2831,0.2831,25.75183812,2
1739404800,0.3103,0.3335,0.2864,0.2864,3064.95654924,21
1739491200,0.2869,0.3035,0.2779,0.3035,909.14609897,8
1739577600,0.2799,0.2862,0.2799,0.2862,171.61045388,3
1739664000,0.2808,0.2808,0.2808,0.2808,96.0298,1
1739750400,0.2936,0.2936,0.2936,0.2936,38.98203952,1
1739836800,0.2807,0.2807,0.2807,0.2807,50.1603135,1
1739923200,0.2832,0.3549,0.274,0.3512,2573.66695357,21
1740009600,0.3785,0.3968,0.2804,0.2804,8395.61422154,81
1740096000,0.3145,0.3148,0.2637,0.2681,7417.60968355,49
1740182400,0.2866,0.2866,0.2673,0.2673,209.35189201,5
1740268800,0.2792,0.2792,0.2695,0.27,1330.1912087,14
1740355200,0.2875,0.2875,0.24,0.24,2805.72700478,15
1740441600,0.24,0.2543,0.23,0.235,1653.04101,7
1740528000,0.2455,0.2455,0.2295,0.2295,2507.62595596,11
1740614400,0.2435,0.2435,0.2327,0.2327,1240.33348,4
1740700800,0.2553,0.2554,0.2131,0.2187,2124.43892198,22
1740787200,0.255,0.366,0.255,0.3041,27152.38771794,246
1740873600,0.2913,0.301,0.2476,0.286,26326.87421907,120
1740960000,0.2824,0.2939,0.2529,0.2677,1783.58222483,19
1741046400,0.2684,0.2787,0.241,0.278,2801.67915068,20
1741132800,0.278,0.278,0.2506,0.2561,690.28068,10
1741219200,0.2525,0.2558,0.2512,0.2512,350.09652431,6
1741305600,0.2509,0.2509,0.2318,0.2326,441.43697196,7
1741392000,0.235,0.2352,0.226,0.226,334.07264513,9
1741478400,0.2322,0.2963,0.2236,0.2363,7381.69789665,56
1741564800,0.2352,0.2605,0.2045,0.2048,4802.63536134,30
1741651200,0.2001,0.2119,0.2,0.202,2914.56292311,12
1741737600,0.2143,0.2143,0.2126,0.2126,171.0217489,7
1741824000,0.2073,0.2073,0.201,0.201,251.05239915,5
1741910400,0.2087,0.2276,0.2087,0.2109,2190.7348132,12
1741996800,0.2197,0.2337,0.2143,0.2143,2175.5840249,16
1742083200,0.2344,0.2344,0.2161,0.2161,647.76620585,2
1742169600,0.2186,0.2186,0.2186,0.2186,215.748,1
1742256000,0.2155,0.2155,0.2023,0.2023,44.48050139,3
1742342400,0.2034,0.2363,0.2034,0.2363,662.27172163,6
1742515200,0.209,0.209,0.201,0.201,297.50830068,7
1742601600,0.2152,0.2375,0.2044,0.2085,297976.2840680499,269
1742688000,0.2069,0.2125,0.2039,0.2125,419.91381,7
1742774400,0.2132,0.2199,0.2096,0.2096,664.64509101,6
1742860800,0.2344,0.235,0.2155,0.22,2233.14330074,15
1742947200,0.2379,0.2379,0.2073,0.2249,16143.3603857,50
1743033600,0.225,0.2272,0.225,0.2272,506.05650347,4
1743120000,0.2142,0.2238,0.2065,0.2065,3160.55455122,17
1743206400,0.2119,0.2119,0.2,0.2,1109.07676969,18
1743379200,0.2098,0.2338,0.2054,0.2071,8620.6609194,43
