1638230400,4.477e-05,6.521e-05,4.028e-05,4.194e-05,121229031029.5958,11976
1638316800,4.205e-05,6e-05,3.85e-05,3.908e-05,147892581584.52838,9862
1638403200,3.91e-05,3.915e-05,3.634e-05,3.743e-05,48982848088.54991,4675
1638489600,3.742e-05,3.974e-05,3.45e-05,3.581e-05,100881563067.62888,4720
1638576000,3.571e-05,3.578e-05,2.755e-05,3.233e-05,87770545353.6777,5876
1638662400,3.256e-05,3.384e-05,3.033e-05,3.214e-05,50895142617.21841,2668
1638748800,3.215e-05,3.34e-05,2.914e-05,3.269e-05,39088180035.1234,3054
1638835200,3.263e-05,3.445e-05,3.17e-05,3.224e-05,45049265084.84984,3090
1638921600,3.202e-05,3.322e-05,3.156e-05,3.263e-05,14273691430.979933,1700
1639008000,3.262e-05,3.288e-05,3.034e-05,3.075e-05,25855059177.273846,1627
1639094400,3.065e-05,3.203e-05,2.961e-05,2.972e-05,21926627493.655552,1628
1639180800,2.967e-05,3.098e-05,2.938e-05,3.049e-05,23149994085.80512,1152
1639267200,3.056e-05,3.34e-05,2.999e-05,3.247e-05,51787796452.46477,2425
1639353600,3.25e-05,3.253e-05,2.811e-05,2.924e-05,31477277040.7015,2296
1639440000,2.924e-05,3.15e-05,2.879e-05,3.025e-05,43648021842.87933,3668
1639526400,3.023e-05,3.049e-05,2.864e-05,2.994e-05,30349976252.65093,2351
1639612800,2.997e-05,3.064e-05,2.89e-05,2.89e-05,20111582950.725964,1820
1639699200,2.892e-05,2.93e-05,2.684e-05,2.779e-05,27178169029.50765,1858
1639785600,2.775e-05,2.865e-05,2.744e-05,2.797e-05,16673297406.646717,1038
1639872000,2.798e-05,2.837e-05,2.728e-05,2.74e-05,6999016513.692753,1001
1639958400,2.737e-05,2.99e-05,2.508e-05,2.768e-05,52687100842.701164,2578
1640044800,2.769e-05,2.964e-05,2.751e-05,2.909e-05,28776324953.087364,2092
1640131200,2.912e-05,3.34e-05,2.887e-05,3.094e-05,87042614297.08702,4073
1640217600,3.102e-05,3.44e-05,3.041e-05,3.418e-05,41725380745.86733,2814
1640304000,3.42e-05,3.522e-05,3.164e-05,3.196e-05,51212132329.08223,2924
1640390400,3.2e-05,3.39e-05,3.178e-05,3.34e-05,15666540978.245346,1514
1640476800,3.338e-05,3.448e-05,3.246e-05,3.381e-05,25892419907.44129,1762
1640563200,3.383e-05,3.486e-05,3.34e-05,3.449e-05,42691013258.2778,2571
1640649600,3.453e-05,3.453e-05,3.028e-05,3.09e-05,29777596071.739986,2896
1640736000,3.092e-05,3.205e-05,2.918e-05,2.964e-05,16681323351.404955,1839
1640822400,2.965e-05,3.039e-05,2.904e-05,2.984e-05,13723735099.535381,1545
1640908800,2.983e-05,3.059e-05,2.875e-05,2.938e-05,13937206079.994925,1476
1640995200,2.949e-05,3.01e-05,2.939e-05,3.005e-05,11620005654.609524,1049
1641081600,3.006e-05,3.031e-05,2.949e-05,2.998e-05,9040013023.769405,987
1641168000,2.998e-05,3.01e-05,2.85e-05,2.926e-05,11907714913.324053,1488
1641254400,2.927e-05,2.968e-05,2.867e-05,2.877e-05,14696529974.95379,1436
1641340800,2.881e-05,2.922e-05,2.534e-05,2.69e-05,33722724411.976803,2405
1641427200,2.686e-05,2.82e-05,2.587e-05,2.725e-05,33505349182.86989,2142
1641513600,2.722e-05,2.729e-05,2.513e-05,2.555e-05,36544038278.316154,1937
1641600000,2.563e-05,2.637e-05,2.323e-05,2.444e-05,23881372988.36664,1726
1641686400,2.444e-05,2.567e-05,2.427e-05,2.496e-05,15374042394.041574,1053
1641772800,2.49e-05,2.532e-05,2.257e-05,2.363e-05,31069606205.86555,1783
1641859200,2.36e-05,2.494e-05,2.327e-05,2.436e-05,32488176395.71561,1561
1641945600,2.435e-05,2.85e-05,2.429e-05,2.755e-05,43380597205.49673,2642
1642032000,2.754e-05,2.873e-05,2.555e-05,2.59e-05,32223312215.92754,2053
1642118400,2.591e-05,2.851e-05,2.561e-05,2.701e-05,39252268936.06329,1687
1642204800,2.701e-05,2.764e-05,2.685e-05,2.704e-05,17387676623.149895,869
1642291200,2.701e-05,2.715e-05,2.645e-05,2.68e-05,9366197757.897953,820
1642377600,2.678e-05,2.68e-05,2.483e-05,2.527e-05,18659115782.306274,1339
1642464000,2.541e-05,2.587e-05,2.414e-05,2.481e-05,22963376776.432865,1277
1642550400,2.48e-05,2.495e-05,2.39e-05,2.408e-05,14222949606.234182,1068
1642636800,2.411e-05,2.539e-05,2.325e-05,2.337e-05,16647941668.917093,1238
1642723200,2.341e-05,2.37e-05,1.873e-05,1.962e-05,84075396586.33583,3177
1642809600,1.962e-05,1.985e-05,1.509e-05,1.811e-05,82466281086.50453,3649
1642896000,1.815e-05,2.102e-05,1.811e-05,1.979e-05,80324289321.89348,2800
1642982400,1.977e-05,2.049e-05,1.654e-05,1.875e-05,56913106785.97936,2708
1643068800,1.873e-05,1.917e-05,1.778e-05,1.865e-05,45091904013.90198,1992
1643155200,1.865e-05,2.086e-05,1.83e-05,1.879e-05,65005062497.370636,2288
1643241600,1.868e-05,1.952e-05,1.782e-05,1.909e-05,49342470137.52257,1618
1643328000,1.906e-05,1.921e-05,1.83e-05,1.909e-05,22274937839.54446,1114
1643414400,1.905e-05,2.011e-05,1.9e-05,1.944e-05,39080194381.27218,1479
1643500800,1.945e-05,1.994e-05,1.872e-05,1.886e-05,19092515933.65087,1113
1643587200,1.893e-05,1.925e-05,1.805e-05,1.91e-05,18614437267.7336,1746
1643673600,1.91e-05,1.953e-05,1.888e-05,1.928e-05,15574359669.553886,1412
1643760000,1.932e-05,1.94e-05,1.799e-05,1.828e-05,20386121180.944763,1707
1643846400,1.822e-05,1.842e-05,1.766e-05,1.816e-05,12887970423.988668,1111
1643932800,1.815e-05,1.946e-05,1.797e-05,1.94e-05,35918107243.922554,1334
1644019200,1.937e-05,2.081e-05,1.927e-05,1.969e-05,27720741051.942234,2097
1644105600,1.969e-05,2.512e-05,1.948e-05,2.491e-05,97493207631.29636,3244
1644192000,2.491e-05,3.104e-05,2.377e-05,2.85e-05,207227367426.31082,8683
1644278400,2.852e-05,3.07e-05,2.584e-05,2.714e-05,139446851344.69968,5848
1644364800,2.715e-05,2.98e-05,2.67e-05,2.891e-05,67723282042.32034,3029
1644451200,2.886e-05,2.948e-05,2.679e-05,2.705e-05,91659588818.69711,3026
1644537600,2.703e-05,2.839e-05,2.461e-05,2.528e-05,63522979515.358246,2507
1644624000,2.527e-05,2.631e-05,2.423e-05,2.567e-05,38215365543.87344,1559
1644710400,2.574e-05,2.837e-05,2.51e-05,2.65e-05,34956601120.974396,1760
1644796800,2.654e-05,2.725e-05,2.429e-05,2.613e-05,43672511394.77122,1723
1644883200,2.623e-05,2.836e-05,2.623e-05,2.751e-05,57398181170.10287,1996
1644969600,2.75e-05,2.781e-05,2.641e-05,2.713e-05,21961890964.792976,1539
1645056000,2.724e-05,2.861e-05,2.445e-05,2.488e-05,44267429302.72893,2397
1645142400,2.484e-05,2.632e-05,2.457e-05,2.486e-05,25836233110.21984,1281
1645228800,2.492e-05,2.559e-05,2.379e-05,2.428e-05,21122089486.30109,1122
1645315200,2.428e-05,2.436e-05,2.203e-05,2.25e-05,25844492446.99138,1535
1645401600,2.257e-05,2.423e-05,2.117e-05,2.125e-05,39348264546.23591,1880
1645488000,2.142e-05,2.228e-05,2.045e-05,2.205e-05,37343395079.1184,1555
1645574400,2.208e-05,2.414e-05,2.174e-05,2.196e-05,36921185360.70247,1737
1645660800,2.196e-05,2.258e-05,1.846e-05,2.136e-05,96349280333.492,3491
1645747200,2.129e-05,2.226e-05,2.064e-05,2.193e-05,23570712145.64778,1379
1645833600,2.211e-05,2.294e-05,2.154e-05,2.169e-05,25229522839.436527,934
1645920000,2.164e-05,2.22e-05,2.055e-05,2.098e-05,40934592703.63046,1058
1646006400,2.095e-05,2.313e-05,2.043e-05,2.301e-05,30945342791.802773,1801
1646092800,2.305e-05,2.564e-05,2.269e-05,2.436e-05,49350872756.00441,2632
1646179200,2.431e-05,2.447e-05,2.296e-05,2.327e-05,28572529381.193104,1565
1646265600,2.322e-05,2.356e-05,2.216e-05,2.264e-05,13503543058.470808,950
1646352000,2.263e-05,2.299e-05,2.116e-05,2.154e-05,14496339998.887487,946
1646438400,2.158e-05,2.282e-05,2.117e-05,2.251e-05,16270416206.772482,692
1646524800,2.249e-05,2.268e-05,2.142e-05,2.165e-05,17148405926.558775,630
1646611200,2.16e-05,2.189e-05,2.049e-05,2.103e-05,15171672840.25617,898
1646697600,2.103e-05,2.157e-05,2.069e-05,2.099e-05,16932006812.85851,638
1646784000,2.101e-05,2.248e-05,2.101e-05,2.156e-05,14942464651.850384,964
1646870400,2.152e-05,2.161e-05,2.027e-05,2.058e-05,15499936003.953115,943
1646956800,2.053e-05,2.092e-05,1.994e-05,2.022e-05,14454284203.945627,819
1647043200,2.02e-05,2.082e-05,2.02e-05,2.03e-05,6153373357.114161,453
1647129600,2.025e-05,2.133e-05,1.945e-05,1.973e-05,15453532493.542362,880
1647216000,1.965e-05,2.056e-05,1.951e-05,2.012e-05,13702221415.87846,869
1647302400,2.014e-05,2.019e-05,1.934e-05,1.972e-05,11745055917.577406,711
1647388800,1.97e-05,2.062e-05,1.966e-05,2.058e-05,30674855923.558186,928
1647475200,2.063e-05,2.068e-05,1.994e-05,2.001e-05,13115347492.090282,684
1647561600,2e-05,2.05e-05,1.96e-05,2.019e-05,21387447296.247498,856
1647648000,2.021e-05,2.311e-05,2.011e-05,2.18e-05,42872883084.246666,1902
1647734400,2.193e-05,2.207e-05,2.035e-05,2.092e-05,24462925536.52526,1028
1647820800,2.094e-05,2.124e-05,2.022e-05,2.083e-05,12189084214.887936,702
1647907200,2.08e-05,2.184e-05,2.08e-05,2.131e-05,40478218849.1604,1105
1647993600,2.129e-05,2.278e-05,2.095e-05,2.221e-05,28842710705.535492,1291
1648080000,2.216e-05,2.306e-05,2.191e-05,2.237e-05,31986604522.069992,1498
1648166400,2.236e-05,2.303e-05,2.143e-05,2.202e-05,22896568811.459763,1201
1648252800,2.2e-05,2.254e-05,2.177e-05,2.225e-05,8795851626.713623,572
1648339200,2.225e-05,2.333e-05,2.202e-05,2.327e-05,22572124274.777023,982
1648425600,2.327e-05,2.701e-05,2.304e-05,2.41e-05,97369145129.00404,4247
1648512000,2.416e-05,2.564e-05,2.38e-05,2.466e-05,44478436505.22056,2208
1648598400,2.445e-05,2.567e-05,2.36e-05,2.456e-05,39600741994.37678,1884
1648684800,2.452e-05,2.526e-05,2.302e-05,2.32e-05,38611458209.10462,1981
1648771200,2.341e-05,2.396e-05,2.229e-05,2.367e-05,35919173727.82569,1488
1648857600,2.36e-05,2.486e-05,2.331e-05,2.337e-05,37149355286.14939,1530
1648944000,2.336e-05,2.474e-05,2.315e-05,2.425e-05,26173844741.135025,1048
1649030400,2.423e-05,2.495e-05,2.339e-05,2.412e-05,30383191288.046474,1476
1649116800,2.42e-05,2.601e-05,2.395e-05,2.447e-05,31275400168.89762,1913
1649203200,2.449e-05,2.453e-05,2.217e-05,2.237e-05,38048225356.93612,1939
1649289600,2.24e-05,2.315e-05,2.194e-05,2.282e-05,13671233336.86791,939
1649376000,2.281e-05,2.314e-05,2.163e-05,2.192e-05,18410444762.944374,901
1649462400,2.189e-05,2.269e-05,2.18e-05,2.269e-05,8434340592.545507,610
1649548800,2.269e-05,2.337e-05,2.241e-05,2.248e-05,16636814838.232914,807
1649635200,2.25e-05,2.261e-05,2.008e-05,2.032e-05,18055165758.132416,1199
1649721600,2.039e-05,2.756e-05,2.019e-05,2.487e-05,166260962012.42773,5550
1649808000,2.488e-05,2.596e-05,2.372e-05,2.476e-05,64512758697.81438,3001
1649894400,2.465e-05,2.518e-05,2.338e-05,2.379e-05,26961167216.282017,1717
1649980800,2.389e-05,2.429e-05,2.358e-05,2.395e-05,14366329992.445162,814
1650067200,2.396e-05,2.413e-05,2.339e-05,2.372e-05,7346119544.737063,633
1650153600,2.371e-05,2.413e-05,2.265e-05,2.281e-05,13211933510.293812,746
1650240000,2.281e-05,2.351e-05,2.194e-05,2.342e-05,22785503850.742256,1039
1650326400,2.346e-05,2.374e-05,2.305e-05,2.358e-05,16428741896.319563,784
1650412800,2.36e-05,2.389e-05,2.272e-05,2.289e-05,19192656605.95445,929
1650499200,2.29e-05,2.333e-05,2.206e-05,2.244e-05,9522089303.54906,719
1650585600,2.238e-05,2.278e-05,2.224e-05,2.255e-05,5150050000.295191,510
1650672000,2.248e-05,2.284e-05,2.206e-05,2.235e-05,9923214562.777868,509
1650758400,2.238e-05,2.26e-05,2.186e-05,2.219e-05,15997129689.133142,594
1650844800,2.217e-05,2.366e-05,2.084e-05,2.279e-05,23576079464.42728,1536
1650931200,2.276e-05,2.305e-05,2.124e-05,2.156e-05,15950851584.071857,1144
1651017600,2.16e-05,2.259e-05,2.148e-05,2.221e-05,8976969737.200102,757
1651104000,2.221e-05,2.229e-05,2.165e-05,2.178e-05,11503585809.841713,830
1651190400,2.184e-05,2.195e-05,2.053e-05,2.104e-05,20843019787.484913,1029
1651276800,2.105e-05,2.133e-05,1.75e-05,1.913e-05,29769495884.287872,1607
1651363200,1.917e-05,2.1e-05,1.88e-05,2.046e-05,12643896467.630047,1061
1651449600,2.043e-05,2.058e-05,1.922e-05,1.967e-05,24475397647.395878,904
1651536000,1.96e-05,2e-05,1.897e-05,1.932e-05,7903987320.052657,724
1651622400,1.93e-05,2.058e-05,1.93e-05,2.052e-05,33040822870.228172,1053
1651708800,2.06e-05,2.066e-05,1.854e-05,1.925e-05,32328679586.109425,1188
1651795200,1.923e-05,1.932e-05,1.85e-05,1.897e-05,15307488380.028622,882
1651881600,1.896e-05,1.901e-05,1.774e-05,1.828e-05,13491787935.050386,603
1651968000,1.825e-05,1.834e-05,1.734e-05,1.741e-05,19063733882.02847,835
1652054400,1.751e-05,1.775e-05,1.305e-05,1.322e-05,92296214291.55809,2724
1652140800,1.32e-05,1.701e-05,1.284e-05,1.54e-05,88212445930.41022,2075
1652227200,1.534e-05,1.589e-05,1.044e-05,1.14e-05,199826790950.98074,4240
1652313600,1.143e-05,1.223e-05,8.13e-06,1.041e-05,118265360169.84291,3587
1652400000,1.04e-05,1.379e-05,1.011e-05,1.233e-05,126561729786.84412,3949
1652486400,1.234e-05,1.392e-05,1.099e-05,1.212e-05,95843804151.07826,2206
1652572800,1.2e-05,1.254e-05,1.146e-05,1.254e-05,22891046784.078655,969
1652659200,1.245e-05,1.245e-05,1.127e-05,1.145e-05,29408536387.831417,1085
1652745600,1.15e-05,1.221e-05,1.139e-05,1.189e-05,33393309309.493515,1040
1652832000,1.183e-05,1.195e-05,1.092e-05,1.1e-05,20794318119.75771,819
1652918400,1.105e-05,1.143e-05,1.069e-05,1.118e-05,24185743820.14031,802
1653004800,1.113e-05,1.138e-05,1.074e-05,1.099e-05,9893207225.181656,588
1653091200,1.095e-05,1.137e-05,1.075e-05,1.112e-05,7460790740.847271,478
1653177600,1.111e-05,1.141e-05,1.102e-05,1.127e-05,23458910520.74207,680
1653264000,1.125e-05,1.219e-05,1.076e-05,1.091e-05,34833032924.75905,971
1653350400,1.089e-05,1.119e-05,1.05e-05,1.094e-05,11167076722.578035,574
1653436800,1.093e-05,1.113e-05,1.079e-05,1.086e-05,10844051171.234917,609
1653523200,1.093e-05,1.093e-05,9.69e-06,9.92e-06,32736595661.18008,1040
1653609600,9.87e-06,1.014e-05,9.44e-06,9.64e-06,20199128098.412125,967
1653696000,9.75e-06,1.012e-05,9.73e-06,1.004e-05,8815256902.309875,579
1653782400,1.003e-05,1.101e-05,9.87e-06,1.071e-05,20615992172.428593,951
1653868800,1.068e-05,1.156e-05,1.055e-05,1.131e-05,26831178918.621574,1342
1653955200,1.129e-05,1.141e-05,1.074e-05,1.091e-05,17269470139.860676,1148
1654041600,1.095e-05,1.108e-05,9.9e-06,1.021e-05,18266930923.268124,917
1654128000,1.022e-05,1.05e-05,1.006e-05,1.042e-05,8280869693.194052,641
1654214400,1.042e-05,1.042e-05,9.82e-06,1.01e-05,10314723640.825083,527
1654300800,1.01e-05,1.02e-05,9.89e-06,1.01e-05,4670786648.17156,296
1654387200,1.014e-05,1.024e-05,9.99e-06,1.007e-05,4579656313.58319,360
1654473600,1.006e-05,1.061e-05,1.006e-05,1.035e-05,16969063165.446781,490
1654560000,1.026e-05,1.04e-05,9.57e-06,1.003e-05,30659643941.07724,618
1654646400,1e-05,1.018e-05,9.84e-06,9.88e-06,13649136079.475471,488
1654732800,9.86e-06,1.006e-05,9.79e-06,9.96e-06,6780611667.6380415,420
1654819200,9.94e-06,9.99e-06,9.52e-06,9.65e-06,13698825151.285603,466
1654905600,9.63e-06,9.81e-06,8.7e-06,8.9e-06,22843482608.64111,696
1654992000,8.88e-06,9.02e-06,7.99e-06,8.21e-06,24537849900.07126,714
1655078400,8.14e-06,8.32e-06,7.07e-06,7.73e-06,72032919050.34041,1298
1655164800,7.72e-06,8.15e-06,7.21e-06,7.85e-06,31031613848.851162,696
1655251200,7.82e-06,8.41e-06,7.24e-06,8.41e-06,52343869300.275894,919
1655337600,8.42e-06,8.53e-06,7.45e-06,7.56e-06,23507090255.379887,529
1655424000,7.57e-06,7.88e-06,7.52e-06,7.77e-06,12468218295.23449,396
1655510400,7.77e-06,7.86e-06,6.79e-06,7.33e-06,32073591922.918606,1028
1655596800,7.34e-06,7.96e-06,7.04e-06,7.82e-06,21696631245.898113,801
1655683200,7.82e-06,7.9e-06,7.49e-06,7.74e-06,17732974092.44405,674
1655769600,7.72e-06,1.135e-05,7.62e-06,1.01e-05,133347272738.10129,2877
1655856000,1.013e-05,1.026e-05,8.85e-06,9.15e-06,78060455120.8351,1860
1655942400,9.15e-06,9.88e-06,9.1e-06,9.81e-06,49119940168.5064,1004
1656028800,9.77e-06,1.066e-05,9.54e-06,1.026e-05,78281514199.93677,1121
1656115200,1.026e-05,1.137e-05,1.018e-05,1.115e-05,48612467671.49525,980
1656201600,1.119e-05,1.145e-05,1.036e-05,1.036e-05,41496908628.373726,801
1656288000,1.039e-05,1.105e-05,1.017e-05,1.041e-05,19575952198.733543,633
1656374400,1.044e-05,1.047e-05,9.41e-06,9.44e-06,32477633126.216053,681
1656460800,9.48e-06,1.022e-05,9.09e-06,9.7e-06,28907756348.21215,784
1656547200,9.75e-06,9.97e-06,9.24e-06,9.88e-06,39381310009.757164,826
1656633600,9.83e-06,1.013e-05,9.49e-06,9.56e-06,8043026604.296104,429
1656720000,9.56e-06,9.77e-06,9.48e-06,9.68e-06,9921571182.840982,274
1656806400,9.65e-06,9.7e-06,9.4e-06,9.6e-06,8795576065.805016,288
1656892800,9.63e-06,1.005e-05,9.51e-06,1.005e-05,12354882559.51882,378
1656979200,1.004e-05,1.05e-05,9.73e-06,1.006e-05,39906566366.69525,650
1657065600,1.009e-05,1.033e-05,9.96e-06,1.028e-05,18843841732.421425,338
1657152000,1.023e-05,1.131e-05,1.023e-05,1.112e-05,40531227348.41347,710
1657238400,1.103e-05,1.138e-05,1.06e-05,1.099e-05,27372210623.560898,690
1657324800,1.102e-05,1.164e-05,1.085e-05,1.138e-05,38438826021.37503,579
1657411200,1.143e-05,1.143e-05,1.073e-05,1.103e-05,17940322447.743454,402
1657497600,1.1e-05,1.1e-05,1.018e-05,1.024e-05,18177060728.09847,318
1657584000,1.024e-05,1.052e-05,9.86e-06,9.88e-06,18155979066.397816,417
1657670400,9.82e-06,1.05e-05,9.78e-06,1.05e-05,30955009109.049744,474
1657756800,1.049e-05,1.066e-05,1.01e-05,1.058e-05,28223112617.409737,483
1657843200,1.055e-05,1.105e-05,1.047e-05,1.073e-05,20113601862.62801,386
1657929600,1.073e-05,1.107e-05,1.045e-05,1.095e-05,11752957674.214512,325
1658016000,1.099e-05,1.108e-05,1.059e-05,1.072e-05,5791060060.105018,249
1658102400,1.067e-05,1.239e-05,1.067e-05,1.181e-05,56217153492.23849,1082
1658188800,1.161e-05,1.22e-05,1.123e-05,1.191e-05,92553450522.76025,941
1658275200,1.187e-05,1.284e-05,1.146e-05,1.171e-05,81648934762.41118,1517
1658361600,1.172e-05,1.188e-05,1.127e-05,1.173e-05,15180746964.329391,525
1658448000,1.174e-05,1.221e-05,1.135e-05,1.149e-05,13064424254.880087,522
1658534400,1.147e-05,1.182e-05,1.111e-05,1.142e-05,16091979471.169735,410
1658620800,1.139e-05,1.159e-05,1.136e-05,1.136e-05,6516339852.479123,184
1658707200,1.142e-05,1.142e-05,1.046e-05,1.046e-05,17125229942.240719,370
1658793600,1.044e-05,1.072e-05,1.01e-05,1.072e-05,11164258958.02326,337
1658880000,1.073e-05,1.131e-05,1.043e-05,1.131e-05,25322413791.94099,442
1658966400,1.13e-05,1.2e-05,1.089e-05,1.163e-05,40428357009.55937,654
1659052800,1.164e-05,1.205e-05,1.125e-05,1.166e-05,33704073113.754772,521
1659139200,1.161e-05,1.233e-05,1.136e-05,1.164e-05,26876566743.305935,543
1659225600,1.156e-05,1.201e-05,1.146e-05,1.146e-05,6963235644.349039,369
1659312000,1.146e-05,1.241e-05,1.146e-05,1.167e-05,22023158406.21876,530
1659398400,1.164e-05,1.18e-05,1.116e-05,1.164e-05,7657362909.24939,321
1659484800,1.157e-05,1.191e-05,1.143e-05,1.165e-05,8668084186.4149,312
1659571200,1.166e-05,1.179e-05,1.141e-05,1.156e-05,9703344715.656631,244
1659657600,1.155e-05,1.191e-05,1.154e-05,1.188e-05,8602002009.190166,279
1659744000,1.193e-05,1.204e-05,1.175e-05,1.178e-05,11105351376.928467,258
1659830400,1.176e-05,1.194e-05,1.166e-05,1.181e-05,5744441014.628739,212
1659916800,1.185e-05,1.243e-05,1.185e-05,1.204e-05,15237522799.712791,487
1660003200,1.208e-05,1.258e-05,1.147e-05,1.181e-05,20067371193.709343,582
1660089600,1.18e-05,1.21e-05,1.154e-05,1.199e-05,29013396505.317265,451
1660176000,1.203e-05,1.245e-05,1.188e-05,1.195e-05,13657922231.122602,406
1660262400,1.195e-05,1.238e-05,1.183e-05,1.236e-05,15124831316.90078,296
1660348800,1.236e-05,1.261e-05,1.221e-05,1.232e-05,8926409785.73758,306
1660435200,1.233e-05,1.746e-05,1.23e-05,1.651e-05,149685385559.72162,3899
1660521600,1.65e-05,1.721e-05,1.489e-05,1.504e-05,69578338682.84024,1598
1660608000,1.503e-05,1.633e-05,1.488e-05,1.555e-05,39758786421.09055,1076
1660694400,1.556e-05,1.612e-05,1.424e-05,1.453e-05,38808947589.164825,976
1660780800,1.454e-05,1.474e-05,1.31e-05,1.335e-05,23513956621.62391,665
1660867200,1.336e-05,1.4e-05,1.256e-05,1.304e-05,43338322769.979996,894
1660953600,1.31e-05,1.38e-05,1.248e-05,1.281e-05,15698801611.755985,458
1661040000,1.285e-05,1.368e-05,1.279e-05,1.344e-05,19321832146.35637,403
1661126400,1.344e-05,1.345e-05,1.275e-05,1.326e-05,7953312958.652863,297
1661212800,1.326e-05,1.339e-05,1.293e-05,1.335e-05,5064294858.340049,297
1661299200,1.337e-05,1.353e-05,1.302e-05,1.308e-05,10480950971.81979,338
1661385600,1.307e-05,1.486e-05,1.307e-05,1.395e-05,30054221005.12588,834
1661472000,1.397e-05,1.4e-05,1.236e-05,1.241e-05,24094541495.755516,725
1661558400,1.247e-05,1.262e-05,1.191e-05,1.223e-05,13706335574.373852,440
1661644800,1.222e-05,1.249e-05,1.18e-05,1.18e-05,9037562981.640831,297
1661731200,1.188e-05,1.25e-05,1.177e-05,1.249e-05,8378325085.29027,362
1661817600,1.248e-05,1.278e-05,1.192e-05,1.212e-05,26216242545.622425,441
1661904000,1.216e-05,1.251e-05,1.198e-05,1.205e-05,10738154912.027163,579
1661990400,1.204e-05,1.248e-05,1.196e-05,1.24e-05,18462564156.829334,610
1662076800,1.232e-05,1.246e-05,1.207e-05,1.223e-05,15820913561.489645,424
1662163200,1.223e-05,1.25e-05,1.216e-05,1.237e-05,8429932713.055754,273
1662249600,1.238e-05,1.345e-05,1.232e-05,1.296e-05,29703881118.081505,603
1662336000,1.296e-05,1.302e-05,1.234e-05,1.268e-05,17351492863.459755,586
1662422400,1.27e-05,1.293e-05,1.184e-05,1.217e-05,51454604884.422295,922
1662508800,1.215e-05,1.24e-05,1.189e-05,1.226e-05,17947821045.912773,567
1662595200,1.226e-05,1.248e-05,1.205e-05,1.221e-05,20377633206.179157,667
1662681600,1.221e-05,1.376e-05,1.221e-05,1.288e-05,39987568309.89915,1126
1662768000,1.286e-05,1.345e-05,1.266e-05,1.319e-05,22582096725.242558,764
1662854400,1.319e-05,1.341e-05,1.25e-05,1.29e-05,35859729087.180756,618
1662940800,1.291e-05,1.304e-05,1.236e-05,1.27e-05,31733750828.909107,574
1663027200,1.272e-05,1.281e-05,1.194e-05,1.211e-05,22030638834.95308,515
1663113600,1.211e-05,1.241e-05,1.2e-05,1.222e-05,7913242788.769359,366
1663200000,1.223e-05,1.225e-05,1.15e-05,1.176e-05,11666280397.25612,404
1663286400,1.172e-05,1.18e-05,1.131e-05,1.153e-05,9760552410.658611,381
1663372800,1.156e-05,1.198e-05,1.154e-05,1.194e-05,4273000007.639291,223
1663459200,1.193e-05,1.193e-05,9.95e-06,1.058e-05,22304078549.52419,491
1663545600,1.061e-05,1.11e-05,1.056e-05,1.097e-05,18740332618.336926,472
1663632000,1.096e-05,1.099e-05,1.055e-05,1.058e-05,5648092564.975347,277
1663718400,1.055e-05,1.12e-05,1.032e-05,1.059e-05,27579203071.22339,460
1663804800,1.057e-05,1.109e-05,1.057e-05,1.1e-05,12163993851.078081,317
1663891200,1.102e-05,1.161e-05,1.084e-05,1.142e-05,8608810888.588789,340
1663977600,1.143e-05,1.254e-05,1.136e-05,1.16e-05,48284968664.27608,791
1664064000,1.164e-05,1.191e-05,1.126e-05,1.137e-05,11566950608.278719,312
1664150400,1.137e-05,1.165e-05,1.118e-05,1.156e-05,13543901883.266724,378
1664236800,1.156e-05,1.192e-05,1.134e-05,1.162e-05,19684573975.968945,350
1664323200,1.16e-05,1.19e-05,1.125e-05,1.142e-05,13439648510.438236,303
1664409600,1.143e-05,1.157e-05,1.121e-05,1.131e-05,9097670149.108814,270
1664496000,1.133e-05,1.171e-05,1.127e-05,1.154e-05,13894786574.986847,562
1664582400,1.155e-05,1.17e-05,1.133e-05,1.14e-05,8910433223.799461,229
1664668800,1.14e-05,1.145e-05,1.101e-05,1.118e-05,7909689595.307378,314
1664755200,1.118e-05,1.142e-05,1.116e-05,1.136e-05,5332499440.279612,208
1664841600,1.139e-05,1.172e-05,1.125e-05,1.164e-05,5476364010.456103,250
1664928000,1.164e-05,1.18e-05,1.134e-05,1.154e-05,9002670165.30173,301
1665014400,1.154e-05,1.172e-05,1.134e-05,1.141e-05,8701970646.026264,244
1665100800,1.143e-05,1.147e-05,1.121e-05,1.14e-05,5844173333.719471,243
1665187200,1.141e-05,1.143e-05,1.113e-05,1.13e-05,2298429226.73754,142
1665273600,1.13e-05,1.138e-05,1.128e-05,1.133e-05,3906784340.16828,132
1665360000,1.135e-05,1.139e-05,1.025e-05,1.052e-05,11781556562.086134,344
1665446400,1.054e-05,1.069e-05,1.004e-05,1.056e-05,9269892525.86263,386
1665532800,1.056e-05,1.069e-05,1.04e-05,1.05e-05,4690714549.012782,222
1665619200,1.048e-05,1.101e-05,9.55e-06,1.066e-05,22803216565.927753,623
1665705600,1.064e-05,1.091e-05,1.029e-05,1.045e-05,8525970751.024456,264
1665792000,1.048e-05,1.078e-05,1.032e-05,1.052e-05,4533897844.75568,184
1665878400,1.054e-05,1.065e-05,1.047e-05,1.054e-05,5709943639.454199,219
1665964800,1.056e-05,1.067e-05,1.044e-05,1.056e-05,8923582837.022545,262
1666051200,1.056e-05,1.061e-05,1.014e-05,1.031e-05,21918512423.0529,296
1666137600,1.033e-05,1.041e-05,9.79e-06,1.013e-05,17776127543.97596,288
1666224000,1.009e-05,1.03e-05,1.004e-05,1.015e-05,16593087133.246202,344
1666310400,1.015e-05,1.027e-05,9.89e-06,1.017e-05,10397018751.24402,325
1666396800,1.017e-05,1.021e-05,1.007e-05,1.016e-05,2640227247.6142607,143
1666483200,1.015e-05,1.03e-05,1.001e-05,1.026e-05,10993767488.710999,216
1666569600,1.031e-05,1.031e-05,1e-05,1.002e-05,9682295382.570549,248
1666656000,1.004e-05,1.042e-05,9.99e-06,1.029e-05,14518955584.24243,319
1666742400,1.025e-05,1.078e-05,1.023e-05,1.071e-05,6303063240.579765,361
1666828800,1.072e-05,1.173e-05,1.062e-05,1.071e-05,26019131597.209755,721
1666915200,1.06e-05,1.226e-05,1.037e-05,1.176e-05,37763358813.97343,863
1667001600,1.176e-05,1.524e-05,1.16e-05,1.294e-05,141181019841.27548,2618
1667088000,1.296e-05,1.393e-05,1.167e-05,1.198e-05,60535046417.19778,1170
1667174400,1.199e-05,1.326e-05,1.184e-05,1.263e-05,29979074968.66523,925
1667260800,1.259e-05,1.361e-05,1.245e-05,1.301e-05,53714078208.20638,1003
1667347200,1.288e-05,1.309e-05,1.171e-05,1.2e-05,25960020537.322235,708
1667433600,1.198e-05,1.26e-05,1.198e-05,1.203e-05,12185964588.374598,429
1667520000,1.202e-05,1.39e-05,1.189e-05,1.258e-05,44669324087.02609,771
1667606400,1.258e-05,1.321e-05,1.22e-05,1.254e-05,21034378812.948624,572
1667692800,1.25e-05,1.294e-05,1.182e-05,1.192e-05,22280218712.1528,556
1667779200,1.192e-05,1.216e-05,1.15e-05,1.177e-05,22254098832.94041,543
1667865600,1.179e-05,1.186e-05,9.2e-06,1.014e-05,56010751477.85398,1360
1667952000,1.017e-05,1.023e-05,8.3e-06,8.71e-06,46953480253.028015,1179
1668038400,8.68e-06,1.033e-05,8.64e-06,9.99e-06,39193418454.98994,869
1668124800,9.98e-06,1.022e-05,9.15e-06,9.53e-06,17190177108.730015,444
1668211200,9.51e-06,9.52e-06,8.96e-06,9.19e-06,8632857631.382881,332
1668297600,9.22e-06,9.35e-06,8.58e-06,8.7e-06,11021726966.038673,454
1668384000,8.7e-06,9.07e-06,8.29e-06,8.79e-06,14439948878.01191,474
1668470400,8.79e-06,9.16e-06,8.73e-06,8.94e-06,11661474117.022442,402
1668556800,8.93e-06,9.28e-06,8.59e-06,8.78e-06,20159245686.150738,464
1668643200,8.81e-06,8.86e-06,8.67e-06,8.72e-06,6963899816.398278,267
1668729600,8.77e-06,8.87e-06,8.68e-06,8.81e-06,4719075442.50731,253
1668816000,8.81e-06,8.92e-06,8.68e-06,8.85e-06,8230982816.947844,197
1668902400,8.87e-06,8.91e-06,8.41e-06,8.46e-06,4858269669.595791,256
1668988800,8.49e-06,8.49e-06,8.04e-06,8.23e-06,29770647658.37193,391
1669075200,8.3e-06,8.56e-06,7.97e-06,8.53e-06,24174183321.695824,345
1669161600,8.54e-06,8.79e-06,8.5e-06,8.67e-06,5797151104.577842,287
1669248000,8.7e-06,8.77e-06,8.54e-06,8.63e-06,4222005799.54023,265
1669334400,8.66e-06,9.03e-06,8.5e-06,8.83e-06,10045167492.198181,325
1669420800,8.8e-06,8.97e-06,8.6e-06,8.68e-06,5790721323.345214,258
1669507200,8.66e-06,9.25e-06,8.66e-06,8.93e-06,6176231480.073424,281
1669593600,8.98e-06,9e-06,8.5e-06,8.77e-06,8048515670.589526,289
1669680000,8.77e-06,8.93e-06,8.7e-06,8.79e-06,7612931384.1178875,371
1669766400,8.84e-06,9.06e-06,8.78e-06,8.96e-06,9718422289.772497,643
1669852800,8.98e-06,8.98e-06,8.66e-06,8.75e-06,8312668063.185352,926
1669939200,8.75e-06,8.87e-06,8.66e-06,8.86e-06,5697390573.214391,627
1670025600,8.88e-06,9e-06,8.7e-06,8.75e-06,5496259078.49961,327
1670112000,8.74e-06,8.9e-06,8.74e-06,8.88e-06,3332788743.5489297,347
1670198400,8.89e-06,9.58e-06,8.84e-06,8.97e-06,46426361126.34682,1304
1670284800,9e-06,9e-06,8.8e-06,8.89e-06,6005068983.057751,600
1670371200,8.89e-06,8.94e-06,8.57e-06,8.66e-06,9314953706.552885,585
1670457600,8.68e-06,8.83e-06,8.56e-06,8.79e-06,10350048848.2093,591
1670544000,8.78e-06,8.86e-06,8.69e-06,8.75e-06,6137631441.813611,402
1670630400,8.75e-06,8.82e-06,8.69e-06,8.71e-06,3462241490.7424293,250
1670716800,8.72e-06,8.81e-06,8.61e-06,8.65e-06,4833662797.468221,336
1670803200,8.64e-06,8.65e-06,8e-06,8.47e-06,9053818225.55932,719
1670889600,8.5e-06,8.8e-06,8.21e-06,8.61e-06,9959950430.65538,591
1670976000,8.63e-06,8.71e-06,8.32e-06,8.4e-06,14616742797.030539,583
1671062400,8.41e-06,8.42e-06,8.22e-06,8.31e-06,6946601461.436345,525
1671148800,8.32e-06,8.45e-06,7.61e-06,7.76e-06,11976900073.732386,762
1671235200,7.72e-06,7.89e-06,7.58e-06,7.84e-06,9202091006.319132,468
1671321600,7.83e-06,8.5e-06,7.76e-06,8.06e-06,28184462726.61398,839
1671408000,8.08e-06,8.27e-06,7.48e-06,7.65e-06,27511039998.75378,964
1671494400,7.68e-06,7.98e-06,7.68e-06,7.98e-06,10291933056.536928,476
1671580800,7.98e-06,7.98e-06,7.72e-06,7.78e-06,9424254917.621159,411
1671667200,7.76e-06,7.94e-06,7.72e-06,7.87e-06,7106972296.101276,460
1671753600,7.88e-06,7.91e-06,7.73e-06,7.78e-06,8444583249.083181,380
1671840000,7.8e-06,7.85e-06,7.76e-06,7.83e-06,3814734662.80808,238
1671926400,7.83e-06,7.88e-06,7.72e-06,7.8e-06,4679131623.613202,256
1672012800,7.8e-06,7.86e-06,7.75e-06,7.79e-06,2647800088.87261,273
1672099200,7.83e-06,7.83e-06,7.58e-06,7.69e-06,11472492766.95944,584
1672185600,7.7e-06,7.7e-06,7.33e-06,7.43e-06,9100049991.173515,620
1672272000,7.45e-06,7.79e-06,7.41e-06,7.72e-06,10849811284.507736,525
1672358400,7.68e-06,7.71e-06,7.43e-06,7.52e-06,11597322370.817331,580
1672444800,7.53e-06,7.65e-06,7.48e-06,7.54e-06,8182964964.475196,399
1672531200,7.55e-06,7.6e-06,7.47e-06,7.6e-06,3894325342.270712,250
1672617600,7.6e-06,7.72e-06,7.5e-06,7.67e-06,9133050719.628492,539
1672704000,7.67e-06,7.77e-06,7.61e-06,7.71e-06,8258283197.248993,524
1672790400,7.71e-06,8.02e-06,7.69e-06,7.9e-06,21505950736.51391,593
1672876800,7.89e-06,8.29e-06,7.85e-06,7.98e-06,22440273142.870327,800
1672963200,7.98e-06,8.05e-06,7.79e-06,7.94e-06,9269584441.281952,439
1673049600,7.91e-06,8.16e-06,7.88e-06,7.92e-06,10174259707.401505,412
1673136000,7.92e-06,8.15e-06,7.83e-06,8.1e-06,10270909495.288736,400
1673222400,8.11e-06,8.53e-06,7.99e-06,8.06e-06,41574808598.42897,1039
1673308800,8.12e-06,8.99e-06,7.97e-06,8.62e-06,45031401031.56876,1209
1673395200,8.59e-06,8.62e-06,8.04e-06,8.49e-06,30890159242.78637,891
1673481600,8.47e-06,8.99e-06,8.21e-06,8.72e-06,42904248353.38462,1168
1673568000,8.75e-06,9.48e-06,8.57e-06,9.41e-06,29094804686.596844,1071
1673654400,9.4e-06,1.025e-05,8.87e-06,9.6e-06,62336495136.682495,1776
1673740800,9.6e-06,1.015e-05,9.03e-06,9.85e-06,38797955225.34111,1134
1673827200,9.8e-06,1.047e-05,9.32e-06,9.7e-06,59628851655.21281,1567
1673913600,9.71e-06,9.96e-06,9.47e-06,9.78e-06,26280603907.144318,978
1674000000,9.78e-06,1.2e-05,9.78e-06,1.035e-05,96101415200.99165,3225
1674086400,1.041e-05,1.09e-05,1.002e-05,1.064e-05,34981287566.03255,1076
1674172800,1.062e-05,1.142e-05,1.047e-05,1.127e-05,25160721402.46322,1161
1674259200,1.131e-05,1.151e-05,1.082e-05,1.094e-05,40088483430.336464,1517
1674345600,1.092e-05,1.152e-05,1.065e-05,1.105e-05,22750618851.42753,1101
1674432000,1.107e-05,1.122e-05,1.086e-05,1.106e-05,12950059931.032879,793
1674518400,1.103e-05,1.12e-05,1e-05,1.028e-05,17794838679.34477,971
1674604800,1.027e-05,1.096e-05,1e-05,1.066e-05,20023291030.532326,846
1674691200,1.067e-05,1.086e-05,1.048e-05,1.067e-05,11085438501.798038,608
1674777600,1.068e-05,1.092e-05,1.039e-05,1.079e-05,22084903115.533306,702
1674864000,1.083e-05,1.134e-05,1.075e-05,1.087e-05,14788491459.19205,631
1674950400,1.089e-05,1.119e-05,1.082e-05,1.112e-05,12607809552.898981,553
1675036800,1.11e-05,1.116e-05,1.025e-05,1.063e-05,14059445763.65113,1016
1675123200,1.062e-05,1.103e-05,1.055e-05,1.089e-05,13360744846.958103,982
1675209600,1.089e-05,1.095e-05,1.037e-05,1.087e-05,22430918320.617996,952
1675296000,1.09e-05,1.186e-05,1.085e-05,1.111e-05,51135976765.55203,1829
1675382400,1.116e-05,1.193e-05,1.11e-05,1.175e-05,26157468200.808502,1312
1675468800,1.177e-05,1.458e-05,1.177e-05,1.363e-05,124186464757.154,4145
1675555200,1.355e-05,1.419e-05,1.295e-05,1.327e-05,38114765585.87915,1946
1675641600,1.326e-05,1.373e-05,1.3e-05,1.311e-05,57844149850.04332,1338
1675728000,1.317e-05,1.347e-05,1.282e-05,1.341e-05,47403080476.43153,1200
1675814400,1.34e-05,1.351e-05,1.26e-05,1.279e-05,28842825930.647655,1012
1675900800,1.284e-05,1.291e-05,1.091e-05,1.133e-05,42766782497.03071,1333
1675987200,1.13e-05,1.247e-05,1.129e-05,1.205e-05,44282861768.74092,1076
1676073600,1.204e-05,1.228e-05,1.163e-05,1.208e-05,30550959998.630573,640
1676160000,1.21e-05,1.266e-05,1.178e-05,1.197e-05,15885661046.009897,591
1676246400,1.206e-05,1.223e-05,1.12e-05,1.162e-05,19110931609.847748,794
1676332800,1.161e-05,1.193e-05,1.125e-05,1.188e-05,28046857640.4736,700
1676419200,1.189e-05,1.296e-05,1.174e-05,1.286e-05,28641268027.92624,918
1676505600,1.291e-05,1.303e-05,1.177e-05,1.191e-05,46632912147.02515,1294
1676592000,1.192e-05,1.248e-05,1.185e-05,1.231e-05,18382644974.635128,642
1676678400,1.231e-05,1.252e-05,1.218e-05,1.233e-05,18357363171.851105,555
1676764800,1.23e-05,1.308e-05,1.226e-05,1.247e-05,37116176341.16943,853
1676851200,1.255e-05,1.284e-05,1.223e-05,1.26e-05,23313311191.610046,743
1676937600,1.263e-05,1.274e-05,1.205e-05,1.224e-05,22270510238.951614,661
1677024000,1.23e-05,1.238e-05,1.179e-05,1.237e-05,18721138797.402275,766
1677110400,1.231e-05,1.286e-05,1.225e-05,1.241e-05,23992051568.05545,798
1677196800,1.244e-05,1.247e-05,1.168e-05,1.19e-05,10076860870.752487,650
1677283200,1.191e-05,1.199e-05,1.14e-05,1.178e-05,14761272636.44593,574
1677369600,1.175e-05,1.248e-05,1.173e-05,1.216e-05,11764196321.910305,660
1677456000,1.218e-05,1.22e-05,1.165e-05,1.179e-05,9166812778.974234,787
1677542400,1.179e-05,1.184e-05,1.132e-05,1.135e-05,11232896930.119596,801
1677628800,1.136e-05,1.167e-05,1.131e-05,1.147e-05,9167650395.21203,684
1677715200,1.148e-05,1.153e-05,1.108e-05,1.139e-05,18202104797.436417,803
1677801600,1.138e-05,1.138e-05,1.025e-05,1.073e-05,13847799914.511324,921
1677888000,1.071e-05,1.077e-05,1.015e-05,1.044e-05,11642229622.15822,577
1677974400,1.045e-05,1.061e-05,1.04e-05,1.043e-05,7400948986.34063,438
1678060800,1.043e-05,1.052e-05,1.024e-05,1.041e-05,11444315275.20494,502
1678147200,1.045e-05,1.057e-05,1.004e-05,1.048e-05,13906982577.59522,497
1678233600,1.053e-05,1.105e-05,1.019e-05,1.033e-05,23845448729.794163,715
1678320000,1.037e-05,1.055e-05,9.3e-06,9.52e-06,16647737491.722343,960
1678406400,9.52e-06,9.74e-06,9.12e-06,9.71e-06,15407646021.445852,894
1678492800,9.65e-06,9.92e-06,9.19e-06,9.53e-06,12184280515.996994,640
1678579200,9.57e-06,1.003e-05,9.4e-06,9.98e-06,12203584335.225199,556
1678665600,9.98e-06,1.042e-05,8.4e-06,1.012e-05,44802767606.19009,1081
1678752000,1.013e-05,1.097e-05,1.004e-05,1.046e-05,46748415263.841576,1225
1678838400,1.047e-05,1.057e-05,9.64e-06,9.8e-06,16859335930.2504,1008
1678924800,9.83e-06,9.98e-06,9.6e-06,9.93e-06,11483303788.498049,656
1679011200,9.9e-06,1.046e-05,9.85e-06,1.044e-05,20539116117.257927,818
1679097600,1.039e-05,1.064e-05,9.97e-06,1.002e-05,17631922198.646694,800
1679184000,1.003e-05,1.047e-05,1.003e-05,1.024e-05,21987978072.656868,728
1679270400,1.019e-05,1.032e-05,9.68e-06,9.77e-06,20903979784.198833,929
1679356800,9.78e-06,1.034e-05,9.61e-06,1.018e-05,18066671316.84246,1052
1679443200,1.017e-05,1.027e-05,9.46e-06,9.75e-06,17630421992.914375,1004
1679529600,9.76e-06,1.007e-05,9.7e-06,1.003e-05,13150175958.608555,705
1679616000,1.003e-05,1.004e-05,9.66e-06,9.87e-06,14504272602.706038,687
1679702400,9.89e-06,9.98e-06,9.66e-06,9.78e-06,6605130038.685564,562
1679788800,9.79e-06,9.94e-06,9.76e-06,9.85e-06,7041954215.684329,452
1679875200,9.87e-06,1.019e-05,9.48e-06,9.62e-06,12048486358.512917,798
1679961600,9.64e-06,9.68e-06,9.48e-06,9.64e-06,21841760512.608364,697
1680048000,9.66e-06,1.003e-05,9.64e-06,9.84e-06,20206335292.26567,808
1680134400,9.83e-06,9.94e-06,9.57e-06,9.71e-06,14916261040.985006,651
1680220800,9.7e-06,1.012e-05,9.63e-06,1.002e-05,10286425034.679262,852
1680307200,1.004e-05,1.06e-05,9.9e-06,1.031e-05,17915335710.672733,847
1680393600,1.031e-05,1.06e-05,9.91e-06,1.003e-05,13849886896.499235,638
1680480000,1e-05,1.071e-05,9.75e-06,1.03e-05,22615696144.91523,1163
1680566400,1.029e-05,1.06e-05,1.017e-05,1.025e-05,56309123317.312515,952
1680652800,1.024e-05,1.047e-05,1.014e-05,1.029e-05,23152772862.160465,659
1680739200,1.031e-05,1.031e-05,9.97e-06,1.005e-05,12848068549.674133,539
1680825600,1.001e-05,1.009e-05,9.92e-06,1.003e-05,5168616328.531416,447
1680912000,1e-05,1.016e-05,9.91e-06,9.99e-06,5198085678.328012,471
1680998400,1e-05,1.01e-05,9.93e-06,1.004e-05,5399778406.607023,501
1681084800,1.006e-05,1.026e-05,9.98e-06,1.024e-05,20715415411.14441,611
1681171200,1.024e-05,1.026e-05,1.011e-05,1.013e-05,10531725437.463552,671
1681257600,1.013e-05,1.015e-05,9.69e-06,9.98e-06,15553936471.886473,913
1681344000,9.99e-06,1.018e-05,9.91e-06,1.006e-05,11980368094.742392,726
1681430400,1.005e-05,1.036e-05,1.001e-05,1.022e-05,16204571046.942297,946
1681516800,1.02e-05,1.055e-05,1.006e-05,1.051e-05,10600521676.695688,610
1681603200,1.051e-05,1.08e-05,1.038e-05,1.054e-05,23490619254.956615,860
1681689600,1.054e-05,1.063e-05,1.022e-05,1.04e-05,12441347178.067627,926
1681776000,1.041e-05,1.068e-05,1.032e-05,1.056e-05,25369527460.807617,939
1681862400,1.052e-05,1.058e-05,9.66e-06,9.92e-06,50821375067.472885,1677
1681948800,9.89e-06,1.005e-05,9.49e-06,9.68e-06,11133094991.780743,955
1682035200,9.69e-06,9.73e-06,9.15e-06,9.34e-06,14216066137.289686,742
1682121600,9.34e-06,9.58e-06,9.27e-06,9.55e-06,10441660848.784058,627
1682208000,9.53e-06,9.54e-06,9.2e-06,9.41e-06,6589702428.346644,583
1682294400,9.41e-06,9.48e-06,9.2e-06,9.28e-06,6042420557.688438,702
1682380800,9.31e-06,9.53e-06,9.19e-06,9.45e-06,19796287217.097435,821
1682467200,9.44e-06,9.73e-06,8.85e-06,9.19e-06,20271885106.353107,1008
1682553600,9.19e-06,9.42e-06,9.19e-06,9.32e-06,10882644080.721886,595
1682640000,9.3e-06,9.39e-06,9.18e-06,9.31e-06,25384040810.238182,527
1682726400,9.31e-06,9.4e-06,9.25e-06,9.35e-06,3313270851.331109,359
1682812800,9.35e-06,9.35e-06,9.11e-06,9.17e-06,3221999415.0884595,496
1682899200,9.16e-06,9.2e-06,8.89e-06,9.08e-06,7679864252.369743,808
1682985600,9.08e-06,9.21e-06,8.98e-06,9.09e-06,5600146260.890134,599
1683072000,9.1e-06,9.21e-06,8.89e-06,9.14e-06,5521544456.628922,619
1683158400,9.14e-06,9.14e-06,8.97e-06,8.98e-06,5888910234.938547,601
1683244800,8.98e-06,9.12e-06,8.92e-06,9.08e-06,12769920196.92089,625
1683331200,9.08e-06,9.1e-06,8.35e-06,8.61e-06,10876108900.95558,916
1683417600,8.61e-06,8.66e-06,8.5e-06,8.5e-06,7482077916.391645,479
1683504000,8.5e-06,8.5e-06,7.6e-06,8.13e-06,25158000403.841885,1219
1683590400,8.11e-06,8.24e-06,7.94e-06,8.22e-06,8860218726.675213,756
1683676800,8.21e-06,8.34e-06,7.85e-06,8.2e-06,10565427735.19754,690
1683763200,8.19e-06,8.2e-06,7.8e-06,7.98e-06,12324024340.880562,662
1683849600,7.95e-06,8.17e-06,7.8e-06,8.16e-06,8857276021.87213,681
1683936000,8.15e-06,8.16e-06,8.01e-06,8.06e-06,3636862899.1222787,383
1684022400,8.04e-06,8.18e-06,7.98e-06,8.1e-06,3771154750.8023434,352
1684108800,8.1e-06,8.21e-06,8.01e-06,8.09e-06,9463035562.458012,524
1684195200,8.09e-06,8.11e-06,7.98e-06,8.07e-06,4690348333.71003,424
1684281600,8.06e-06,8.16e-06,7.93e-06,8.08e-06,7436135742.736605,506
1684368000,8.09e-06,8.16e-06,7.9e-06,8.08e-06,6147276337.411438,490
1684454400,8.07e-06,8.09e-06,8e-06,8.04e-06,5649628127.198673,356
1684540800,8.04e-06,8.1e-06,7.99e-06,8.07e-06,4853369405.463328,307
1684627200,8.09e-06,8.1e-06,7.85e-06,7.88e-06,4369298481.79695,391
1684713600,7.88e-06,8.31e-06,7.8e-06,8.1e-06,14672186723.090565,694
1684800000,8.12e-06,8.5e-06,8.12e-06,8.26e-06,12339230754.272722,631
1684886400,8.27e-06,8.27e-06,7.82e-06,7.92e-06,12361291747.754139,730
1684972800,7.9e-06,8.07e-06,7.72e-06,7.93e-06,9514341221.38965,708
1685059200,7.93e-06,8.02e-06,7.85e-06,7.98e-06,5613862004.482853,475
1685145600,7.98e-06,8.06e-06,7.93e-06,8.06e-06,3060595768.043538,290
1685232000,8.04e-06,8.29e-06,8.02e-06,8.22e-06,10075015467.86857,528
1685318400,8.21e-06,8.27e-06,8.1e-06,8.12e-06,13791770880.526419,506
1685404800,8.13e-06,8.19e-06,8.06e-06,8.09e-06,6137979767.969158,475
1685491200,8.09e-06,8.12e-06,7.81e-06,8.03e-06,14143319676.632498,1230
1685577600,8.03e-06,8.19e-06,7.87e-06,7.87e-06,11894362014.551916,684
1685664000,7.87e-06,8.15e-06,7.67e-06,8.03e-06,13524634345.692768,677
1685750400,8.05e-06,8.12e-06,7.97e-06,8.03e-06,4749789208.670888,339
1685836800,8.03e-06,8.12e-06,8.01e-06,8.04e-06,14238546667.020775,406
1685923200,8.05e-06,8.1e-06,7.24e-06,7.46e-06,29760996085.66877,987
1686009600,7.46e-06,7.69e-06,7.37e-06,7.66e-06,9227305630.030148,471
1686096000,7.62e-06,7.63e-06,7.26e-06,7.37e-06,16458719861.634872,403
1686182400,7.36e-06,7.47e-06,7.3e-06,7.38e-06,4498190441.3139105,207
1686268800,7.35e-06,7.48e-06,7.26e-06,7.32e-06,11447285446.495077,262
1686355200,7.34e-06,7.34e-06,5.17e-06,6.38e-06,63439538777.063965,1959
1686441600,6.39e-06,6.41e-06,6.1e-06,6.2e-06,19828923010.591625,466
1686528000,6.21e-06,6.23e-06,5.96e-06,6.21e-06,12864746850.858969,485
1686614400,6.19e-06,6.4e-06,6.14e-06,6.3e-06,13971934620.689507,311
1686700800,6.3e-06,6.4e-06,5.96e-06,6.04e-06,12497360378.731934,377
1686787200,6.05e-06,6.24e-06,5.95e-06,6.16e-06,21220026417.469093,426
1686873600,6.17e-06,6.28e-06,6.04e-06,6.23e-06,7138828945.992951,410
1686960000,6.24e-06,6.39e-06,6.21e-06,6.37e-06,8012129115.524146,349
1687046400,6.34e-06,6.89e-06,6.32e-06,6.62e-06,15673534339.937233,578
1687132800,6.6e-06,6.71e-06,6.44e-06,6.62e-06,12920907497.268063,368
1687219200,6.63e-06,6.67e-06,6.4e-06,6.67e-06,11762995243.850004,289
1687305600,6.67e-06,6.93e-06,6.63e-06,6.87e-06,21911153281.25088,437
1687392000,6.88e-06,7.67e-06,6.88e-06,7.16e-06,53080107134.919464,1031
1687478400,7.15e-06,7.48e-06,7.09e-06,7.24e-06,31088450046.088593,486
1687564800,7.28e-06,7.4e-06,7.04e-06,7.17e-06,7819800019.30589,312
1687651200,7.17e-06,7.36e-06,7.13e-06,7.2e-06,7453655097.882718,219
1687737600,7.21e-06,7.25e-06,6.82e-06,6.91e-06,6952352322.626603,358
1687824000,6.93e-06,6.98e-06,6.85e-06,6.92e-06,5847946280.366032,230
1687910400,6.95e-06,6.95e-06,6.45e-06,6.64e-06,5719748317.422541,344
1687996800,6.64e-06,6.83e-06,6.64e-06,6.74e-06,9202538664.146502,262
1688083200,6.76e-06,7.06e-06,6.44e-06,6.91e-06,10227775876.197147,668
1688169600,6.91e-06,7.11e-06,6.87e-06,7e-06,8669117470.425755,350
1688256000,7.01e-06,7.07e-06,6.81e-06,7.01e-06,3687209224.474859,218
1688342400,7.02e-06,7.15e-06,6.99e-06,7.11e-06,11976378055.470676,475
1688428800,7.1e-06,7.21e-06,6.99e-06,7.08e-06,15311008138.96296,355
1688515200,7.05e-06,7.12e-06,6.78e-06,6.89e-06,8414733060.355092,395
1688601600,6.87e-06,7.06e-06,6.59e-06,6.59e-06,12353927571.888039,313
1688688000,6.55e-06,6.7e-06,6.5e-06,6.66e-06,9479754568.821756,234
1688774400,6.68e-06,7.05e-06,6.64e-06,6.99e-06,13699137200.18888,275
1688860800,6.92e-06,7.12e-06,6.92e-06,7.03e-06,20466418907.783493,366
1688947200,7.06e-06,7.06e-06,6.77e-06,6.86e-06,8462523995.923918,440
1689033600,6.85e-06,6.91e-06,6.77e-06,6.86e-06,3717462822.0032,240
1689120000,6.82e-06,6.9e-06,6.59e-06,6.75e-06,7137897175.821502,324
1689206400,6.75e-06,7.23e-06,6.68e-06,7.13e-06,46813038555.246666,716
1689292800,7.11e-06,7.51e-06,6.76e-06,7.13e-06,38746213708.57069,936
1689379200,7.1e-06,7.6e-06,7.07e-06,7.2e-06,30354455893.164185,715
1689465600,7.28e-06,7.28e-06,6.98e-06,6.98e-06,20935183865.862446,326
1689552000,7.01e-06,7.2e-06,6.78e-06,6.99e-06,14696007674.499874,586
1689638400,7e-06,7.01e-06,6.77e-06,6.87e-06,20577432332.88877,435
1689724800,6.84e-06,6.99e-06,6.84e-06,6.91e-06,22876012874.115948,443
1689811200,6.92e-06,7.06e-06,6.84e-06,6.89e-06,15293193888.32595,458
1689897600,6.92e-06,7.2e-06,6.88e-06,7.06e-06,23854797295.164658,396
1689984000,7.05e-06,7.1e-06,6.92e-06,7e-06,10791993301.940582,298
1690070400,7e-06,7.11e-06,6.95e-06,7.07e-06,4585390741.783492,221
1690156800,7.07e-06,7.24e-06,6.84e-06,6.92e-06,28458012097.711872,543
1690243200,6.94e-06,7.19e-06,6.9e-06,7.15e-06,63844173014.93135,624
1690329600,7.17e-06,7.21e-06,6.98e-06,7.09e-06,22977122713.92874,431
1690416000,7.1e-06,7.14e-06,7.04e-06,7.1e-06,20751212180.708584,405
1690502400,7.09e-06,7.65e-06,7.08e-06,7.42e-06,49650158417.904755,1079
1690588800,7.39e-06,7.84e-06,7.37e-06,7.74e-06,23654150850.287556,649
1690675200,7.74e-06,7.95e-06,7.37e-06,7.51e-06,34173170063.311768,734
1690761600,7.51e-06,7.89e-06,7.44e-06,7.71e-06,42939435855.928,1240
1690848000,7.64e-06,7.69e-06,7.41e-06,7.63e-06,24925939417.187714,809
1690934400,7.64e-06,7.68e-06,7.35e-06,7.43e-06,15990486336.973698,857
1691020800,7.43e-06,7.64e-06,7.42e-06,7.55e-06,18430823373.1899,922
1691107200,7.56e-06,8e-06,7.55e-06,7.87e-06,56155149346.45201,1905
1691193600,7.88e-06,9.54e-06,7.84e-06,9.06e-06,178884796838.08817,5152
1691280000,9.1e-06,9.32e-06,8.34e-06,8.53e-06,67613262157.33732,1874
1691366400,8.52e-06,8.58e-06,7.96e-06,8.13e-06,49788354036.071556,1482
1691452800,8.13e-06,8.83e-06,8.06e-06,8.66e-06,63895785282.6283,1940
1691539200,8.65e-06,9.14e-06,8.56e-06,8.75e-06,122723758348.84593,2352
1691625600,8.77e-06,9.2e-06,8.74e-06,9.05e-06,76945311028.27971,1410
1691712000,9.03e-06,9.64e-06,8.9e-06,9.61e-06,62502394807.50954,1926
1691798400,9.59e-06,1.039e-05,9.52e-06,9.75e-06,125835026207.26474,2964
1691884800,9.75e-06,9.88e-06,9.25e-06,9.35e-06,98813494240.59631,1660
1691971200,9.35e-06,9.71e-06,9.11e-06,9.32e-06,129923706846.89644,2260
1692057600,9.32e-06,9.73e-06,8.57e-06,9.08e-06,105701956775.22736,2243
1692144000,9.09e-06,9.28e-06,8.28e-06,8.48e-06,110997565714.1015,2668
1692230400,8.44e-06,8.58e-06,6.48e-06,7.46e-06,139222881520.12366,2903
1692316800,7.47e-06,8.01e-06,7.38e-06,7.89e-06,129446396487.2757,2029
1692403200,7.89e-06,8e-06,7.67e-06,7.76e-06,59827265920.30067,928
1692489600,7.78e-06,7.81e-06,7.52e-06,7.63e-06,37014607318.47509,601
1692576000,7.65e-06,7.71e-06,7.12e-06,7.33e-06,24706146863.147194,938
1692662400,7.3e-06,7.43e-06,6.97e-06,7.37e-06,40466626589.1817,900
1692748800,7.37e-06,7.86e-06,7.35e-06,7.68e-06,72891409672.52037,1409
1692835200,7.66e-06,7.7e-06,7.43e-06,7.61e-06,32553201406.55542,556
1692921600,7.58e-06,7.64e-06,7.41e-06,7.55e-06,13240516477.338745,543
1693008000,7.52e-06,7.64e-06,7.49e-06,7.5e-06,6797226361.3595915,265
1693094400,7.49e-06,7.57e-06,7.42e-06,7.45e-06,8283690717.452467,297
1693180800,7.46e-06,7.69e-06,7.28e-06,7.59e-06,23870211411.759426,702
1693267200,7.6e-06,7.81e-06,7.44e-06,7.68e-06,34873561207.64067,713
1693353600,7.7e-06,7.7e-06,7.4e-06,7.48e-06,17877553583.670475,403
1693440000,7.45e-06,7.58e-06,7.17e-06,7.36e-06,25215939421.485207,711
1693526400,7.38e-06,7.4e-06,7.17e-06,7.31e-06,11124749050.032959,545
1693612800,7.33e-06,7.37e-06,7.22e-06,7.27e-06,7728998153.428232,252
1693699200,7.28e-06,7.3e-06,7.08e-06,7.15e-06,11342025708.936483,344
1693785600,7.14e-06,7.22e-06,6.85e-06,6.94e-06,10718669360.845005,554
1693872000,6.94e-06,7.19e-06,6.88e-06,7.12e-06,12755700324.099525,428
1693958400,7.14e-06,7.25e-06,7e-06,7.16e-06,19082298013.76903,471
1694044800,7.17e-06,7.2e-06,7.06e-06,7.16e-06,9713457810.987625,308
1694131200,7.19e-06,7.19e-06,7e-06,7.1e-06,5608544560.173472,260
1694217600,7.12e-06,7.15e-06,7.07e-06,7.08e-06,3890927645.009382,171
1694304000,7.07e-06,7.07e-06,6.74e-06,6.9e-06,29491063556.537834,542
1694390400,6.88e-06,6.9e-06,6.47e-06,6.53e-06,23883788993.463284,659
1694476800,6.57e-06,6.87e-06,6.57e-06,6.68e-06,15534613844.848116,389
1694563200,6.66e-06,6.83e-06,6.65e-06,6.75e-06,15657705372.099794,444
1694649600,6.77e-06,6.98e-06,6.72e-06,6.9e-06,12119311861.736198,433
1694736000,6.92e-06,7.02e-06,6.86e-06,7e-06,12923791285.813595,452
1694822400,7.02e-06,7.1e-06,6.88e-06,6.94e-06,9064691729.710423,366
1694908800,6.93e-06,6.93e-06,6.66e-06,6.77e-06,6574463500.655691,455
1694995200,6.77e-06,6.95e-06,6.7e-06,6.78e-06,13082046408.03689,540
1695081600,6.78e-06,6.95e-06,6.76e-06,6.94e-06,4430144815.398532,331
1695168000,6.94e-06,7.03e-06,6.8e-06,6.97e-06,11853035461.059486,364
1695254400,7.03e-06,7.09e-06,6.78e-06,6.8e-06,5798251258.39073,377
1695340800,6.79e-06,6.87e-06,6.72e-06,6.85e-06,3116543132.119291,222
1695427200,6.85e-06,7.23e-06,6.85e-06,7.06e-06,22605697915.3841,552
1695513600,7.01e-06,7.02e-06,6.82e-06,6.84e-06,8577411368.543153,291
1695600000,6.87e-06,6.93e-06,6.75e-06,6.88e-06,10317464325.796926,381
1695686400,6.88e-06,6.92e-06,6.79e-06,6.87e-06,29455630090.879272,668
1695772800,6.87e-06,6.93e-06,6.8e-06,6.86e-06,12912255221.413868,354
1695859200,6.87e-06,6.93e-06,6.86e-06,6.9e-06,10553567844.081263,312
1695945600,6.9e-06,7e-06,6.88e-06,6.9e-06,7606022938.271832,326
1696032000,6.93e-06,7e-06,6.9e-06,6.93e-06,3434414976.5715513,267
1696118400,6.94e-06,7.18e-06,6.94e-06,7.1e-06,9452206603.238337,399
1696204800,7.13e-06,7.2e-06,6.86e-06,6.99e-06,16601980481.206455,696
1696291200,6.98e-06,7.01e-06,6.89e-06,6.96e-06,3583159197.237149,281
1696377600,6.92e-06,6.93e-06,6.75e-06,6.91e-06,10687200687.033562,342
1696464000,6.9e-06,6.9e-06,6.76e-06,6.76e-06,8595209926.773989,264
1696550400,6.79e-06,6.86e-06,6.78e-06,6.83e-06,3823290521.3104606,255
1696636800,6.86e-06,6.87e-06,6.79e-06,6.84e-06,6874467727.2169,194
1696723200,6.86e-06,6.88e-06,6.78e-06,6.8e-06,2692710749.1624703,178
1696809600,6.81e-06,6.83e-06,6.39e-06,6.55e-06,16925081459.729166,492
1696896000,6.55e-06,6.61e-06,6.45e-06,6.51e-06,10599249183.499758,295
1696982400,6.5e-06,6.54e-06,6.33e-06,6.35e-06,8190003925.100018,359
1697068800,6.37e-06,6.53e-06,6.35e-06,6.46e-06,10383569694.18187,281
1697155200,6.48e-06,6.64e-06,6.42e-06,6.58e-06,20216896707.8308,312
1697241600,6.59e-06,6.79e-06,6.59e-06,6.68e-06,7422139621.211739,321
1697328000,6.67e-06,6.71e-06,6.6e-06,6.64e-06,7288047590.768618,256
1697414400,6.64e-06,6.92e-06,6.63e-06,6.74e-06,13929456575.88328,438
1697500800,6.72e-06,6.74e-06,6.48e-06,6.54e-06,7697247924.469223,303
1697587200,6.51e-06,6.56e-06,6.39e-06,6.42e-06,3941051414.7846403,241
1697673600,6.35e-06,6.48e-06,6.3e-06,6.47e-06,14899996130.708439,304
1697760000,6.49e-06,6.64e-06,6.49e-06,6.53e-06,14054399247.394823,327
1697846400,6.52e-06,6.76e-06,6.51e-06,6.66e-06,9683225077.680561,245
1697932800,6.64e-06,6.73e-06,6.54e-06,6.71e-06,7994219732.630074,230
1698019200,6.73e-06,7.04e-06,6.7e-06,7.04e-06,26836796198.596554,566
1698105600,7.04e-06,7.29e-06,6.84e-06,6.97e-06,46899208746.73063,887
1698192000,7e-06,7.53e-06,6.84e-06,7.41e-06,45482106309.92094,681
1698278400,7.37e-06,7.8e-06,7.23e-06,7.48e-06,37918649503.410126,830
1698364800,7.49e-06,7.52e-06,7.19e-06,7.29e-06,23340655981.59085,467
1698451200,7.28e-06,7.68e-06,7.26e-06,7.55e-06,13433557318.314283,285
1698537600,7.52e-06,7.69e-06,7.33e-06,7.58e-06,21777822451.885303,485
1698624000,7.61e-06,7.62e-06,7.38e-06,7.53e-06,12158780410.949839,545
1698710400,7.52e-06,7.56e-06,7.11e-06,7.36e-06,24334704794.027138,741
1698796800,7.37e-06,7.55e-06,7.18e-06,7.5e-06,36998893863.58321,687
1698883200,7.54e-06,7.62e-06,7.23e-06,7.38e-06,14387203717.436266,470
1698969600,7.41e-06,7.41e-06,7.2e-06,7.3e-06,26947718588.85349,453
1699056000,7.28e-06,7.44e-06,7.27e-06,7.41e-06,10181235044.053389,300
1699142400,7.43e-06,7.74e-06,7.4e-06,7.61e-06,40768515491.35621,480
1699228800,7.57e-06,7.94e-06,7.47e-06,7.89e-06,67009368804.92546,812
1699315200,7.9e-06,7.9e-06,7.44e-06,7.68e-06,57904087823.56641,642
1699401600,7.67e-06,7.8e-06,7.63e-06,7.75e-06,32158696700.172054,448
1699488000,7.74e-06,8.14e-06,7.4e-06,7.72e-06,109104274111.7761,1478
1699574400,7.7e-06,8.02e-06,7.59e-06,7.97e-06,106518784000.47194,853
1699660800,7.96e-06,9.03e-06,7.93e-06,8.5e-06,120175041826.78702,1822
1699747200,8.55e-06,8.58e-06,8.12e-06,8.34e-06,61871277406.61537,755
1699833600,8.34e-06,8.59e-06,7.91e-06,7.98e-06,66937411703.638435,872
1699920000,7.98e-06,8.13e-06,7.36e-06,7.66e-06,55420904081.105736,796
1700006400,7.68e-06,8.16e-06,7.68e-06,8.12e-06,34802038057.02821,642
1700092800,8.11e-06,8.45e-06,7.65e-06,7.84e-06,96738473947.21027,1098
1700179200,7.86e-06,8.43e-06,7.75e-06,8.08e-06,93979087375.21747,780
1700265600,8.06e-06,8.17e-06,7.72e-06,7.85e-06,50596909015.19013,429
1700352000,7.84e-06,7.99e-06,7.68e-06,7.97e-06,25671823833.227245,329
1700438400,7.96e-06,7.98e-06,7.65e-06,7.71e-06,50641667743.510185,512
1700524800,7.72e-06,7.76e-06,6.99e-06,7.09e-06,45096310416.91718,592
1700611200,7.08e-06,7.51e-06,7.07e-06,7.43e-06,34728983117.57744,440
1700697600,7.46e-06,7.5e-06,7.35e-06,7.44e-06,11538721613.940784,304
1700784000,7.46e-06,7.59e-06,7.44e-06,7.49e-06,29609127221.719784,382
1700870400,7.48e-06,7.85e-06,7.48e-06,7.76e-06,26832772178.38265,357
1700956800,7.74e-06,7.75e-06,7.38e-06,7.6e-06,10240658881.160448,317
1701043200,7.6e-06,7.91e-06,7.32e-06,7.5e-06,65655216683.46292,744
1701129600,7.47e-06,7.59e-06,7.34e-06,7.54e-06,22535121540.946335,387
1701216000,7.56e-06,7.64e-06,7.44e-06,7.5e-06,20294810699.537453,359
1701302400,7.49e-06,7.63e-06,7.45e-06,7.63e-06,15976519591.968811,372
1701388800,7.61e-06,7.71e-06,7.57e-06,7.7e-06,18989144372.219646,517
1701475200,7.69e-06,7.88e-06,7.67e-06,7.84e-06,13599394869.271812,454
1701561600,7.83e-06,8.72e-06,7.69e-06,8.3e-06,89771691361.6973,1192
1701648000,8.26e-06,8.87e-06,7.99e-06,8.51e-06,111143374769.94693,1973
1701734400,8.51e-06,8.86e-06,8.22e-06,8.77e-06,81457066220.66933,1125
1701820800,8.79e-06,9.89e-06,8.63e-06,9.03e-06,102655839843.98222,1985
1701907200,9.03e-06,9.15e-06,8.7e-06,9.08e-06,65668844551.42096,1092
1701993600,9.1e-06,9.7e-06,9.05e-06,9.49e-06,72243751339.77626,1362
1702080000,9.49e-06,9.71e-06,9.21e-06,9.29e-06,58132622823.28919,1175
1702166400,9.3e-06,9.66e-06,9.2e-06,9.59e-06,40914239174.48189,959
1702252800,9.61e-06,9.84e-06,8.51e-06,8.85e-06,50383938588.22314,1405
1702339200,8.83e-06,9.07e-06,8.61e-06,8.89e-06,16671057988.99459,771
1702425600,8.89e-06,9.08e-06,8.48e-06,9.01e-06,23844094421.802876,833
1702512000,9.03e-06,9.37e-06,8.67e-06,9.16e-06,35143587550.85726,909
1702598400,9.19e-06,9.19e-06,8.8e-06,8.84e-06,16602538682.31632,691
1702684800,8.82e-06,1.075e-05,8.69e-06,1.067e-05,111376663464.8007,1709
1702771200,1.065e-05,1.096e-05,9.39e-06,9.45e-06,89232441996.83351,1628
1702857600,9.46e-06,9.6e-06,8.76e-06,9.55e-06,41968276010.28337,1012
1702944000,9.57e-06,9.68e-06,9.1e-06,9.22e-06,20493998917.219902,715
1703030400,9.22e-06,9.57e-06,9.1e-06,9.34e-06,29003350974.964504,746
1703116800,9.34e-06,9.58e-06,9.26e-06,9.48e-06,19326097335.775555,708
1703203200,9.5e-06,9.96e-06,9.38e-06,9.91e-06,39467535781.05471,965
1703289600,9.91e-06,1.026e-05,9.58e-06,1.008e-05,33908890768.18255,977
1703376000,1.006e-05,1.009e-05,9.54e-06,9.71e-06,34122764317.350636,953
1703462400,9.72e-06,1.004e-05,9.6e-06,9.99e-06,27129978670.398067,754
1703548800,1e-05,1.001e-05,9.06e-06,9.59e-06,43779705880.01385,895
1703635200,9.6e-06,9.84e-06,9.36e-06,9.83e-06,31352617178.24529,945
1703721600,9.83e-06,9.94e-06,9.42e-06,9.62e-06,21538311316.972088,927
1703808000,9.61e-06,9.69e-06,9.33e-06,9.47e-06,24043701227.482002,743
1703894400,9.47e-06,9.62e-06,9.43e-06,9.49e-06,13487638230.485336,526
1703980800,9.49e-06,9.62e-06,9.3e-06,9.4e-06,15315958229.020147,523
1704067200,9.41e-06,9.71e-06,9.31e-06,9.68e-06,10245640612.650072,533
1704153600,9.68e-06,9.92e-06,9.58e-06,9.66e-06,25456180709.372913,967
1704240000,9.69e-06,9.75e-06,7.86e-06,8.77e-06,56995266419.035675,1929
1704326400,8.78e-06,9.28e-06,8.66e-06,9.16e-06,26188243917.519867,874
1704412800,9.16e-06,9.22e-06,8.63e-06,9e-06,38876939113.30952,814
1704499200,8.98e-06,9e-06,8.54e-06,8.8e-06,11512733404.326582,467
1704585600,8.79e-06,8.85e-06,8.19e-06,8.25e-06,14923170809.017916,663
1704672000,8.26e-06,8.77e-06,7.8e-06,8.76e-06,22741876521.78233,868
1704758400,8.77e-06,9.17e-06,8.26e-06,8.82e-06,52410108078.83895,1093
1704844800,8.82e-06,9.28e-06,8.34e-06,9.08e-06,53490568923.18746,1043
1704931200,9.07e-06,9.61e-06,9.01e-06,9.26e-06,37171408962.57123,1109
1705017600,9.27e-06,9.38e-06,8.56e-06,8.81e-06,35427204515.4152,841
1705104000,8.82e-06,9.19e-06,8.63e-06,9.04e-06,8768593306.772173,525
1705190400,9.05e-06,9.18e-06,8.73e-06,8.74e-06,13618791184.066765,477
1705276800,8.75e-06,8.93e-06,8.68e-06,8.74e-06,13098245435.838648,521
1705363200,8.73e-06,8.95e-06,8.67e-06,8.89e-06,11252960698.622395,461
1705449600,8.88e-06,8.93e-06,8.65e-06,8.73e-06,6717914734.678319,327
1705536000,8.74e-06,8.78e-06,8.28e-06,8.47e-06,25816941830.9755,500
1705622400,8.49e-06,8.62e-06,8.1e-06,8.53e-06,15396012598.820213,490
1705708800,8.54e-06,9.03e-06,8.54e-06,8.9e-06,9193473830.684462,269
1705795200,8.9e-06,8.94e-06,8.56e-06,8.58e-06,8756537426.410992,294
1705881600,8.6e-06,8.6e-06,8.13e-06,8.2e-06,11047707586.970224,499
1705968000,8.2e-06,8.32e-06,7.78e-06,8.13e-06,28552841955.78145,618
1706054400,8.14e-06,8.26e-06,8.04e-06,8.19e-06,9292676035.385593,347
1706140800,8.19e-06,8.21e-06,8.07e-06,8.17e-06,6533501666.056239,273
1706227200,8.18e-06,8.41e-06,8.11e-06,8.32e-06,5691373585.497143,360
1706313600,8.34e-06,8.51e-06,8.28e-06,8.43e-06,7593805298.532,362
1706400000,8.42e-06,8.53e-06,8.22e-06,8.32e-06,6959813830.20761,343
1706486400,8.3e-06,8.57e-06,8.26e-06,8.5e-06,14007748615.631203,389
1706572800,8.49e-06,8.71e-06,8.32e-06,8.36e-06,11277473981.754063,389
1706659200,8.36e-06,8.44e-06,8.2e-06,8.27e-06,9220286207.074348,360
1706745600,8.27e-06,8.33e-06,8.13e-06,8.3e-06,14207629166.98349,286
1706832000,8.31e-06,8.43e-06,8.26e-06,8.41e-06,18488109841.087658,365
1706918400,8.42e-06,8.47e-06,8.37e-06,8.44e-06,5844296701.571281,246
1707004800,8.44e-06,8.46e-06,8.21e-06,8.26e-06,7899639158.917886,260
1707091200,8.23e-06,8.4e-06,8.17e-06,8.28e-06,4744837745.545341,318
1707177600,8.29e-06,8.33e-06,8.21e-06,8.24e-06,6549779131.91596,291
1707264000,8.23e-06,8.44e-06,8.18e-06,8.4e-06,7339942125.334711,291
1707350400,8.41e-06,8.67e-06,8.4e-06,8.54e-06,17238306136.324,414
1707436800,8.58e-06,8.77e-06,8.57e-06,8.71e-06,8040565404.739632,435
1707523200,8.72e-06,8.8e-06,8.56e-06,8.71e-06,13734379853.821686,406
1707609600,8.68e-06,8.85e-06,8.64e-06,8.68e-06,8576390208.064623,382
1707696000,8.68e-06,8.97e-06,8.55e-06,8.91e-06,16322058078.87098,665
1707782400,8.92e-06,9.03e-06,8.68e-06,8.85e-06,26178247637.054134,649
1707868800,8.83e-06,9.16e-06,8.79e-06,9.1e-06,17841596875.822613,754
1707955200,9.08e-06,9.33e-06,9.04e-06,9.17e-06,23950266481.50202,767
1708041600,9.18e-06,9.32e-06,8.97e-06,9.18e-06,16537428400.305393,629
1708128000,9.16e-06,9.18e-06,8.73e-06,8.93e-06,13056708953.18115,486
1708214400,8.94e-06,9.13e-06,8.91e-06,9.04e-06,7600603309.88891,531
1708300800,9.07e-06,9.23e-06,9e-06,9.18e-06,12297010331.655659,775
1708387200,9.18e-06,9.24e-06,8.68e-06,9.04e-06,16513167309.032242,805
1708473600,9.04e-06,9.05e-06,8.62e-06,8.84e-06,10007346864.196508,637
1708560000,8.81e-06,8.98e-06,8.67e-06,8.81e-06,9024016935.979628,501
1708646400,8.82e-06,8.87e-06,8.65e-06,8.8e-06,7763496213.918391,545
1708732800,8.8e-06,8.93e-06,8.64e-06,8.9e-06,38264878715.767525,733
1708819200,8.91e-06,8.98e-06,8.84e-06,8.94e-06,8054565119.265705,474
1708905600,8.93e-06,9.4e-06,8.74e-06,9.25e-06,28781985631.641117,964
1708992000,9.25e-06,1.052e-05,9.13e-06,1.005e-05,97046120972.02705,2428
1709078400,1.005e-05,1.154e-05,9.54e-06,1.081e-05,145117030483.47574,3545
1709164800,1.081e-05,1.358e-05,1.056e-05,1.16e-05,174329695601.87192,5350
1709251200,1.165e-05,1.593e-05,1.151e-05,1.553e-05,202435013514.44525,5493
1709337600,1.567e-05,2.6e-05,1.531e-05,2.086e-05,503748471180.9573,15928
1709424000,2.084e-05,2.184e-05,1.74e-05,2.077e-05,223971026463.41635,6992
1709510400,2.08e-05,3.386e-05,1.975e-05,3.308e-05,697131698306.2555,20293
1709596800,3.312e-05,4.206e-05,2.218e-05,3.247e-05,1227494187342.7385,38037
1709683200,3.246e-05,3.628e-05,2.809e-05,3.057e-05,312010160796.0393,11153
1709769600,3.09e-05,3.182e-05,2.688e-05,2.88e-05,173381290932.61096,7390
1709856000,2.881e-05,3.476e-05,2.825e-05,3.224e-05,275385382700.67725,9724
1709942400,3.223e-05,3.374e-05,3.093e-05,3.206e-05,121554233547.56607,4723
1710028800,3.203e-05,3.24e-05,2.898e-05,3.005e-05,100756105589.67226,4050
1710115200,3.003e-05,3.219e-05,2.75e-05,3.107e-05,136922944865.10785,4802
1710201600,3.091e-05,3.18e-05,2.742e-05,2.95e-05,72388779361.18816,3379
1710288000,2.938e-05,3.068e-05,2.85e-05,2.926e-05,54594824299.374565,2548
1710374400,2.926e-05,3.18e-05,2.793e-05,2.963e-05,117812495260.08807,4102
1710460800,2.983e-05,3.011e-05,2.5e-05,2.747e-05,91748551086.93394,4125
1710547200,2.766e-05,2.787e-05,2.181e-05,2.326e-05,103037898675.47104,3635
1710633600,2.327e-05,2.768e-05,2.226e-05,2.709e-05,92881733483.00932,3100
1710720000,2.686e-05,2.701e-05,2.422e-05,2.472e-05,46846617057.82888,1987
1710806400,2.475e-05,2.514e-05,2.216e-05,2.283e-05,76853301748.42584,2770
1710892800,2.301e-05,2.564e-05,2.179e-05,2.54e-05,51422985900.51361,2422
1710979200,2.539e-05,2.64e-05,2.413e-05,2.505e-05,46382729968.02732,1772
1711065600,2.502e-05,2.637e-05,2.392e-05,2.451e-05,31887646534.75496,1463
1711152000,2.45e-05,2.637e-05,2.441e-05,2.513e-05,46707579886.622574,1418
1711238400,2.522e-05,2.622e-05,2.522e-05,2.598e-05,17447677390.004395,1016
1711324800,2.587e-05,2.823e-05,2.538e-05,2.645e-05,82608892102.16418,2488
1711411200,2.647e-05,2.927e-05,2.626e-05,2.834e-05,89011725813.00955,3064
1711497600,2.828e-05,2.936e-05,2.693e-05,2.79e-05,52316693087.00622,2225
1711584000,2.789e-05,3.046e-05,2.756e-05,2.968e-05,68407769557.36395,2751
1711670400,2.975e-05,2.975e-05,2.794e-05,2.854e-05,24213344259.9484,1352
1711756800,2.855e-05,2.868e-05,2.738e-05,2.768e-05,22454047909.68534,1277
1711843200,2.768e-05,2.855e-05,2.762e-05,2.848e-05,18439608296.439888,1062
1711929600,2.839e-05,2.839e-05,2.576e-05,2.67e-05,43109063268.774895,2039
1712016000,2.67e-05,2.67e-05,2.389e-05,2.452e-05,47214415703.69276,2255
1712102400,2.467e-05,2.556e-05,2.373e-05,2.437e-05,27792534838.768818,1328
1712188800,2.446e-05,2.626e-05,2.391e-05,2.563e-05,12636850922.031635,971
1712275200,2.558e-05,2.558e-05,2.43e-05,2.479e-05,15011612682.523603,928
1712361600,2.474e-05,2.561e-05,2.467e-05,2.533e-05,8652393928.890049,507
1712448000,2.533e-05,2.676e-05,2.532e-05,2.603e-05,10907289082.250679,771
1712534400,2.607e-05,2.724e-05,2.56e-05,2.644e-05,16506055325.729593,980
1712620800,2.646e-05,2.716e-05,2.513e-05,2.531e-05,11772465566.076483,793
1712707200,2.529e-05,2.629e-05,2.45e-05,2.61e-05,12970798251.919607,945
1712793600,2.603e-05,2.619e-05,2.539e-05,2.564e-05,6537845648.288823,607
1712880000,2.567e-05,2.628e-05,2.016e-05,2.335e-05,44639931874.09032,2358
1712966400,2.329e-05,2.352e-05,1.741e-05,2.011e-05,52964624084.03203,3686
1713052800,2.01e-05,2.157e-05,1.97e-05,2.136e-05,18969178704.953686,1277
1713139200,2.13e-05,2.242e-05,1.981e-05,2.062e-05,30573413878.88642,1922
1713225600,2.057e-05,2.152e-05,1.963e-05,2.141e-05,25612368618.246902,1267
1713312000,2.136e-05,2.16e-05,2.002e-05,2.077e-05,11629365297.780416,947
1713398400,2.068e-05,2.157e-05,2.005e-05,2.138e-05,13017565713.295824,956
1713484800,2.13e-05,2.211e-05,1.967e-05,2.157e-05,18401093461.75872,1235
1713571200,2.147e-05,2.512e-05,2.126e-05,2.463e-05,23374416976.77886,1288
1713657600,2.458e-05,2.644e-05,2.392e-05,2.468e-05,29763680060.370216,1563
1713744000,2.461e-05,2.598e-05,2.461e-05,2.524e-05,21295518744.71953,1007
1713830400,2.525e-05,2.628e-05,2.459e-05,2.505e-05,20760187490.21099,929
1713916800,2.511e-05,2.58e-05,2.363e-05,2.398e-05,12697683367.250381,961
1714003200,2.407e-05,2.473e-05,2.284e-05,2.397e-05,19098293518.396538,1039
1714089600,2.4e-05,2.417e-05,2.334e-05,2.367e-05,13990919507.144861,712
1714176000,2.359e-05,2.364e-05,2.25e-05,2.317e-05,6579657907.270681,591
1714262400,2.313e-05,2.352e-05,2.249e-05,2.265e-05,8323403397.061152,571
1714348800,2.256e-05,2.27e-05,2.151e-05,2.252e-05,17972007312.315807,1168
1714435200,2.231e-05,2.293e-05,2.041e-05,2.1e-05,31883431523.648453,1350
1714521600,2.091e-05,2.162e-05,1.93e-05,2.113e-05,45224432249.01982,1917
1714608000,2.125e-05,2.178e-05,2.01e-05,2.127e-05,19204049390.458008,1188
1714694400,2.125e-05,2.298e-05,2.107e-05,2.273e-05,18332603756.465187,1055
1714780800,2.293e-05,2.443e-05,2.258e-05,2.335e-05,18170284438.75057,1108
1714867200,2.332e-05,2.342e-05,2.265e-05,2.297e-05,13025872692.778818,703
1714953600,2.303e-05,2.388e-05,2.212e-05,2.213e-05,22866031441.497387,1163
1715040000,2.226e-05,2.241e-05,2.135e-05,2.147e-05,9397452686.957584,680
1715126400,2.151e-05,2.159e-05,2.079e-05,2.1e-05,9398555837.303308,604
1715212800,2.101e-05,2.204e-05,2.082e-05,2.177e-05,7605682553.644555,549
1715299200,2.171e-05,2.188e-05,2.06e-05,2.086e-05,13843802839.219534,731
1715385600,2.087e-05,2.128e-05,2.083e-05,2.09e-05,2652985771.610321,321
1715472000,2.093e-05,2.109e-05,2.054e-05,2.072e-05,2454371674.6488004,291
1715558400,2.072e-05,2.277e-05,2.003e-05,2.157e-05,16352392482.34289,877
1715644800,2.169e-05,2.257e-05,2.117e-05,2.124e-05,28328710397.700172,822
1715731200,2.126e-05,2.346e-05,2.118e-05,2.317e-05,25265339818.616257,1119
1715817600,2.331e-05,2.372e-05,2.229e-05,2.261e-05,20944217431.390568,1095
1715904000,2.258e-05,2.327e-05,2.235e-05,2.302e-05,27017530532.284576,785
1715990400,2.298e-05,2.318e-05,2.247e-05,2.278e-05,14028994824.172865,711
1716076800,2.279e-05,2.305e-05,2.172e-05,2.192e-05,8108353744.052718,467
1716163200,2.199e-05,2.395e-05,2.167e-05,2.393e-05,19635039760.951954,1171
1716249600,2.397e-05,2.45e-05,2.305e-05,2.409e-05,35872117705.61749,1575
1716336000,2.401e-05,2.461e-05,2.311e-05,2.332e-05,22612902874.905838,1219
1716422400,2.339e-05,2.368e-05,2.161e-05,2.271e-05,39613557366.17656,1390
1716508800,2.275e-05,2.311e-05,2.185e-05,2.248e-05,7920937474.395445,642
1716595200,2.248e-05,2.332e-05,2.247e-05,2.307e-05,12369536782.733557,593
1716681600,2.31e-05,2.315e-05,2.23e-05,2.242e-05,9446869896.778555,492
1716768000,2.255e-05,2.412e-05,2.247e-05,2.349e-05,42378191078.192444,1429
1716854400,2.343e-05,2.517e-05,2.254e-05,2.46e-05,65890021800.43506,2025
1716940800,2.468e-05,2.71e-05,2.45e-05,2.554e-05,75371251108.28458,2733
1717027200,2.551e-05,2.648e-05,2.367e-05,2.39e-05,45347395131.82083,1598
1717113600,2.388e-05,2.421e-05,2.294e-05,2.347e-05,28009536848.507122,1342
1717200000,2.339e-05,2.348e-05,2.316e-05,2.327e-05,4226911347.9991903,559
1717286400,2.331e-05,2.337e-05,2.216e-05,2.273e-05,12418637981.493753,831
1717372800,2.268e-05,2.336e-05,2.233e-05,2.243e-05,10828022320.619526,973
1717459200,2.24e-05,2.263e-05,2.099e-05,2.261e-05,16343942960.278547,1179
1717545600,2.265e-05,2.417e-05,2.253e-05,2.381e-05,28062392408.3236,1304
1717632000,2.373e-05,2.402e-05,2.296e-05,2.317e-05,9529039760.049921,653
1717718400,2.317e-05,2.336e-05,2e-05,2.195e-05,45780090489.443954,1573
1717804800,2.194e-05,2.234e-05,2.134e-05,2.151e-05,10786476483.797443,668
1717891200,2.149e-05,2.192e-05,2.129e-05,2.181e-05,10580760330.528868,630
1717977600,2.18e-05,2.192e-05,2.11e-05,2.126e-05,6801700435.230111,714
1718064000,2.127e-05,2.128e-05,1.963e-05,2.018e-05,29601403932.292576,1297
1718150400,2.017e-05,2.137e-05,1.982e-05,2.055e-05,26356672407.546177,1088
1718236800,2.048e-05,2.048e-05,1.949e-05,1.973e-05,31486650368.391884,914
1718323200,1.975e-05,2.041e-05,1.835e-05,1.893e-05,20116471652.750668,1063
1718409600,1.893e-05,1.96e-05,1.873e-05,1.939e-05,4115306534.6000047,470
1718496000,1.938e-05,1.967e-05,1.907e-05,1.952e-05,4170552953.0996647,395
1718582400,1.956e-05,1.956e-05,1.736e-05,1.794e-05,12505030233.838617,861
1718668800,1.799e-05,1.805e-05,1.584e-05,1.681e-05,25859498088.178886,1200
1718755200,1.676e-05,1.763e-05,1.675e-05,1.677e-05,9332695824.0167,636
1718841600,1.684e-05,1.77e-05,1.669e-05,1.688e-05,6753568574.794516,584
1718928000,1.677e-05,1.692e-05,1.632e-05,1.671e-05,6357152079.55469,461
1719014400,1.672e-05,1.712e-05,1.657e-05,1.679e-05,6162464524.940442,299
1719100800,1.677e-05,1.698e-05,1.628e-05,1.638e-05,3731838719.052671,253
1719187200,1.642e-05,1.644e-05,1.523e-05,1.592e-05,12593128837.474123,836
1719273600,1.588e-05,1.698e-05,1.584e-05,1.657e-05,18109201567.315376,715
1719360000,1.663e-05,1.682e-05,1.603e-05,1.606e-05,12744479370.730156,570
1719446400,1.606e-05,1.652e-05,1.575e-05,1.637e-05,9555661657.633574,504
1719532800,1.633e-05,1.686e-05,1.571e-05,1.584e-05,8731052822.703735,466
1719619200,1.585e-05,1.607e-05,1.576e-05,1.578e-05,3844460293.265042,258
1719705600,1.576e-05,1.62e-05,1.551e-05,1.607e-05,3011255909.6857595,281
1719792000,1.605e-05,1.633e-05,1.578e-05,1.593e-05,6868817122.474821,730
1719878400,1.586e-05,1.618e-05,1.58e-05,1.604e-05,7407241297.209653,434
1719964800,1.609e-05,1.62e-05,1.496e-05,1.519e-05,10566496648.624153,644
1720051200,1.518e-05,1.526e-05,1.348e-05,1.354e-05,15989368749.278065,789
1720137600,1.351e-05,1.389e-05,1.173e-05,1.381e-05,49825162614.37892,1313
1720224000,1.376e-05,1.613e-05,1.357e-05,1.604e-05,17727208721.936638,889
1720310400,1.598e-05,1.598e-05,1.425e-05,1.433e-05,9783222652.564514,570
1720396800,1.438e-05,1.575e-05,1.364e-05,1.492e-05,15366942320.521057,758
1720483200,1.494e-05,1.535e-05,1.47e-05,1.509e-05,3746384353.352302,395
1720569600,1.493e-05,1.555e-05,1.486e-05,1.516e-05,5731882929.481921,396
1720656000,1.51e-05,1.56e-05,1.489e-05,1.493e-05,7792377408.633789,457
1720742400,1.493e-05,1.524e-05,1.45e-05,1.509e-05,7023235590.83942,406
1720828800,1.511e-05,1.591e-05,1.511e-05,1.567e-05,7715540801.82961,400
1720915200,1.592e-05,1.629e-05,1.572e-05,1.622e-05,6964621144.963343,317
1721001600,1.618e-05,1.778e-05,1.614e-05,1.778e-05,9333732875.926983,631
1721088000,1.769e-05,1.847e-05,1.688e-05,1.773e-05,42583042070.34266,1374
1721174400,1.783e-05,1.816e-05,1.695e-05,1.703e-05,15630665746.901112,608
1721260800,1.704e-05,1.729e-05,1.54e-05,1.596e-05,80757490756.17706,1673
1721347200,1.595e-05,1.668e-05,1.55e-05,1.635e-05,21645785031.613567,770
1721433600,1.646e-05,1.693e-05,1.605e-05,1.663e-05,8415994349.391044,518
1721520000,1.656e-05,1.69e-05,1.565e-05,1.672e-05,11006769979.009495,634
1721606400,1.673e-05,1.674e-05,1.6e-05,1.615e-05,7630855965.545489,467
1721692800,1.615e-05,1.63e-05,1.548e-05,1.567e-05,5400340794.352017,439
1721779200,1.569e-05,1.613e-05,1.537e-05,1.548e-05,4815613591.044784,354
1721865600,1.55e-05,1.551e-05,1.46e-05,1.512e-05,12262405365.688234,572
1721952000,1.512e-05,1.565e-05,1.512e-05,1.563e-05,5137268405.410379,320
1722038400,1.564e-05,1.61e-05,1.544e-05,1.575e-05,6115690186.222909,316
1722124800,1.554e-05,1.572e-05,1.537e-05,1.547e-05,4311674174.02769,204
1722211200,1.567e-05,1.593e-05,1.531e-05,1.536e-05,6747111776.17466,425
1722297600,1.536e-05,1.555e-05,1.483e-05,1.513e-05,4658741299.910681,324
1722384000,1.516e-05,1.538e-05,1.457e-05,1.473e-05,7015753032.911943,493
1722470400,1.475e-05,1.482e-05,1.381e-05,1.461e-05,10788889774.99181,617
1722556800,1.463e-05,1.468e-05,1.336e-05,1.343e-05,9784061701.835632,489
1722643200,1.342e-05,1.361e-05,1.268e-05,1.311e-05,5099280145.987163,398
1722729600,1.303e-05,1.309e-05,1.192e-05,1.225e-05,14666769331.409828,742
1722816000,1.21e-05,1.276e-05,9.92e-06,1.21e-05,81466861846.31738,2689
1722902400,1.212e-05,1.279e-05,1.205e-05,1.234e-05,23268149523.136047,1004
1722988800,1.221e-05,1.279e-05,1.169e-05,1.176e-05,8497360443.990847,598
1723075200,1.181e-05,1.315e-05,1.161e-05,1.313e-05,9614215231.619087,472
1723161600,1.313e-05,1.313e-05,1.254e-05,1.288e-05,5353569622.335949,383
1723248000,1.288e-05,1.307e-05,1.278e-05,1.293e-05,1645113699.1663299,161
1723334400,1.298e-05,1.342e-05,1.217e-05,1.231e-05,2887864387.6406507,203
1723420800,1.238e-05,1.286e-05,1.224e-05,1.269e-05,3819624103.124851,208
1723507200,1.274e-05,1.277e-05,1.238e-05,1.264e-05,4266969880.3528705,238
1723593600,1.266e-05,1.274e-05,1.22e-05,1.239e-05,4989613736.92091,226
1723680000,1.238e-05,1.252e-05,1.197e-05,1.211e-05,6565431671.60638,314
1723766400,1.212e-05,1.231e-05,1.176e-05,1.203e-05,11565704893.59546,353
1723852800,1.197e-05,1.22e-05,1.197e-05,1.214e-05,1845782750.7437603,195
1723939200,1.213e-05,1.232e-05,1.204e-05,1.204e-05,2526187441.571829,228
1724025600,1.199e-05,1.222e-05,1.175e-05,1.204e-05,11841162145.908262,381
1724112000,1.204e-05,1.254e-05,1.203e-05,1.228e-05,14217975531.95264,364
1724198400,1.231e-05,1.274e-05,1.214e-05,1.263e-05,18181215099.16017,321
1724284800,1.266e-05,1.291e-05,1.243e-05,1.263e-05,6621697293.972279,253
1724371200,1.266e-05,1.384e-05,1.266e-05,1.368e-05,26889869421.166374,614
1724457600,1.376e-05,1.439e-05,1.35e-05,1.394e-05,8619976663.405083,557
1724544000,1.393e-05,1.393e-05,1.313e-05,1.352e-05,5343467358.226251,423
1724630400,1.352e-05,1.357e-05,1.287e-05,1.31e-05,19167785787.308353,554
1724716800,1.31e-05,1.328e-05,1.199e-05,1.235e-05,12101883400.508806,646
1724803200,1.229e-05,1.275e-05,1.209e-05,1.245e-05,5884173555.851973,408
1724889600,1.248e-05,1.312e-05,1.248e-05,1.267e-05,6940914183.48872,288
1724976000,1.267e-05,1.282e-05,1.233e-05,1.27e-05,11187579381.231583,371
1725062400,1.268e-05,1.276e-05,1.244e-05,1.25e-05,1223186044.8200598,208
1725148800,1.255e-05,1.255e-05,1.184e-05,1.194e-05,1852679183.2291799,272
1725235200,1.191e-05,1.239e-05,1.185e-05,1.235e-05,5377251745.097556,235
1725321600,1.232e-05,1.251e-05,1.184e-05,1.184e-05,2644760999.15165,204
1725408000,1.188e-05,1.234e-05,1.128e-05,1.223e-05,14603858440.219912,341
1725494400,1.227e-05,1.227e-05,1.178e-05,1.186e-05,7367956502.18891,280
1725580800,1.189e-05,1.208e-05,1.113e-05,1.156e-05,5069538773.985446,436
1725667200,1.157e-05,1.179e-05,1.151e-05,1.155e-05,4330560907.585829,175
1725753600,1.163e-05,1.187e-05,1.158e-05,1.179e-05,1720134049.2285197,180
1725840000,1.181e-05,1.243e-05,1.177e-05,1.23e-05,3846647947.899921,272
1725926400,1.224e-05,1.24e-05,1.207e-05,1.227e-05,2843143331.68678,233
1726012800,1.226e-05,1.226e-05,1.179e-05,1.205e-05,1781623074.7889585,214
1726099200,1.208e-05,1.22e-05,1.198e-05,1.22e-05,2330575737.4760504,166
1726185600,1.22e-05,1.272e-05,1.21e-05,1.26e-05,3298747378.2808685,276
1726272000,1.266e-05,1.268e-05,1.23e-05,1.24e-05,3816078910.486187,197
1726358400,1.241e-05,1.251e-05,1.2e-05,1.208e-05,3369724737.397503,201
1726444800,1.206e-05,1.211e-05,1.169e-05,1.187e-05,4116348708.4605403,264
1726531200,1.184e-05,1.221e-05,1.177e-05,1.194e-05,1419840080.72372,160
1726617600,1.193e-05,1.228e-05,1.17e-05,1.228e-05,7411279932.059077,198
1726704000,1.235e-05,1.306e-05,1.235e-05,1.265e-05,11630270848.266031,464
1726790400,1.262e-05,1.298e-05,1.245e-05,1.29e-05,3675191330.7529683,290
1726876800,1.286e-05,1.345e-05,1.265e-05,1.344e-05,4105030978.632605,314
1726963200,1.342e-05,1.344e-05,1.269e-05,1.303e-05,4336270394.624436,280
1727049600,1.3e-05,1.33e-05,1.279e-05,1.305e-05,5452877716.515301,362
1727136000,1.311e-05,1.334e-05,1.288e-05,1.326e-05,4290189503.4543304,275
1727222400,1.323e-05,1.411e-05,1.321e-05,1.363e-05,16499029823.65569,490
1727308800,1.37e-05,1.731e-05,1.344e-05,1.669e-05,73477994980.94261,2349
1727395200,1.668e-05,1.939e-05,1.662e-05,1.819e-05,49424369324.503365,2064
1727481600,1.825e-05,1.92e-05,1.706e-05,1.753e-05,25503642467.040516,1252
1727568000,1.761e-05,1.815e-05,1.708e-05,1.726e-05,17173972645.8056,627
1727654400,1.726e-05,1.726e-05,1.571e-05,1.571e-05,22730019069.934326,869
1727740800,1.596e-05,1.672e-05,1.417e-05,1.482e-05,32649336448.259304,1057
1727827200,1.483e-05,1.54e-05,1.452e-05,1.479e-05,18230171792.17376,540
1727913600,1.477e-05,1.515e-05,1.409e-05,1.455e-05,8447952774.369783,349
1728000000,1.463e-05,1.611e-05,1.462e-05,1.584e-05,31582741800.70832,669
1728086400,1.587e-05,1.631e-05,1.541e-05,1.587e-05,12133614509.202919,444
1728172800,1.583e-05,1.711e-05,1.559e-05,1.652e-05,17030782754.065443,631
1728259200,1.661e-05,1.706e-05,1.587e-05,1.591e-05,12125466314.243042,532
1728345600,1.594e-05,1.607e-05,1.55e-05,1.563e-05,9174222763.995165,373
1728432000,1.575e-05,1.638e-05,1.529e-05,1.546e-05,14432053281.417105,438
1728518400,1.549e-05,1.572e-05,1.472e-05,1.513e-05,11939569149.154707,513
1728604800,1.535e-05,1.65e-05,1.523e-05,1.614e-05,17609601368.188694,750
1728691200,1.614e-05,1.655e-05,1.614e-05,1.631e-05,5403522010.01429,346
1728777600,1.617e-05,1.631e-05,1.562e-05,1.613e-05,5365477132.175129,326
1728864000,1.613e-05,1.736e-05,1.59e-05,1.713e-05,14075658688.062023,735
1728950400,1.711e-05,1.736e-05,1.607e-05,1.672e-05,14979601655.6555,856
1729036800,1.665e-05,1.752e-05,1.645e-05,1.716e-05,15037275414.072657,756
1729123200,1.706e-05,1.706e-05,1.626e-05,1.679e-05,9420856803.541336,512
1729209600,1.685e-05,1.778e-05,1.685e-05,1.72e-05,17875135230.925396,769
1729296000,1.727e-05,1.794e-05,1.721e-05,1.753e-05,12515413573.347717,558
1729382400,1.748e-05,1.76e-05,1.693e-05,1.747e-05,9020028907.311499,438
1729468800,1.749e-05,1.776e-05,1.665e-05,1.699e-05,10552941185.893974,579
1729555200,1.7e-05,1.714e-05,1.661e-05,1.678e-05,4013391384.127253,354
1729641600,1.669e-05,1.676e-05,1.581e-05,1.638e-05,8942594165.926025,512
1729728000,1.637e-05,1.676e-05,1.614e-05,1.665e-05,5087986069.248675,318
1729814400,1.664e-05,1.666e-05,1.465e-05,1.531e-05,10580580332.552252,701
1729900800,1.531e-05,1.586e-05,1.517e-05,1.574e-05,12971139608.732357,615
1729987200,1.576e-05,1.605e-05,1.559e-05,1.596e-05,2911428961.9633,275
1730073600,1.592e-05,1.697e-05,1.559e-05,1.687e-05,12776271912.650743,715
1730160000,1.686e-05,1.832e-05,1.661e-05,1.761e-05,28989502984.688705,1485
1730246400,1.764e-05,1.782e-05,1.682e-05,1.694e-05,18212042215.481068,727
1730332800,1.696e-05,1.757e-05,1.625e-05,1.643e-05,15160903804.897867,719
1730419200,1.652e-05,1.673e-05,1.581e-05,1.622e-05,13158743513.670418,732
1730505600,1.627e-05,1.65e-05,1.595e-05,1.612e-05,6460392755.850761,378
1730592000,1.613e-05,1.613e-05,1.496e-05,1.561e-05,7490052400.440416,726
1730678400,1.555e-05,1.581e-05,1.51e-05,1.548e-05,11882157699.489288,604
1730764800,1.553e-05,1.699e-05,1.553e-05,1.631e-05,13611873213.761284,902
1730851200,1.649e-05,1.84e-05,1.649e-05,1.777e-05,38259017147.26611,2231
1730937600,1.777e-05,1.815e-05,1.704e-05,1.776e-05,21120108321.989655,1167
1731024000,1.783e-05,1.802e-05,1.726e-05,1.772e-05,21139288706.262817,890
1731110400,1.771e-05,1.911e-05,1.73e-05,1.911e-05,32238012372.711987,1120
1731196800,1.914e-05,2.612e-05,1.881e-05,2.427e-05,191895649462.33957,8590
1731283200,2.426e-05,2.743e-05,2.269e-05,2.591e-05,173158271778.44705,6924
1731369600,2.591e-05,2.834e-05,2.261e-05,2.482e-05,119146589678.94745,6817
1731456000,2.487e-05,2.624e-05,2.19e-05,2.441e-05,123641806662.23907,4951
1731542400,2.422e-05,2.533e-05,2.171e-05,2.219e-05,72395257997.43619,3666
1731628800,2.222e-05,2.463e-05,2.14e-05,2.412e-05,67302802723.996216,2624
1731715200,2.41e-05,2.48e-05,2.271e-05,2.327e-05,38789033552.57628,2051
1731801600,2.325e-05,2.432e-05,2.201e-05,2.347e-05,43865822291.411,1906
1731888000,2.339e-05,2.445e-05,2.271e-05,2.344e-05,27505135256.77175,1827
1731974400,2.347e-05,2.467e-05,2.298e-05,2.336e-05,30238472618.59381,2194
1732060800,2.328e-05,2.353e-05,2.221e-05,2.252e-05,64203774339.94884,2295
1732147200,2.257e-05,2.41e-05,2.182e-05,2.363e-05,31393696012.39691,2207
1732233600,2.355e-05,2.469e-05,2.319e-05,2.436e-05,57499280446.735374,3919
1732320000,2.438e-05,2.686e-05,2.387e-05,2.473e-05,115813068346.76642,5891
1732406400,2.478e-05,2.691e-05,2.319e-05,2.451e-05,52052260437.234116,3297
1732492800,2.441e-05,2.523e-05,2.315e-05,2.368e-05,46449252563.70445,2853
1732579200,2.358e-05,2.424e-05,2.217e-05,2.322e-05,31468810563.853756,2257
1732665600,2.322e-05,2.446e-05,2.294e-05,2.439e-05,14261508384.108791,1942
1732752000,2.421e-05,2.51e-05,2.36e-05,2.415e-05,12901428672.925413,1755
1732838400,2.417e-05,2.5e-05,2.398e-05,2.462e-05,17117545405.83972,1876
1732924800,2.456e-05,2.6e-05,2.42e-05,2.527e-05,26929425597.397736,2276
1733011200,2.522e-05,3.134e-05,2.517e-05,2.928e-05,141040692657.0326,9344
1733097600,2.918e-05,3.093e-05,2.685e-05,2.839e-05,54280328054.11482,5194
1733184000,2.847e-05,2.945e-05,2.53e-05,2.732e-05,69631599000.58159,5247
1733270400,2.732e-05,3.136e-05,2.729e-05,3.125e-05,52563599900.56911,4831
1733356800,3.126e-05,3.132e-05,2.804e-05,2.883e-05,62939781772.45945,5361
1733443200,2.881e-05,2.982e-05,2.765e-05,2.919e-05,22636578831.391617,2391
1733529600,2.919e-05,3.15e-05,2.873e-05,3.022e-05,30292314867.493214,2450
1733616000,3.021e-05,3.151e-05,2.953e-05,3.05e-05,38426066849.203125,2639
1733702400,3.041e-05,3.042e-05,2.259e-05,2.592e-05,82156883886.16429,6198
1733788800,2.584e-05,2.626e-05,2.304e-05,2.58e-05,31713780486.579777,3725
1733875200,2.596e-05,2.796e-05,2.474e-05,2.743e-05,19849207649.72185,2199
1733961600,2.741e-05,2.831e-05,2.653e-05,2.687e-05,22909971193.03979,1790
1734048000,2.686e-05,2.719e-05,2.626e-05,2.719e-05,8866354641.288939,1191
1734134400,2.711e-05,2.742e-05,2.555e-05,2.613e-05,9583463639.457409,1059
1734220800,2.608e-05,2.658e-05,2.56e-05,2.641e-05,9881265865.087467,1047
1734307200,2.644e-05,2.668e-05,2.532e-05,2.578e-05,16026046781.468792,1702
1734393600,2.576e-05,2.611e-05,2.481e-05,2.509e-05,16818142153.04115,1818
1734480000,2.5e-05,2.517e-05,2.289e-05,2.319e-05,21792028395.65919,2302
1734566400,2.325e-05,2.356e-05,2.03e-05,2.083e-05,47083615266.97515,3659
1734652800,2.081e-05,2.179e-05,1.782e-05,2.156e-05,36495008957.28173,2747
1734739200,2.155e-05,2.307e-05,2.061e-05,2.083e-05,20752294601.074505,1348
1734825600,2.085e-05,2.131e-05,2.009e-05,2.061e-05,13141820083.89491,884
1734912000,2.062e-05,2.193e-05,2.011e-05,2.163e-05,11228998893.526484,1201
1734998400,2.159e-05,2.271e-05,2.109e-05,2.258e-05,16705961372.507227,1212
1735084800,2.259e-05,2.312e-05,2.175e-05,2.201e-05,22747292539.440723,1135
1735171200,2.193e-05,2.22e-05,2.043e-05,2.07e-05,14982044621.48473,919
1735257600,2.07e-05,2.151e-05,2.047e-05,2.077e-05,6876018901.146153,927
1735344000,2.08e-05,2.141e-05,2.066e-05,2.118e-05,8581445083.279934,722
1735430400,2.123e-05,2.149e-05,2.041e-05,2.046e-05,11508668680.126541,911
1735516800,2.039e-05,2.089e-05,1.976e-05,2.026e-05,9180915483.11967,1115
1735603200,2.029e-05,2.107e-05,1.971e-05,2.041e-05,6749933471.2164345,1010
1735689600,2.043e-05,2.095e-05,1.998e-05,2.092e-05,3221545586.106039,863
1735776000,2.092e-05,2.237e-05,2.085e-05,2.228e-05,20770103976.39944,1578
1735862400,2.227e-05,2.388e-05,2.19e-05,2.365e-05,23782542190.20565,1722
1735948800,2.373e-05,2.418e-05,2.321e-05,2.36e-05,15703074210.235506,1431
1736035200,2.362e-05,2.367e-05,2.277e-05,2.321e-05,13907913766.454996,1033
1736121600,2.321e-05,2.369e-05,2.274e-05,2.317e-05,15165912240.359522,1275
1736208000,2.318e-05,2.336e-05,2.1e-05,2.109e-05,19633430326.783405,1858
1736294400,2.115e-05,2.126e-05,1.97e-05,2.066e-05,20739997563.998856,1409
1736380800,2.065e-05,2.14e-05,1.989e-05,2.046e-05,8878543993.048775,1040
1736467200,2.052e-05,2.136e-05,2.05e-05,2.105e-05,9531534838.672693,936
1736553600,2.105e-05,2.215e-05,2.087e-05,2.165e-05,9210303019.438385,894
1736640000,2.164e-05,2.164e-05,2.079e-05,2.105e-05,6214982759.987646,695
1736726400,2.104e-05,2.158e-05,1.923e-05,2.068e-05,10241947415.348904,1441
1736812800,2.064e-05,2.13e-05,2.059e-05,2.099e-05,10414164844.722303,892
1736899200,2.097e-05,2.219e-05,2.033e-05,2.212e-05,18624881379.268234,1397
1736985600,2.199e-05,2.207e-05,2.111e-05,2.136e-05,15442423421.283497,1430
1737072000,2.141e-05,2.387e-05,2.141e-05,2.353e-05,26997624983.71215,2296
1737158400,2.353e-05,2.422e-05,2.168e-05,2.212e-05,20002990057.256447,1870
1737244800,2.209e-05,2.256e-05,1.929e-05,1.977e-05,73153970073.02147,4528
1737331200,1.977e-05,2.143e-05,1.903e-05,1.954e-05,70509040040.19276,3511
1737417600,1.957e-05,2.056e-05,1.889e-05,2.008e-05,15127231900.959887,1600
1737504000,2.01e-05,2.011e-05,1.931e-05,1.94e-05,7164137970.986722,900
1737590400,1.937e-05,1.965e-05,1.88e-05,1.934e-05,7017963140.504046,1108
1737676800,1.936e-05,1.958e-05,1.868e-05,1.899e-05,6992646243.79476,826
1737763200,1.901e-05,1.922e-05,1.88e-05,1.906e-05,4696524238.706399,435
1737849600,1.901e-05,1.921e-05,1.819e-05,1.825e-05,6726780200.460759,679
1737936000,1.825e-05,1.825e-05,1.656e-05,1.816e-05,22112305578.9618,1460
1738022400,1.819e-05,1.851e-05,1.699e-05,1.723e-05,8385105858.050088,744
1738108800,1.723e-05,1.804e-05,1.713e-05,1.753e-05,13321983711.490412,631
1738195200,1.757e-05,1.818e-05,1.746e-05,1.798e-05,9647136704.373476,799
1738281600,1.798e-05,1.894e-05,1.783e-05,1.824e-05,7455627588.356492,709
1738368000,1.82e-05,1.856e-05,1.7e-05,1.707e-05,7185047445.233842,575
1738454400,1.701e-05,1.736e-05,1.436e-05,1.515e-05,26339818561.333748,1743
1738540800,1.516e-05,1.636e-05,1.143e-05,1.631e-05,89286217846.63805,3511
1738627200,1.632e-05,1.64e-05,1.463e-05,1.527e-05,19254758405.775932,1058
1738713600,1.518e-05,1.611e-05,1.5e-05,1.517e-05,8559663201.3598175,788
1738800000,1.518e-05,1.559e-05,1.423e-05,1.432e-05,11254718288.618183,954
1738886400,1.432e-05,1.512e-05,1.42e-05,1.465e-05,16326081245.023163,740
1738972800,1.459e-05,1.552e-05,1.457e-05,1.551e-05,8247228354.711114,618
1739059200,1.547e-05,1.601e-05,1.474e-05,1.516e-05,8220782919.908634,539
1739145600,1.528e-05,1.56e-05,1.491e-05,1.534e-05,11081801525.987988,574
1739232000,1.535e-05,1.6e-05,1.494e-05,1.517e-05,14516033216.827751,714
1739318400,1.51e-05,1.668e-05,1.499e-05,1.635e-05,14785301564.492638,834
1739404800,1.63e-05,1.631e-05,1.53e-05,1.557e-05,4248956985.3876786,516
1739491200,1.558e-05,1.635e-05,1.55e-05,1.596e-05,20729597786.75179,785
1739577600,1.589e-05,1.617e-05,1.549e-05,1.555e-05,5858222819.976473,400
1739664000,1.554e-05,1.561e-05,1.51e-05,1.524e-05,2441892492.39661,340
1739750400,1.524e-05,1.553e-05,1.468e-05,1.504e-05,11639882297.82323,484
1739836800,1.506e-05,1.506e-05,1.422e-05,1.457e-05,8962212553.42133,494
1739923200,1.454e-05,1.488e-05,1.444e-05,1.48e-05,12140837433.324984,389
1740009600,1.481e-05,1.493e-05,1.461e-05,1.482e-05,2560714043.538602,293
1740096000,1.483e-05,1.526e-05,1.421e-05,1.444e-05,14213155636.159246,610
1740182400,1.44e-05,1.507e-05,1.438e-05,1.497e-05,2417104640.4211307,261
1740268800,1.491e-05,1.509e-05,1.465e-05,1.478e-05,2523183343.340099,261
1740355200,1.477e-05,1.483e-05,1.286e-05,1.304e-05,9728111296.798359,683
1740441600,1.307e-05,1.356e-05,1.244e-05,1.338e-05,13835129804.497978,981
1740528000,1.342e-05,1.386e-05,1.312e-05,1.372e-05,11634073637.826376,645
1740614400,1.373e-05,1.413e-05,1.356e-05,1.386e-05,7963673436.768746,421
1740700800,1.38e-05,1.382e-05,1.252e-05,1.344e-05,10718711057.079042,735
1740787200,1.342e-05,1.363e-05,1.293e-05,1.316e-05,3097257164.3760386,303
1740873600,1.315e-05,1.459e-05,1.303e-05,1.455e-05,13678957796.611984,740
1740960000,1.457e-05,1.459e-05,1.212e-05,1.23e-05,21592456228.338375,826
1741046400,1.229e-05,1.248e-05,1.159e-05,1.234e-05,11805001772.468552,676
1741132800,1.232e-05,1.258e-05,1.206e-05,1.241e-05,4043504282.854437,356
1741219200,1.24e-05,1.28e-05,1.22e-05,1.243e-05,13211496296.362112,495
1741305600,1.243e-05,1.261e-05,1.191e-05,1.209e-05,14906872948.532295,454
1741392000,1.211e-05,1.222e-05,1.163e-05,1.17e-05,2486474975.8962502,284
1741478400,1.168e-05,1.171e-05,1.063e-05,1.07e-05,12652591215.052185,522
1741564800,1.073e-05,1.196e-05,1.059e-05,1.059e-05,17065582905.319155,769
1741651200,1.061e-05,1.125e-05,9.98e-06,1.104e-05,17606473444.568615,864
1741737600,1.109e-05,1.153e-05,1.082e-05,1.129e-05,7160956836.4770565,589
1741824000,1.135e-05,1.141e-05,1.089e-05,1.107e-05,7459131816.533784,381
1741910400,1.112e-05,1.186e-05,1.112e-05,1.177e-05,8215687670.540063,487
1741996800,1.177e-05,1.194e-05,1.16e-05,1.179e-05,3062848397.0106583,285
1742083200,1.178e-05,1.271e-05,1.159e-05,1.206e-05,15428270053.91093,799
1742169600,1.206e-05,1.248e-05,1.175e-05,1.183e-05,6588524739.361797,431
1742256000,1.185e-05,1.185e-05,1.122e-05,1.146e-05,5890962424.701263,509
1742342400,1.147e-05,1.189e-05,1.141e-05,1.187e-05,7434550344.73089,654
1742428800,1.187e-05,1.196e-05,1.163e-05,1.192e-05,6183355801.998381,574
1742515200,1.198e-05,1.204e-05,1.152e-05,1.155e-05,3224998065.827764,399
1742601600,1.155e-05,1.197e-05,1.154e-05,1.181e-05,2157213314.29046,287
1742688000,1.183e-05,1.209e-05,1.181e-05,1.189e-05,1383635406.1783502,220
1742774400,1.193e-05,1.268e-05,1.179e-05,1.248e-05,6413554899.894131,444
1742860800,1.256e-05,1.302e-05,1.237e-05,1.288e-05,4688725923.620658,369
1742947200,1.28e-05,1.452e-05,1.28e-05,1.32e-05,31534831934.077686,1083
1743033600,1.323e-05,1.367e-05,1.291e-05,1.299e-05,5976164533.172878,331
1743120000,1.299e-05,1.301e-05,1.201e-05,1.224e-05,10550031562.07254,405
1743206400,1.23e-05,1.23e-05,1.15e-05,1.172e-05,5299218374.92805,268
1743292800,1.17e-05,1.183e-05,1.137e-05,1.148e-05,7515906036.905051,242
1743379200,1.152e-05,1.159e-05,1.108e-05,1.148e-05,6962744462.555727,321
