pair,time,type,ordertype,price,cost,fee,vol
XXRPZEUR,2017-10-31 19:17:23,buy,market,0.17247,68.988,0.1793688,400
XETHZEUR,2017-11-01 14:13:47,buy,market,258.8,56.936,0.14803,0.22
XXBTZEUR,2017-11-01 14:15:29,buy,market,5698.6,22.7944,0.05927,0.004
XLTCZEUR,2017-11-09 21:32:48,buy,market,57.16,7.01925,0.01825,0.1228
XLTCZEUR,2017-11-09 21:32:48,buy,market,57.3,50.26356,0.13069,0.8772
XXBTZEUR,2017-11-24 12:57:56,buy,limit,6950,41.7,0.06672,0.006
XXBTZEUR,2017-11-29 15:37:20,buy,limit,9000,49.5,0.0792,0.0055
XETHZEUR,2017-12-06 16:59:56,buy,limit,374.6,37.46,0.05994,0.1
XETHZEUR,2017-12-06 16:59:56,buy,limit,374.6,18.73,0.02997,0.05
XXRPZEUR,2017-12-14 21:38:52,sell,market,0.702,280.8,0.73008,400
XETHZEUR,2017-12-14 21:40:51,sell,market,560.01,207.2037,0.53873,0.37
XXBTZEUR,2017-12-19 21:17:21,buy,limit,15000,75,0.12,0.005
XXBTZEUR,2017-12-22 14:13:52,buy,limit,10000,70,0.112,0.007
XXRPZEUR,2017-12-29 20:34:19,buy,market,1.71,85.5,0.2223,50
XXRPZEUR,2018-01-04 18:46:53,buy,limit,2.48,74.4,0.11904,30
XETHZEUR,2018-01-10 21:40:41,buy,limit,1060,60,0.096,0.05660377
XETHZEUR,2018-01-14 05:16:08,buy,limit,1100,29.997,0,0.02727
XXBTZEUR,2018-01-18 13:17:57,buy,limit,9700,43.65,0,0.0045
XXRPZEUR,2018-01-19 17:08:41,buy,limit,1.3,69.99999999,0,53.84615384
XETHZEUR,2018-01-19 17:11:31,buy,limit,875,90,0,0.10285714
XXRPZEUR,2018-01-30 01:31:32,buy,limit,1,70,0,70
XXBTZEUR,2018-01-31 17:59:11,buy,limit,8000,80,0,0.01
XXLMXXBT,2018-02-01 17:33:11,buy,limit,0.00004885,0.014990794,0.000038976,306.8739771
XXBTZEUR,2018-02-03 03:15:26,buy,limit,6600,49.99995,0.08,0.00757575
BCHEUR,2018-02-10 15:38:42,buy,limit,1000,40,0.064,0.04
XETHZEUR,2018-02-11 07:43:50,buy,limit,650,59.995,0.09599,0.0923
XXRPZEUR,2018-02-20 22:43:17,buy,limit,0.85,69.99999999,0.112,82.35294117
XXRPZEUR,2018-02-23 01:02:08,buy,limit,0.7,70,0.112,100
XXLMZEUR,2018-02-24 06:50:15,buy,limit,0.29,59.9999995,0.096,206.89655
BCHEUR,2018-03-04 09:05:01,buy,limit,999.5,40,0.064,0.04002001
XETHZEUR,2018-03-09 02:10:12,buy,limit,550,80,0.128,0.14545454
BCHEUR,2018-03-09 04:07:55,buy,limit,800,80,0.128,0.1
XXBTZEUR,2018-03-11 00:21:15,buy,limit,7000,70,0.112,0.01
XXLMZEUR,2018-03-16 08:35:33,buy,limit,0.19,65,0.104,342.1052632
XXRPZEUR,2018-03-17 15:28:28,buy,limit,0.52,60,0.096,115.3846154
XETHZEUR,2018-03-26 11:15:28,buy,limit,400,60,0.096,0.15
BCHEUR,2018-04-04 09:20:14,buy,limit,550,69.999996,0.112,0.12727272
XLTCZEUR,2018-04-21 11:29:03,buy,limit,115,75.9,0.12144,0.66
XETHZEUR,2018-04-24 08:37:53,buy,limit,561.41,79.91459,0.20778,0.14234622
EOSEUR,2018-04-24 20:21:19,buy,limit,12.69,69.398438,0.180436,5.46875
BCHEUR,2018-04-25 10:50:33,sell,stop market,1000,307.29273,0.798961,0.30729273
EOSEUR,2018-04-27 17:02:19,buy,limit,14,80,0.128,5.71428571
EOSEUR,2018-04-30 19:31:57,sell,stop market,13.8111,154.450025,0.401571,11.18303571
XXRPZEUR,2018-05-01 11:57:48,buy,limit,0.68,80,0.128,117.6470588
XXBTZEUR,2018-05-04 05:40:57,buy,limit,7990,79.99995,0.128,0.01001251
XXLMZEUR,2018-05-06 09:10:18,buy,limit,0.33,100,0.16,303.030303
EOSEUR,2018-05-11 09:18:40,buy,limit,13,80,0.128,6.15384615
BCHEUR,2018-05-17 22:14:00,buy,limit,1000,80,0.128,0.08
XLTCZEUR,2018-05-23 17:48:13,sell,stop market,100,166,0.4316,1.65999998
EOSEUR,2018-05-23 20:12:05,buy,limit,9.43,80,0.128,8.48356309
BCHEUR,2018-05-28 05:45:08,buy,limit,800,80,0.128,0.1
EOSEUR,2018-06-10 16:59:22,buy,limit,11,100,0.16,9.09090909
XXLMZEUR,2018-06-12 18:17:44,buy,limit,0.2,80,0.128,400
EOSEUR,2018-06-20 22:15:55,buy,limit,9,80,0.128,8.88888888
EOSEUR,2018-06-23 05:36:41,buy,limit,7.2,54,0.0864,7.5
BCHEUR,2018-06-28 02:46:13,buy,limit,610,79.999999,0.128,0.13114754
EOSEUR,2018-07-11 19:13:44,buy,limit,5.95,60,0.096,10.08403361
XETHZEUR,2018-07-12 06:30:24,buy,limit,370,60,0.096,0.16216216
XXLMZEUR,2018-07-26 06:57:01,sell,limit,0.297,297,0.4752,1000
XXLMZEUR,2018-07-26 21:03:43,buy,limit,0.27,100,0.16,370.3703704
BCHEUR,2018-07-28 11:10:51,buy,limit,700,99.999998,0.16,0.14285714
XXRPZEUR,2018-07-30 16:21:37,buy,limit,0.38,90,0.144,236.8421053
XLTCZEUR,2018-07-30 17:25:31,buy,limit,70,100,0.16,1.42857142
XXLMZEUR,2018-07-31 20:56:57,buy,limit,0.23,100,0.16,434.7826087
XXBTZEUR,2018-08-08 05:33:21,buy,limit,5539.5,25.98026,0.06755,0.00469
XXLMZEUR,2018-08-08 05:35:09,buy,limit,0.183253,79.97948541,0.20794666,436.44298
XXBTZEUR,2018-08-20 22:07:54,buy,limit,5540,39.99996,0.064,0.00722021
EOSEUR,2018-08-20 22:11:10,buy,limit,4.25,60,0.096,14.11764705
BCHEUR,2018-09-05 23:50:06,buy,limit,450,79.999997,0.128,0.17777777
XLTCZEUR,2018-09-06 18:45:01,buy,limit,48.12,19.99169,0.05198,0.41545492
XETHZEUR,2018-09-20 08:15:48,buy,limit,178,80,0.128,0.4494382
ADAEUR,2018-10-03 02:08:05,buy,limit,0.07,70,0.112,1000
BCHEUR,2018-10-11 23:32:23,buy,limit,375,49.999999,0.08,0.13333333
XTZEUR,2018-10-20 06:49:55,buy,limit,1.1,88,0.1408,80
DASHEUR,2018-11-02 09:35:46,buy,limit,133,79.999999,0.128,0.60150375
XXLMZEUR,2018-11-06 21:47:19,sell,limit,0.23,184,0.2944,800
XXLMZEUR,2018-11-14 20:33:27,buy,limit,0.19,80,0.128,421.0526316
ADAEUR,2018-11-15 14:58:22,buy,limit,0.05,75,0.12,1500
XLTCZEUR,2018-11-19 05:14:48,buy,limit,35,40.6,0.06496,1.16
XTZEUR,2018-11-19 06:08:03,buy,limit,0.9,50.4,0.08064,56
XXBTZEUR,2018-11-19 21:00:19,buy,limit,4200,48.99997,0.0784,0.01166666
XXLMZEUR,2018-11-24 19:43:34,buy,limit,0.15,70,0.112,466.6666667
XXBTZEUR,2018-12-13 00:32:19,buy,limit,3000,48,0.0768,0.016
EOSEUR,2018-12-21 20:46:24,buy,limit,2.2,60,0.096,27.27272727
XXLMZEUR,2018-12-27 19:03:47,buy,limit,0.1,60,0.096,600
BCHEUR,2019-01-11 22:09:42,buy,limit,113,49.999999,0.08,0.44247787
DASHEUR,2019-01-27 00:29:03,buy,limit,63.5,50.8,0.08128,0.8
XXLMZEUR,2019-02-27 20:33:42,buy,limit,0.073,50.37,0.080592,690
XTZEUR,2019-03-24 12:20:28,buy,limit,0.6,50,0.08,83.33333333
XXBTZEUR,2019-04-06 21:03:19,buy,limit,4500,50,0.08,0.01111111
XTZEUR,2019-04-15 15:33:20,sell,limit,1.01,56.633696,0.090614,56.07296596
XTZEUR,2019-04-15 15:33:24,sell,limit,1.01,31.864029,0.050982,31.54854313
XTZEUR,2019-04-15 15:33:28,sell,limit,1.01,12.502276,0.020004,12.37849091
BSVEUR,2019-04-18 10:37:02,sell,market,52.099999,39.862531,0.103643,0.76511577
ATOMEUR,2019-04-23 08:35:10,buy,limit,4.25,60,0.096,14.11764705
ATOMEUR,2019-05-12 08:17:29,buy,limit,3.5,65,0.104,18.57142857
XXLMZEUR,2019-05-12 08:22:59,buy,limit,0.09,60,0.096,666.6666667
XTZEUR,2019-05-15 08:04:32,sell,limit,1.44,17.6328,0.028212,12.245
XTZEUR,2019-05-15 08:05:38,sell,limit,1.44,54.3672,0.086988,37.755
XLTCZEUR,2019-05-15 10:34:02,sell,limit,85,85,0.136,1
BCHEUR,2019-05-19 20:30:16,sell,limit,375,47.25,0.0756,0.126
BCHEUR,2019-05-19 20:30:33,sell,limit,375,46.5,0.0744,0.124
EOSEUR,2019-05-19 21:01:53,sell,limit,5.7,64.343243,0.102949,11.28828828
EOSEUR,2019-05-19 21:08:23,sell,limit,5.7,106.656757,0.170651,18.71171172
XXBTZEUR,2019-05-19 22:34:34,sell,limit,7250,181.25,0.29,0.025
EOSEUR,2019-05-27 22:44:22,sell,limit,7,175,0.28,25
ADAEUR,2019-05-28 17:33:32,sell,limit,0.082,82,0.1312,1000
XXBTZEUR,2019-05-30 15:57:39,sell,limit,8000,160,0.256,0.02
XXRPZEUR,2019-06-03 23:23:46,buy,limit,0.38,80,0.128,210.5263158
XTZEUR,2019-06-05 15:51:14,buy,limit,1,50,0.08,50
XXBTZEUR,2019-06-23 19:06:43,sell,limit,9500,95,0.152,0.01
XTZEUR,2019-06-25 22:31:19,buy,limit,0.92,80,0.128,86.95652173
XXBTZEUR,2019-06-26 06:11:07,sell,limit,11100,111,0.1776,0.01
EOSEUR,2019-07-01 14:59:07,buy,limit,4.95,80,0.128,16.16161616
XXBTZEUR,2019-07-01 15:01:03,buy,limit,9000,90,0.144,0.01
XTZEUR,2019-07-03 19:05:05,sell,limit,1.1,110,0.176,100
ADAEUR,2019-07-06 22:12:06,buy,limit,0.069,70,0.112,1014.492754
XXBTZEUR,2019-07-10 01:28:32,sell,limit,11500,115,0.184,0.01
ATOMEUR,2019-07-12 21:15:37,buy,limit,3.95,50,0.08,12.65822784
XXBTZEUR,2019-07-14 10:44:32,buy,limit,9500,79.99998,0.128,0.00842105
EOSEUR,2019-07-16 16:12:57,buy,limit,3.6,70,0.112,19.44444444
ADAEUR,2019-07-23 08:58:27,buy,limit,0.05,51,0.0816,1020
XTZEUR,2019-08-01 20:41:20,sell,limit,1.3,65,0.104,50
XTZEUR,2019-08-15 03:53:35,buy,limit,1,50,0.08,50
BCHEUR,2019-08-15 06:19:54,buy,limit,250,50,0.08,0.2
ATOMEUR,2019-08-22 14:41:04,buy,limit,2.39,54.97,0.087952,23
XLTCZEUR,2019-09-06 17:40:33,buy,limit,60,60,0.096,1
XXBTZEUR,2019-09-29 12:38:27,buy,limit,7250,49.99999,0.08,0.00689655
XTZEUR,2019-09-29 15:20:37,buy,limit,0.8,50,0.08,62.5
LINKEUR,2019-11-03 04:54:12,buy,limit,2.4,50,0.08,20.83333333
XTZEUR,2019-11-07 21:28:29,sell,limit,1.12,76.16,0.121856,68
XXRPZEUR,2019-11-08 13:25:19,buy,limit,0.25,50,0.08,200
XXBTZEUR,2019-11-11 04:31:44,buy,limit,8000,50,0.08,0.00625
XXBTZEUR,2019-11-22 10:04:11,buy,limit,6500,49.99995,0.08,0.0076923
XTZEUR,2019-12-12 15:34:28,sell,limit,1.5,75,0.12,50
LINKEUR,2019-12-14 16:01:43,buy,limit,1.8,50,0.08,27.77777777
ATOMEUR,2019-12-27 03:27:33,sell,limit,4.25,68.25837,0.109213,16.060793
ATOMEUR,2019-12-27 03:27:41,sell,limit,4.25,37.99163,0.060787,8.939207
XTZEUR,2019-12-29 14:47:49,buy,limit,1.15,51.75,0.0828,45
EOSEUR,2020-01-02 16:46:03,buy,limit,2.25,54,0.0864,24
LINKEUR,2020-01-17 09:02:58,sell,limit,2.5,60,0.096,24
ALGOEUR,2020-02-05 05:00:11,buy,limit,0.25,50,0.08,200
XTZEUR,2020-02-09 16:29:42,sell,limit,2.45,98,0.1568,40
EOSEUR,2020-02-12 07:28:12,sell,limit,5,150,0.24,30
XDGEUR,2020-02-16 13:32:58,buy,limit,0.0026,26,0.0416,10000
XXBTZEUR,2020-02-18 09:08:15,buy,limit,9000,49.99995,0.08,0.00555555
EOSEUR,2020-02-19 21:51:16,buy,limit,3.5,49,0.0784,14
XTZEUR,2020-02-24 06:55:29,buy,limit,3,50,0.08,16.66666666
ALGOEUR,2020-02-24 19:24:19,sell,limit,0.45,45,0.072,100
ALGOEUR,2020-02-25 20:44:35,buy,limit,0.35,50,0.08,142.8571429
ATOMEUR,2020-02-26 02:13:53,buy,limit,3.5,52.5,0.084,15
BATEUR,2020-03-07 18:03:01,buy,limit,0.2,50,0.08,250
TRXEUR,2020-03-08 00:30:56,buy,limit,0.015,21.7416089,0.0347866,1449.440591
TRXEUR,2020-03-08 00:31:00,buy,limit,0.015,28.2533911,0.0452054,1883.559409
LINKEUR,2020-03-12 20:02:26,buy,limit,2.3,59.8,0.09568,26
XTZEUR,2020-03-12 20:21:57,buy,limit,1.5,39.43899,0.063102,26.29266015
XTZEUR,2020-03-12 20:21:57,buy,limit,1.5,20.56101,0.032898,13.70733985
XXBTZEUR,2020-03-14 01:06:55,buy,limit,4900,38.5628,0.0617,0.00786996
XXBTZEUR,2020-03-14 01:06:55,buy,limit,4900,17.43719,0.0279,0.00355861
XXBTZEUR,2020-05-10 16:35:19,buy,limit,7900,48.99999,0.0784,0.00620253
LINKEUR,2020-06-01 04:24:57,sell,limit,4,100,0.16,25
ADAEUR,2020-06-04 02:09:26,sell,limit,0.08,120,0.192,1500
ADAEUR,2020-06-11 15:08:47,buy,limit,0.07,55,0.088,785.7142857
LINKEUR,2020-06-11 22:51:29,buy,limit,3.5,50,0.08,14.28571428
XXBTZEUR,2020-07-02 16:40:48,buy,limit,8000,50,0.08,0.00625
ADAEUR,2020-07-07 22:04:04,sell,limit,0.102,81.6,0.13056,800
LINKEUR,2020-07-14 16:43:56,sell,limit,6.9,103.5,0.1656,15
LINKEUR,2020-07-27 01:37:26,buy,limit,6.2,50,0.08,8.06451612
LINKEUR,2020-08-08 19:36:45,sell,limit,11.25,22.5,0.036,2
LINKEUR,2020-08-08 19:36:45,sell,limit,11.25,22.5,0.036,2
LINKEUR,2020-08-08 19:36:45,sell,limit,11.25,67.5,0.108,6
XTZEUR,2020-08-09 09:37:17,sell,limit,3,150,0.24,50
ATOMEUR,2020-08-12 19:19:50,sell,limit,5,100,0.16,20
ALGOEUR,2020-08-13 06:26:43,sell,limit,0.455,45.5,0.0728,100
ATOMEUR,2020-08-25 00:01:10,sell,limit,7,105,0.168,15
DOTEUR,2020-08-27 15:20:56,buy,limit,5,50,0.08,10
TRXEUR,2020-09-01 21:38:51,sell,limit,0.03,39,0.0624,1300
XTZEUR,2020-09-03 06:08:40,buy,limit,2.5,50,0.08,20
ATOMEUR,2020-09-03 12:12:19,buy,limit,5,50,0.08,10
LINKEUR,2020-09-03 12:26:46,buy,limit,11,50.05,0.08008,4.55
DOTEUR,2020-09-05 17:34:55,buy,limit,3.6,50,0.08,13.88888888
XXRPZEUR,2020-09-05 18:51:41,buy,limit,0.2,50,0.08,250
LINKEUR,2020-09-05 18:54:40,buy,limit,8,50,0.08,6.25
ADAEUR,2020-09-21 10:00:02,buy,limit,0.07,50.05,0.08008,715
ALGOEUR,2020-09-21 11:40:25,buy,limit,0.25,50,0.08,200
TRXEUR,2020-09-21 16:21:59,buy,limit,0.021,52.5,0.084,2500
ATOMEUR,2020-10-07 01:38:46,buy,limit,3.9,50,0.08,12.82051282
XXBTZEUR,2020-10-21 13:37:29,sell,limit,10500,157.5,0.252,0.015
UNIEUR,2020-10-24 21:51:39,buy,limit,2.5,50,0.08,20
XTZEUR,2020-10-30 03:56:12,buy,limit,1.6,50,0.08,31.25
XXBTZEUR,2020-11-05 22:22:37,sell,limit,13000,130,0.208,0.01
LINKEUR,2020-11-07 02:07:34,sell,limit,11,143,0.2288,13
FILEUR,2020-11-08 00:06:09,buy,limit,25,50,0.08,2
UNIEUR,2020-11-15 10:04:08,sell,limit,3.5,31.5,0.0504,9
XXBTZEUR,2020-11-20 14:34:37,sell,limit,15500,155,0.248,0.01
ADAEUR,2020-11-20 23:37:19,sell,limit,0.1,100,0.16,1000
EOSEUR,2020-11-21 04:08:46,buy,limit,2.3,50.14,0.080224,21.8
XXRPZEUR,2020-11-23 14:21:43,sell,limit,0.45,225,0.36,500
XXLMZEUR,2020-11-24 04:38:11,sell,limit,0.15,150,0.24,1000
TRXEUR,2020-11-24 04:44:52,sell,limit,0.03,60,0.096,2000
UNIEUR,2020-11-26 03:38:12,buy,limit,2.7,51.3,0.08208,19
ADAEUR,2020-11-28 23:15:31,sell,limit,0.14,102.9,0.16464,735
XXRPZEUR,2020-11-30 23:31:23,sell,limit,0.56,168,0.2688,300
XXRPZEUR,2020-12-12 00:01:07,buy,limit,0.4,50,0.08,125
XETHZEUR,2020-12-16 16:34:09,sell,limit,515,15.33538,0.02454,0.02977744
XETHZEUR,2020-12-16 16:34:09,sell,limit,515,149.46462,0.23914,0.29022256
XXBTZEUR,2020-12-17 08:13:44,sell,limit,18500,185,0.296,0.01
XXRPZEUR,2020-12-17 16:02:04,sell,limit,0.5,100,0.16,200
XLTCZEUR,2020-12-18 02:06:33,sell,limit,90,135,0.216,1.5
XXRPZEUR,2020-12-22 21:40:27,buy,limit,0.35,50,0.08,142.8571429
XXLMZEUR,2020-12-23 22:18:35,buy,limit,0.1,50,0.08,500
LINKEUR,2020-12-23 22:20:42,buy,limit,8,56,0.0896,7
TRXEUR,2020-12-23 22:22:21,buy,limit,0.02,50,0.08,2500
XXBTZEUR,2020-12-27 06:01:03,sell,limit,22000,176,0.2816,0.008
FILEUR,2020-12-28 22:21:03,buy,limit,18,20.00866,0.03201,1.11159195
FILEUR,2020-12-28 22:21:06,buy,limit,18,15.99134,0.02559,0.88840805
XXRPZEUR,2020-12-28 22:47:11,buy,limit,0.2,50,0.08,250
DOTEUR,2020-12-29 12:38:15,sell,limit,5.5,55,0.088,10
XXRPZEUR,2020-12-29 15:21:00,buy,limit,0.155,50,0.08,322.5806452
UNIEUR,2020-12-30 17:55:03,sell,limit,3.5,52.5,0.084,15
XDGEUR,2021-01-01 03:47:01,sell,limit,0.004,20,0.032,5000
XXBTZEUR,2021-01-03 06:06:10,sell,limit,27000,160.38,0.25661,0.00594
XETHZEUR,2021-01-03 16:00:43,sell,limit,730,115.6539,0.18505,0.15843
LINKEUR,2021-01-03 23:41:49,sell,limit,11,110,0.176,10
ADAEUR,2021-01-04 00:21:18,sell,limit,0.17,85,0.136,500
ALGOEUR,2021-01-05 13:34:10,sell,limit,0.4,60,0.096,150
DOTEUR,2021-01-05 21:10:05,sell,limit,8.1,55.80001,0.08928,6.88889
UNIEUR,2021-01-05 21:39:41,sell,limit,5.3,37.1,0.05936,7
XLTCZEUR,2021-01-05 22:24:11,sell,limit,130,65.52,0.10483,0.504
XETHZEUR,2021-01-05 22:38:33,sell,limit,900,135,0.216,0.15
XXLMZEUR,2021-01-06 06:27:02,sell,limit,0.185,156.14,0.249824,844
XXLMZEUR,2021-01-06 10:55:15,sell,limit,0.23,115,0.184,500
ADAEUR,2021-01-06 22:54:00,sell,limit,0.27,54,0.0864,200
LINKEUR,2021-01-07 00:00:05,sell,limit,14,112,0.1792,8
XXRPZEUR,2021-01-07 04:32:19,sell,limit,0.25,100,0.16,400
BCHEUR,2021-01-10 05:09:21,sell,limit,500,175,0.28,0.35
DOTEUR,2021-01-11 03:38:00,buy,limit,6,60,0.096,10
BCHEUR,2021-01-11 14:06:18,buy,limit,370,51.8,0.08288,0.14
DOTEUR,2021-01-13 16:00:55,sell,limit,8,64,0.1024,8
ATOMEUR,2021-01-15 01:14:59,sell,limit,6,120,0.192,20
DOTEUR,2021-01-16 00:31:46,sell,limit,12,48,0.0768,4
LINKEUR,2021-01-17 19:45:03,sell,limit,19,76,0.1216,4
UNIEUR,2021-01-18 09:33:29,sell,limit,8,32,0.0512,4
ATOMEUR,2021-01-18 20:00:24,sell,limit,8,6.093455,0.00975,0.76168193
ATOMEUR,2021-01-18 20:00:24,sell,limit,8,73.906545,0.11825,9.23831807
ATOMEUR,2021-01-21 22:26:22,buy,limit,6,48,0.0768,8
XXBTZEUR,2021-01-21 22:27:05,buy,limit,25000,50,0.08,0.002
LINKEUR,2021-01-21 22:30:13,buy,limit,15,60,0.096,4
UNIEUR,2021-01-22 00:23:05,buy,limit,6,54,0.0864,9
LINKEUR,2021-01-23 06:12:25,sell,limit,19.5,78,0.1248,4
BATEUR,2021-01-23 07:41:28,sell,limit,0.3,30,0.048,100
UNIEUR,2021-01-24 10:56:23,sell,limit,8.5,51,0.0816,6
XETHZEUR,2021-01-25 00:49:20,sell,limit,1200,108,0.1728,0.09
ALGOEUR,2021-01-25 10:51:48,sell,limit,0.51,47.357141,0.075771,92.85714
UNIEUR,2021-01-26 17:05:42,sell,limit,11,33,0.0528,3
XDGEUR,2021-01-28 21:47:18,sell,limit,0.02,60,0.096,3000
XXLMZEUR,2021-01-29 04:56:01,sell,limit,0.3,105,0.168,350
TRXEUR,2021-01-29 13:43:10,sell,limit,0.03,60,0.096,2000
XXRPZEUR,2021-01-30 16:07:32,sell,limit,0.35,105,0.168,300
XXRPZEUR,2021-02-01 03:23:12,sell,limit,0.43,99.76,0.159616,232
XXRPZEUR,2021-02-01 13:43:47,buy,limit,0.35,50.05,0.08008,143
ADAEUR,2021-02-03 16:16:03,sell,limit,0.37,55.576605,0.088923,150.20704
ATOMEUR,2021-02-05 03:39:25,sell,limit,8,80,0.128,10
XXBTZEUR,2021-02-06 09:09:20,sell,limit,33000,99,0.1584,0.003
AAVEEUR,2021-02-07 04:46:34,buy,limit,360,50.4,0.08064,0.14
ADAEUR,2021-02-07 05:52:47,sell,limit,0.55,41.25,0.066,75
ALGOEUR,2021-02-07 08:52:26,sell,limit,0.71,35.5,0.0568,50
ATOMEUR,2021-02-07 09:11:26,sell,limit,11,77,0.1232,7
DOTEUR,2021-02-08 10:45:36,sell,limit,18,36,0.0576,2
XETHZEUR,2021-02-09 09:12:19,sell,limit,1500,90,0.144,0.06
FILEUR,2021-02-09 11:13:28,sell,limit,27,54,0.0864,2
TRXEUR,2021-02-09 14:51:30,sell,limit,0.04,41.32,0.066112,1033
XTZEUR,2021-02-09 15:33:04,sell,limit,3,120,0.192,40
XXBTZEUR,2021-02-12 00:11:08,sell,limit,40000,100,0.16,0.0025
XXRPZEUR,2021-02-12 02:34:12,sell,limit,0.45,99.9,0.15984,222
XTZEUR,2021-02-12 13:49:18,sell,limit,3.8,98.8,0.15808,26
LINKEUR,2021-02-12 16:10:58,sell,limit,24,66.27216,0.106035,2.76134
XXLMZEUR,2021-02-12 16:52:32,sell,limit,0.4,100,0.16,250
XLTCZEUR,2021-02-13 00:05:22,sell,limit,165,66,0.1056,0.4
BATEUR,2021-02-13 04:24:35,sell,limit,0.55,38.5,0.0616,70
DASHEUR,2021-02-13 08:36:56,sell,limit,170,102,0.1632,0.6
BCHEUR,2021-02-13 16:46:50,sell,limit,500,100,0.16,0.2
ATOMEUR,2021-02-15 17:24:36,sell,limit,18,72,0.1152,4
DASHEUR,2021-02-18 12:46:43,sell,limit,240,72,0.1152,0.3
DOTEUR,2021-02-19 12:06:39,sell,limit,28,28,0.0448,1
XXBTZEUR,2021-02-21 19:07:17,sell,limit,48000,192,0.3072,0.004
XXMRZEUR,2021-02-22 09:37:45,buy,limit,190,51.3,0.08208,0.27
DOTEUR,2021-02-22 14:14:18,buy,limit,26,52,0.0832,2
XXBTZEUR,2021-02-22 14:16:58,buy,limit,40000,50,0.08,0.00125
ATOMEUR,2021-02-22 14:17:16,buy,limit,14,31.941484,0.051106,2.28153457
ATOMEUR,2021-02-22 14:17:16,buy,limit,14,0.082833,0.000133,0.00591661
ATOMEUR,2021-02-22 14:17:16,buy,limit,14,0.000215,0,0.00001534
ATOMEUR,2021-02-22 14:17:34,buy,limit,14,18.095469,0.028953,1.29253348
XTZEUR,2021-02-22 14:18:31,buy,limit,3,48.9,0.07824,16.3
LINKEUR,2021-02-22 14:20:00,buy,limit,18,54,0.0864,3
BCHEUR,2021-02-22 14:21:53,buy,limit,400,50,0.08,0.125
XETHZEUR,2021-02-22 14:23:20,buy,limit,1000,50,0.08,0.05
ATOMEUR,2021-02-23 00:49:00,sell,limit,18,49.46076,0.079137,2.74782
SNXEUR,2021-02-23 02:34:08,buy,limit,16,50,0.08,3.125
AAVEEUR,2021-02-23 04:38:11,buy,limit,290,49.3,0.07888,0.17
XXLMZEUR,2021-02-23 08:55:21,buy,limit,0.3,50.1,0.08016,167
BATEUR,2021-02-23 08:57:28,buy,limit,0.35,35,0.056,100
XXRPZEUR,2021-02-23 08:59:16,buy,limit,0.35,50.05,0.08008,143
XXMRZEUR,2021-02-23 08:59:39,buy,limit,150,49.5,0.0792,0.33
DASHEUR,2021-02-23 09:08:56,buy,limit,170,51,0.0816,0.3
UNIEUR,2021-02-23 09:09:48,buy,limit,16,50,0.08,3.125
LINKEUR,2021-02-24 17:09:10,sell,limit,24,72,0.1152,3
UNIEUR,2021-02-24 21:56:10,sell,limit,20,62.5,0.1,3.125
XETHZEUR,2021-02-25 13:00:15,sell,limit,1350,94.5,0.1512,0.07
ATOMEUR,2021-02-26 00:31:50,buy,limit,14,50.4,0.08064,3.6
ADAEUR,2021-02-26 05:40:07,buy,limit,0.85,51,0.0816,60
ADAEUR,2021-02-26 19:03:59,sell,limit,1.05,68.25,0.1092,65
BATEUR,2021-02-27 01:36:37,sell,limit,0.46,41.4,0.06624,90
XXLMZEUR,2021-02-27 12:14:03,sell,limit,0.37,99.9,0.15984,270
ATOMEUR,2021-03-03 22:53:14,sell,limit,18,54,0.0864,3
UNIEUR,2021-03-07 02:02:21,sell,limit,25,50,0.08,2
AAVEEUR,2021-03-08 19:42:17,sell,limit,360,54,0.0864,0.15
XTZEUR,2021-03-09 01:45:31,sell,limit,3.8,91.2,0.14592,24
DOTEUR,2021-03-09 20:59:04,sell,limit,32,51.2,0.08192,1.6
DASHEUR,2021-03-10 00:43:24,sell,limit,210,73.815,0.118104,0.3515
XXBTZEUR,2021-03-10 19:15:06,sell,limit,48000,96,0.1536,0.002
ADAEUR,2021-03-13 00:07:09,buy,limit,0.85,74.8,0.11968,88
FILEUR,2021-03-13 16:15:39,sell,limit,43,43,0.0688,1
XXRPZEUR,2021-03-16 06:30:25,sell,limit,0.42,84,0.1344,200
ADAEUR,2021-03-16 17:38:28,sell,limit,1.05,94.5,0.1512,90
BATEUR,2021-03-16 18:30:48,sell,limit,0.75,37.5,0.06,50
XXMRZEUR,2021-03-16 19:39:29,sell,limit,190,57,0.0912,0.3
TRXEUR,2021-03-17 04:02:34,sell,limit,0.045,36,0.0576,800
XDGEUR,2021-03-19 08:21:54,sell,limit,0.049,49,0.0784,1000
EOSEUR,2021-03-20 10:53:52,sell,limit,3.7,111,0.1776,30
SCEUR,2021-03-20 23:44:55,buy,limit,0.02,40,0.064,2000
TRXEUR,2021-03-21 20:46:01,sell,limit,0.054,27,0.0432,500
GRTEUR,2021-03-22 00:53:29,buy,limit,1.4,49,0.0784,35
AAVEEUR,2021-03-22 20:46:03,buy,limit,290,72.5,0.116,0.25
FILEUR,2021-03-24 16:07:01,sell,limit,79,39.5,0.0632,0.5
BATEUR,2021-03-24 17:14:06,buy,limit,0.9,31.5,0.0504,35
DASHEUR,2021-03-24 20:28:47,buy,limit,170,51,0.0816,0.3
DOTEUR,2021-03-24 22:20:38,buy,limit,25,75,0.12,3
XXLMZEUR,2021-03-24 22:25:32,buy,limit,0.3,49.8,0.07968,166
SCEUR,2021-03-25 12:36:55,buy,limit,0.015,45,0.072,3000
SCEUR,2021-03-26 21:55:12,sell,limit,0.018,45,0.072,2500
DOTEUR,2021-03-31 11:28:03,sell,limit,31,74.4,0.11904,2.4
XETHZEUR,2021-03-31 18:49:11,sell,limit,1610,96.6,0.15456,0.06
FILEUR,2021-03-31 22:22:58,sell,limit,165,49.5,0.0792,0.3
EOSEUR,2021-04-01 17:14:13,sell,limit,4.5,90,0.144,20
FILEUR,2021-04-01 17:53:07,buy,limit,150,75,0.12,0.5
XXLMZEUR,2021-04-01 21:01:56,sell,limit,0.36,75.24,0.120384,209
DASHEUR,2021-04-02 10:06:35,sell,limit,205,73.8,0.11808,0.36
BATEUR,2021-04-02 14:39:45,sell,limit,1.08,43.2,0.06912,40
AAVEEUR,2021-04-02 15:33:37,sell,limit,350,73.5,0.1176,0.21
XXRPZEUR,2021-04-02 16:28:37,sell,limit,0.51,70.89,0.113424,139
EOSEUR,2021-04-03 00:03:49,sell,limit,5.4,86.4,0.13824,16
DOTEUR,2021-04-03 01:20:46,sell,limit,37.5,56.25,0.09,1.5
XXMRZEUR,2021-04-04 14:59:35,sell,limit,230,46,0.0736,0.2
BCHEUR,2021-04-05 12:34:19,sell,limit,525,94.5,0.1512,0.18
XXRPZEUR,2021-04-05 14:40:35,sell,limit,0.62,46.5,0.0744,75
XTZEUR,2021-04-05 16:09:07,sell,limit,4.6,73.6,0.11776,16
XXLMZEUR,2021-04-05 16:36:00,sell,limit,0.43,92.40184,0.14784294,214.888
XTZEUR,2021-04-06 10:38:39,sell,limit,5.5,55,0.088,10
XLTCZEUR,2021-04-06 12:08:31,sell,limit,200,50,0.08,0.25
DASHEUR,2021-04-07 05:55:35,sell,limit,245,53.9,0.08624,0.22
FILEUR,2021-04-07 09:11:51,buy,limit,120,60,0.096,0.5
DASHEUR,2021-04-07 11:32:37,buy,limit,210,4.409423,0.007055,0.02099725
DASHEUR,2021-04-07 11:32:39,buy,limit,210,69.090578,0.110545,0.32900275
AAVEEUR,2021-04-07 11:33:24,buy,limit,290,72.5,0.116,0.25